TABLE_SCHEMA,TABLE_NAME,ORDINAL_POSITION,COLUMN_NAME,COLUMN_TYPE,IS_NULLABLE,COLUMN_KEY,COLUMN_COMMENT
financedata,aequfropleinforepperend,1,OBJECT_ID,varchar(100),NO,PRI,
financedata,aequfropleinforepperend,2,S_INFO_WINDCODE,varchar(40),YES,MUL,
financedata,aequfropleinforepperend,3,S_INFO_COMPCODE,varchar(10),YES,MUL,
financedata,aequfropleinforepperend,4,PRICE_DATE,varchar(8),YES,MUL,
financedata,aequfropleinforepperend,5,F_NAV_UNIT,varchar(8),YES,,
financedata,aequfropleinforepperend,6,F_NAV_ACCUMULATED,varchar(200),YES,,
financedata,aequfropleinforepperend,7,F_NAV_DIVACCUMULATED,"decimal(20,4)",YES,,
financedata,aequfropleinforepperend,8,F_NAV_ADJFACTOR,"decimal(20,4)",YES,,
financedata,aequfropleinforepperend,9,CRNCY_CODE,"decimal(20,4)",YES,,
financedata,aequfropleinforepperend,10,F_NAV_ADJUSTED,varchar(400),YES,,
financedata,aequfropleinforepperend,11,S_PLEDGE_SHARES,"decimal(20,4)",YES,,
financedata,aequfropleinforepperend,12,S_FRO_SHARES,"decimal(20,4)",YES,,
financedata,aequfropleinforepperend,13,S_HOLDER_CODE,varchar(10),YES,,
financedata,aequfropleinforepperend,14,OPDATE,date,YES,MUL,
financedata,aequfropleinforepperend,15,OPMODE,varchar(1),YES,,
financedata,aequfropleinforepperend,16,MEMO,varchar(1000),YES,,
financedata,aequfropleinforepperend,17,ANN_DT,varchar(8),YES,MUL,
financedata,aequfropleinforepperend,18,S_PLEDGE_FRO_RATIO,"decimal(20,4)",YES,,
financedata,aequfropleinforepperend,19,REPORT_PERIOD,varchar(8),YES,MUL,
financedata,aequfropleinforepperend,20,S_PLEDGE_FRO_SHARES,"decimal(20,4)",YES,,
financedata,aequfropleinforepperend,21,S_HOLDER_NAME,varchar(200),YES,,
financedata,aequfropleinforepperend,22,S_HOLDER_QUANTITY,"decimal(20,4)",YES,,
financedata,aindexconsensusdata,1,OBJECT_ID,varchar(38),NO,PRI,
financedata,aindexconsensusdata,2,S_INFO_WINDCODE,varchar(40),YES,MUL,
financedata,aindexconsensusdata,3,EST_DT,varchar(8),YES,MUL,
financedata,aindexconsensusdata,4,EST_REPORT_DT,varchar(8),YES,,
financedata,aindexconsensusdata,5,NET_PROFIT,"decimal(20,4)",YES,,
financedata,aindexconsensusdata,6,EST_EPS,"decimal(20,4)",YES,,
financedata,aindexconsensusdata,7,EST_PE,"decimal(20,4)",YES,,
financedata,aindexconsensusdata,8,EST_PEG,"decimal(20,4)",YES,,
financedata,aindexconsensusdata,9,EST_PB,"decimal(20,4)",YES,,
financedata,aindexconsensusdata,10,EST_ROE,"decimal(20,4)",YES,,
financedata,aindexconsensusdata,11,EST_OPER_REVENUE,"decimal(20,4)",YES,,
financedata,aindexconsensusdata,12,EST_CFPS,"decimal(20,4)",YES,,
financedata,aindexconsensusdata,13,EST_DPS,"decimal(20,4)",YES,,
financedata,aindexconsensusdata,14,EST_BPS,"decimal(20,4)",YES,,
financedata,aindexconsensusdata,15,EST_EBIT,"decimal(20,4)",YES,,
financedata,aindexconsensusdata,16,EST_EBITDA,"decimal(20,4)",YES,,
financedata,aindexconsensusdata,17,EST_TOTAL_PROFIT,"decimal(20,4)",YES,,
financedata,aindexconsensusdata,18,EST_OPER_PROFIT,"decimal(20,4)",YES,,
financedata,aindexconsensusdata,19,EST_OPER_COST,"decimal(20,4)",YES,,
financedata,aindexconsensusdata,20,EST_SHR,"decimal(20,4)",YES,,
financedata,aindexconsensusdata,21,TYPE1,varchar(10),YES,,
financedata,aindexconsensusdata,22,OPDATE,date,YES,MUL,
financedata,aindexconsensusdata,23,OPMODE,varchar(1),YES,,
financedata,aindexconsensusrollingdata,1,OBJECT_ID,varchar(100),NO,PRI,
financedata,aindexconsensusrollingdata,2,S_INFO_WINDCODE,varchar(40),YES,MUL,
financedata,aindexconsensusrollingdata,3,EST_DT,varchar(8),YES,MUL,
financedata,aindexconsensusrollingdata,4,ROLLING_TYPE,varchar(10),YES,MUL,
financedata,aindexconsensusrollingdata,5,NET_PROFIT,"decimal(20,4)",YES,,
financedata,aindexconsensusrollingdata,6,EST_EPS,"decimal(20,4)",YES,,
financedata,aindexconsensusrollingdata,7,EST_PE,"decimal(20,4)",YES,,
financedata,aindexconsensusrollingdata,8,EST_PEG,"decimal(20,4)",YES,,
financedata,aindexconsensusrollingdata,9,EST_,"decimal(20,4)",YES,,
financedata,aindexconsensusrollingdata,10,EST_ROE,"decimal(20,4)",YES,,
financedata,aindexconsensusrollingdata,11,EST_OPER_REVENUE,"decimal(20,4)",YES,,
financedata,aindexconsensusrollingdata,12,EST_CFPS,"decimal(20,4)",YES,,
financedata,aindexconsensusrollingdata,13,EST_DPS,"decimal(20,4)",YES,,
financedata,aindexconsensusrollingdata,14,EST_BPS,"decimal(20,4)",YES,,
financedata,aindexconsensusrollingdata,15,EST_EBIT,"decimal(20,4)",YES,,
financedata,aindexconsensusrollingdata,16,EST_EBITDA,"decimal(20,4)",YES,,
financedata,aindexconsensusrollingdata,17,EST_TOTAL_PROFIT,"decimal(20,4)",YES,,
financedata,aindexconsensusrollingdata,18,EST_OPER_PROFIT,"decimal(20,4)",YES,,
financedata,aindexconsensusrollingdata,19,EST_OPER_COST,"decimal(20,4)",YES,,
financedata,aindexconsensusrollingdata,20,BENCHMARK_YR,varchar(8),YES,,
financedata,aindexconsensusrollingdata,21,OPDATE,date,YES,MUL,
financedata,aindexconsensusrollingdata,22,OPMODE,varchar(1),YES,,
financedata,aindexdescription,1,OBJECT_ID,varchar(100),NO,PRI,
financedata,aindexdescription,2,S_INFO_WINDCODE,varchar(40),YES,MUL,
financedata,aindexdescription,3,S_INFO_CODE,varchar(40),YES,,
financedata,aindexdescription,4,S_INFO_NAME,varchar(90),YES,MUL,
financedata,aindexdescription,5,S_INFO_COMPNAME,varchar(100),YES,,
financedata,aindexdescription,6,S_INFO_EXCHMARKET,varchar(40),YES,,
financedata,aindexdescription,7,S_INFO_INDEX_BASEPER,varchar(8),YES,,
financedata,aindexdescription,8,S_INFO_INDEX_BASEPT,"decimal(20,4)",YES,,
financedata,aindexdescription,9,S_INFO_LISTDATE,varchar(8),YES,,
financedata,aindexdescription,10,S_INFO_INDEX_WEIGHTSRULE,varchar(10),YES,,
financedata,aindexdescription,11,S_INFO_PUBLISHER,varchar(100),YES,,
financedata,aindexdescription,12,S_INFO_INDEXCODE,"decimal(9,0)",YES,MUL,
financedata,aindexdescription,13,S_INFO_INDEXSTYLE,varchar(40),YES,,
financedata,aindexdescription,14,INDEX_INTRO,longtext,YES,,
financedata,aindexdescription,15,WEIGHT_TYPE,"decimal(9,0)",YES,,
financedata,aindexdescription,16,EXPIRE_DATE,varchar(8),YES,,
financedata,aindexdescription,17,INCOME_PROCESSING_METHOD,varchar(20),YES,,
financedata,aindexdescription,18,CHANGE_HISTORY,varchar(100),YES,,
financedata,aindexdescription,19,S_INFO_PINYIN,varchar(40),YES,,
financedata,aindexdescription,20,WEIGHT_TYPE_NAME,varchar(100),YES,,
financedata,aindexdescription,21,S_INFO_INDEXTYPE,varchar(40),YES,,
financedata,aindexdescription,22,OPDATE,date,YES,MUL,
financedata,aindexdescription,23,OPMODE,varchar(1),YES,,
financedata,aindexdescription,24,S_INFO_COMPENAME,varchar(200),YES,,
financedata,aindexdescription,25,MARKET_OWN_CODE,"decimal(9,0)",YES,,
financedata,aindexdescription,26,EXPONENTIAL_SCALE_CODE,"decimal(9,0)",YES,,
financedata,aindexdescription,27,INDEX_REGION_CODE,"decimal(9,0)",YES,,
financedata,aindexeodprices,1,OBJECT_ID,varchar(100),NO,PRI,
financedata,aindexeodprices,2,S_INFO_WINDCODE,varchar(40),YES,MUL,
financedata,aindexeodprices,3,TRADE_DT,varchar(8),YES,MUL,
financedata,aindexeodprices,4,CRNCY_CODE,varchar(10),YES,,
financedata,aindexeodprices,5,S_DQ_PRECLOSE,"decimal(20,4)",YES,,
financedata,aindexeodprices,6,S_DQ_OPEN,"decimal(20,4)",YES,,
financedata,aindexeodprices,7,S_DQ_HIGH,"decimal(20,4)",YES,,
financedata,aindexeodprices,8,S_DQ_LOW,"decimal(20,4)",YES,,
financedata,aindexeodprices,9,S_DQ_CLOSE,"decimal(20,4)",YES,,
financedata,aindexeodprices,10,S_DQ_CHANGE,"decimal(20,4)",YES,,
financedata,aindexeodprices,11,S_DQ_PCTCHANGE,"decimal(20,4)",YES,,
financedata,aindexeodprices,12,S_DQ_VOLUME,"decimal(20,4)",YES,,
financedata,aindexeodprices,13,S_DQ_AMOUNT,"decimal(20,4)",YES,,
financedata,aindexeodprices,14,SEC_ID,varchar(10),YES,,
financedata,aindexeodprices,15,OPDATE,date,YES,MUL,
financedata,aindexeodprices,16,OPMODE,varchar(1),YES,,
financedata,aindexfinancialderivative,1,OBJECT_ID,varchar(38),NO,PRI,
financedata,aindexfinancialderivative,2,S_INFO_WINDCODE,varchar(40),YES,MUL,
financedata,aindexfinancialderivative,3,REPORT_PERIOD,varchar(8),YES,MUL,
financedata,aindexfinancialderivative,4,INGREDIENT_NUM,"decimal(20,0)",YES,,
financedata,aindexfinancialderivative,5,LOSS_INGREDIENT_NUM,"decimal(20,0)",YES,,
financedata,aindexfinancialderivative,6,NET_PROFIT_TOT,"decimal(20,4)",YES,,
financedata,aindexfinancialderivative,7,OPER_REV,"decimal(20,4)",YES,,
financedata,aindexfinancialderivative,8,S_VAL_PCF_OCF,"decimal(20,4)",YES,,
financedata,aindexfinancialderivative,9,NET_INCR_CASH_CASH_EQU_TOT,"decimal(20,4)",YES,,
financedata,aindexfinancialderivative,10,TOTAL_ASSETS,"decimal(20,4)",YES,,
financedata,aindexfinancialderivative,11,TOTAL_NET_ASSETS,"decimal(20,4)",YES,,
financedata,aindexfinancialderivative,12,TOTAL_INVENTORY,"decimal(20,4)",YES,,
financedata,aindexfinancialderivative,13,TOTAL_ACCOUNTS_RECEIVABLE,"decimal(20,4)",YES,,
financedata,aindexfinancialderivative,14,ROE,"decimal(20,4)",YES,,
financedata,aindexfinancialderivative,15,ROA,"decimal(20,4)",YES,,
financedata,aindexfinancialderivative,16,NET_PROFIT_RATE,"decimal(20,4)",YES,,
financedata,aindexfinancialderivative,17,GROSS_PROFIT_MARGIN,"decimal(20,4)",YES,,
financedata,aindexfinancialderivative,18,ASSETS_LIABILITIES,"decimal(20,4)",YES,,
financedata,aindexfinancialderivative,19,PERIOD_EXPENSE_RATE,"decimal(20,4)",YES,,
financedata,aindexfinancialderivative,20,FINANCIAL_LEVERAGE,"decimal(20,4)",YES,,
financedata,aindexfinancialderivative,21,ASSET_TURNOVER,"decimal(20,4)",YES,,
financedata,aindexfinancialderivative,22,NET_ASSET_TURNOVER,"decimal(20,4)",YES,,
financedata,aindexfinancialderivative,23,S_FA_INVTURNDAYS,"decimal(20,4)",YES,,
financedata,aindexfinancialderivative,24,S_FA_ARTURNDAYS,"decimal(20,4)",YES,,
financedata,aindexfinancialderivative,25,NET_BUSINESS_CYCLE,"decimal(20,4)",YES,,
financedata,aindexfinancialderivative,26,NET_CASHFLOW_PROFIT,"decimal(20,4)",YES,,
financedata,aindexfinancialderivative,27,CASHFLOW_INCOME_RATIO,"decimal(20,4)",YES,,
financedata,aindexfinancialderivative,28,NET_PROFIT_TTM,"decimal(20,4)",YES,,
financedata,aindexfinancialderivative,29,OPER_REV_TTM,"decimal(20,4)",YES,,
financedata,aindexfinancialderivative,30,S_VAL_PCF_OCF_TTM,"decimal(20,4)",YES,,
financedata,aindexfinancialderivative,31,NET_INCR_CASH_CASH_EQU_TTM,"decimal(20,4)",YES,,
financedata,aindexfinancialderivative,32,ROE_TTM,"decimal(20,4)",YES,,
financedata,aindexfinancialderivative,33,ROA_TTM,"decimal(20,4)",YES,,
financedata,aindexfinancialderivative,34,NET_PROFIT_RATE_TTM,"decimal(20,4)",YES,,
financedata,aindexfinancialderivative,35,NET_PROFIT_GROWTH_RATE,"decimal(20,4)",YES,,
financedata,aindexfinancialderivative,36,NET_PROFIT_GROWTH_RATE_TTM,"decimal(20,4)",YES,,
financedata,aindexfinancialderivative,37,NET_PROFIT_GROWTH_RATE_QUA,"decimal(20,4)",YES,,
financedata,aindexfinancialderivative,38,NET_PROFIT_GROWTH_RATE_CHAIN,"decimal(20,4)",YES,,
financedata,aindexfinancialderivative,39,OPER_REV_GROWTH_RATE,"decimal(20,4)",YES,,
financedata,aindexfinancialderivative,40,OPER_REV_GROWTH_RATE_TTM,"decimal(20,4)",YES,,
financedata,aindexfinancialderivative,41,OPER_REV_GROWTH_RATE_QUA,"decimal(20,4)",YES,,
financedata,aindexfinancialderivative,42,OPER_REV_GROWTH_RATE_CHAIN,"decimal(20,4)",YES,,
financedata,aindexfinancialderivative,43,S_VAL_PCF_OCF_GROWTH_RATE,"decimal(20,4)",YES,,
financedata,aindexfinancialderivative,44,S_VAL_PCF_OCF_GROWTH_RATE_TTM,"decimal(20,4)",YES,,
financedata,aindexfinancialderivative,45,S_VAL_PCF_OCF_QUA,"decimal(20,4)",YES,,
financedata,aindexfinancialderivative,46,S_VAL_PCF_OCF_CHAIN,"decimal(20,4)",YES,,
financedata,aindexfinancialderivative,47,ROE_INCREASE_LESS,"decimal(20,4)",YES,,
financedata,aindexfinancialderivative,48,ROE_INCREASE_LESS_TTM,"decimal(20,4)",YES,,
financedata,aindexfinancialderivative,49,ROE_INCREASE_LESS_QUA,"decimal(20,4)",YES,,
financedata,aindexfinancialderivative,50,ROE_INCREASE_LESS_CHAIN,"decimal(20,4)",YES,,
financedata,aindexfinancialderivative,51,ROA_INCREASE_LESS,"decimal(20,4)",YES,,
financedata,aindexfinancialderivative,52,ROA_INCREASE_LESS_TTM,"decimal(20,4)",YES,,
financedata,aindexfinancialderivative,53,ROA_INCREASE_LESS_QUA,"decimal(20,4)",YES,,
financedata,aindexfinancialderivative,54,ROA_INCREASE_LESS_CHAIN,"decimal(20,4)",YES,,
financedata,aindexfinancialderivative,55,NET_PRO_RATE_INCREASE_LESS,"decimal(20,4)",YES,,
financedata,aindexfinancialderivative,56,NET_PRO_RATE_INC_LESS_TTM,"decimal(20,4)",YES,,
financedata,aindexfinancialderivative,57,NET_PRO_RATE_INC_LESS_QUA,"decimal(20,4)",YES,,
financedata,aindexfinancialderivative,58,NET_PRO_RATE_INC_LESS_CHAIN,"decimal(20,4)",YES,,
financedata,aindexfinancialderivative,59,GROSSPROFIT_MARGIN_INC_LESS,"decimal(20,4)",YES,,
financedata,aindexfinancialderivative,60,GROSS_MARGIN_INC_LESS_QUA,"decimal(20,4)",YES,,
financedata,aindexfinancialderivative,61,GROSS_MARGIN_INC_LESS_CHAIN,"decimal(20,4)",YES,,
financedata,aindexfinancialderivative,62,PERIOD_EXPENSE_INC_LESS,"decimal(20,4)",YES,,
financedata,aindexfinancialderivative,63,PERIOD_EXPENSE_INC_LESS_QUA,"decimal(20,4)",YES,,
financedata,aindexfinancialderivative,64,PERIOD_EXPENSE_INC_LESS_CHAIN,"decimal(20,4)",YES,,
financedata,aindexfinancialderivative,65,NET_ASSETS_GROWTH_RATE,"decimal(20,4)",YES,,
financedata,aindexfinancialderivative,66,ASSETS_GROWTH_RATE,"decimal(20,4)",YES,,
financedata,aindexfinancialderivative,67,STOCK_RATIO_GROWTH_RATE,"decimal(20,4)",YES,,
financedata,aindexfinancialderivative,68,ACCOUNTS_GROWTH_RATE,"decimal(20,4)",YES,,
financedata,aindexfinancialderivative,69,REPORT_TYPE_CODE,"decimal(9,0)",YES,,
financedata,aindexfinancialderivative,70,S_FA_CURRENT,"decimal(20,4)",YES,,
financedata,aindexfinancialderivative,71,S_FA_QUICK,"decimal(20,4)",YES,,
financedata,aindexfinancialderivative,72,SALES_EXPENSE_RATE,"decimal(20,4)",YES,,
financedata,aindexfinancialderivative,73,SALES_EXPENSE_RATE_QUA,"decimal(20,4)",YES,,
financedata,aindexfinancialderivative,74,PERIOD_EXPENSE_RATE_QUA,"decimal(20,4)",YES,,
financedata,aindexfinancialderivative,75,NET_PROFIT_RATE_QUA,"decimal(20,4)",YES,,
financedata,aindexfinancialderivative,76,PROFIT_RATE_QUA,"decimal(20,4)",YES,,
financedata,aindexfinancialderivative,77,ROE_QUA,"decimal(20,4)",YES,,
financedata,aindexfinancialderivative,78,ROA_QUA,"decimal(20,4)",YES,,
financedata,aindexfinancialderivative,79,OPER_COST_TOT,"decimal(20,4)",YES,,
financedata,aindexfinancialderivative,80,SELLING_DIST_EXP_TOT,"decimal(20,4)",YES,,
financedata,aindexfinancialderivative,81,GERL_ADMIN_EXP_TOT,"decimal(20,4)",YES,,
financedata,aindexfinancialderivative,82,FIN_EXP_TOT,"decimal(20,4)",YES,,
financedata,aindexfinancialderivative,83,IMPAIR_LOSS_ASSETS_TOT,"decimal(20,4)",YES,,
financedata,aindexfinancialderivative,84,NET_GAIN_CHG_FV_TOT,"decimal(20,4)",YES,,
financedata,aindexfinancialderivative,85,NET_INVEST_INC_TOT,"decimal(20,4)",YES,,
financedata,aindexfinancialderivative,86,OPER_PROFIT_TOT,"decimal(20,4)",YES,,
financedata,aindexfinancialderivative,87,NON_OPER_REV_TOT,"decimal(20,4)",YES,,
financedata,aindexfinancialderivative,88,NON_OPER_EXP_TOT,"decimal(20,4)",YES,,
financedata,aindexfinancialderivative,89,TOT_PROFIT,"decimal(20,4)",YES,,
financedata,aindexfinancialderivative,90,INC_TAX_TOT,"decimal(20,4)",YES,,
financedata,aindexfinancialderivative,91,NET_PROFIT_INCL_MIN_INT_INC,"decimal(20,4)",YES,,
financedata,aindexfinancialderivative,92,NET_AFTER_DED_NR_LP_CORRECT,"decimal(20,4)",YES,,
financedata,aindexfinancialderivative,93,S_FA_EXTRAORDINARY,"decimal(20,4)",YES,,
financedata,aindexfinancialderivative,94,S_FA_SALESCASHINTOOR,"decimal(20,4)",YES,,
financedata,aindexfinancialderivative,95,STOT_CASH_INFLOWS_OPER_TOT,"decimal(20,4)",YES,,
financedata,aindexfinancialderivative,96,CASH_PAY_GOODS_PURCH_SERV_REC,"decimal(20,4)",YES,,
financedata,aindexfinancialderivative,97,CASH_PAY_BEH_EMPL,"decimal(20,4)",YES,,
financedata,aindexfinancialderivative,98,STOT_CASH_OUTFLOWS_OPER_TOT,"decimal(20,4)",YES,,
financedata,aindexfinancialderivative,99,NET_CASH_RECP_DISP_FIOLTA,"decimal(20,4)",YES,,
financedata,aindexfinancialderivative,100,STOT_CASH_INFLOWS_INV_TOT,"decimal(20,4)",YES,,
financedata,aindexfinancialderivative,101,CASH_PAY_ACQ_CONST_FIOLTA,"decimal(20,4)",YES,,
financedata,aindexfinancialderivative,102,CASH_PAID_INVEST,"decimal(20,4)",YES,,
financedata,aindexfinancialderivative,103,CASH_PAID_INVEST_TOT,"decimal(20,4)",YES,,
financedata,aindexfinancialderivative,104,NET_CASH_FLOWS_INV_TOT,"decimal(20,4)",YES,,
financedata,aindexfinancialderivative,105,CASH_RECP_CAP_CONTRIB,"decimal(20,4)",YES,,
financedata,aindexfinancialderivative,106,CASH_RECP_BORROW,"decimal(20,4)",YES,,
financedata,aindexfinancialderivative,107,PROC_ISSUE_BONDS,"decimal(20,4)",YES,,
financedata,aindexfinancialderivative,108,STOT_CASH_INFLOWS_FNC_TOT,"decimal(20,4)",YES,,
financedata,aindexfinancialderivative,109,CASH_PREPAY_AMT_BORR,"decimal(20,4)",YES,,
financedata,aindexfinancialderivative,110,CASH_PAY_DIST_DPCP_INT_EXP,"decimal(20,4)",YES,,
financedata,aindexfinancialderivative,111,STOT_CASH_OUTFLOWS_FNC_TOT,"decimal(20,4)",YES,,
financedata,aindexfinancialderivative,112,NET_CASH_FLOWS_FNC_TOT,"decimal(20,4)",YES,,
financedata,aindexfinancialderivative,113,CASH_CASH_EQU_END_PERIOD,"decimal(20,4)",YES,,
financedata,aindexfinancialderivative,114,MONETARY_CAP,"decimal(20,4)",YES,,
financedata,aindexfinancialderivative,115,NOTES_RCV,"decimal(20,4)",YES,,
financedata,aindexfinancialderivative,116,ACCT_RCV,"decimal(20,4)",YES,,
financedata,aindexfinancialderivative,117,PREPAY,"decimal(20,4)",YES,,
financedata,aindexfinancialderivative,118,TOT_CUR_ASSETS,"decimal(20,4)",YES,,
financedata,aindexfinancialderivative,119,LONG_TERM_EQY_INVEST,"decimal(20,4)",YES,,
financedata,aindexfinancialderivative,120,INVEST_REAL_ESTATE,"decimal(20,4)",YES,,
financedata,aindexfinancialderivative,121,FIX_ASSETS,"decimal(20,4)",YES,,
financedata,aindexfinancialderivative,122,CONST_IN_PROG,"decimal(20,4)",YES,,
financedata,aindexfinancialderivative,123,TOT_NON_CUR_ASSETS,"decimal(20,4)",YES,,
financedata,aindexfinancialderivative,124,ST_BORROW,"decimal(20,4)",YES,,
financedata,aindexfinancialderivative,125,NOTES_PAYABLE,"decimal(20,4)",YES,,
financedata,aindexfinancialderivative,126,ACCT_PAYABLE,"decimal(20,4)",YES,,
financedata,aindexfinancialderivative,127,ADV_FROM_CUST,"decimal(20,4)",YES,,
financedata,aindexfinancialderivative,128,EMPL_BEN_PAYABLE,"decimal(20,4)",YES,,
financedata,aindexfinancialderivative,129,NON_CUR_LIAB_DUE_WITHIN_1Y,"decimal(20,4)",YES,,
financedata,aindexfinancialderivative,130,TOT_CUR_LIAB,"decimal(20,4)",YES,,
financedata,aindexfinancialderivative,131,LT_BORROW,"decimal(20,4)",YES,,
financedata,aindexfinancialderivative,132,BONDS_PAYABLE,"decimal(20,4)",YES,,
financedata,aindexfinancialderivative,133,TOT_NON_CUR_LIAB,"decimal(20,4)",YES,,
financedata,aindexfinancialderivative,134,PAID_UP_CAPITAL,"decimal(20,4)",YES,,
financedata,aindexfinancialderivative,135,CAP_RSRV,"decimal(20,4)",YES,,
financedata,aindexfinancialderivative,136,UNDISTRIBUTED_PROFIT,"decimal(20,4)",YES,,
financedata,aindexfinancialderivative,137,OWNERS_EQUITY,"decimal(20,4)",YES,,
financedata,aindexfinancialderivative,138,OPDATE,date,YES,MUL,
financedata,aindexfinancialderivative,139,OPMODE,varchar(1),YES,,
financedata,aindexhs300closeweight,1,OBJECT_ID,varchar(100),NO,PRI,
financedata,aindexhs300closeweight,2,S_INFO_WINDCODE,varchar(40),YES,MUL,
financedata,aindexhs300closeweight,3,S_CON_WINDCODE,varchar(40),YES,MUL,
financedata,aindexhs300closeweight,4,TRADE_DT,varchar(10),YES,MUL,
financedata,aindexhs300closeweight,5,I_WEIGHT,"decimal(20,4)",YES,,
financedata,aindexhs300closeweight,6,S_IN_INDEX,"decimal(20,2)",YES,,
financedata,aindexhs300closeweight,7,I_WEIGHT_11,"decimal(20,2)",YES,,
financedata,aindexhs300closeweight,8,I_WEIGHT_12,varchar(2),YES,,
financedata,aindexhs300closeweight,9,I_WEIGHT_14,"decimal(20,8)",YES,,
financedata,aindexhs300closeweight,10,I_WEIGHT_15,"decimal(20,4)",YES,,
financedata,aindexhs300closeweight,11,I_WEIGHT_16,varchar(2),YES,,
financedata,aindexhs300closeweight,12,I_WEIGHT_17,"decimal(20,2)",YES,,
financedata,aindexhs300closeweight,13,I_WEIGHT_18,"decimal(20,2)",YES,,
financedata,aindexhs300closeweight,14,OPDATE,date,YES,MUL,
financedata,aindexhs300closeweight,15,OPMODE,varchar(1),YES,,
financedata,aindexhs300freeweight,1,OBJECT_ID,varchar(100),NO,PRI,
financedata,aindexhs300freeweight,2,S_INFO_WINDCODE,varchar(40),YES,MUL,
financedata,aindexhs300freeweight,3,S_CON_WINDCODE,varchar(40),YES,MUL,
financedata,aindexhs300freeweight,4,TRADE_DT,varchar(8),YES,MUL,
financedata,aindexhs300freeweight,5,I_WEIGHT,"decimal(20,4)",YES,,
financedata,aindexhs300freeweight,6,OPDATE,date,YES,MUL,
financedata,aindexhs300freeweight,7,OPMODE,varchar(1),YES,,
financedata,aindexindustrieseodcitics,1,OBJECT_ID,varchar(100),NO,PRI,
financedata,aindexindustrieseodcitics,2,S_INFO_WINDCODE,varchar(40),YES,MUL,
financedata,aindexindustrieseodcitics,3,TRADE_DT,varchar(8),YES,MUL,
financedata,aindexindustrieseodcitics,4,CRNCY_CODE,varchar(10),YES,,
financedata,aindexindustrieseodcitics,5,S_DQ_PRECLOSE,"decimal(20,4)",YES,,
financedata,aindexindustrieseodcitics,6,S_DQ_OPEN,"decimal(20,4)",YES,,
financedata,aindexindustrieseodcitics,7,S_DQ_HIGH,"decimal(20,4)",YES,,
financedata,aindexindustrieseodcitics,8,S_DQ_LOW,"decimal(20,4)",YES,,
financedata,aindexindustrieseodcitics,9,S_DQ_CLOSE,"decimal(20,4)",YES,,
financedata,aindexindustrieseodcitics,10,S_DQ_CHANGE,"decimal(20,4)",YES,,
financedata,aindexindustrieseodcitics,11,S_DQ_PCTCHANGE,"decimal(20,4)",YES,,
financedata,aindexindustrieseodcitics,12,S_DQ_VOLUME,"decimal(20,4)",YES,,
financedata,aindexindustrieseodcitics,13,S_DQ_AMOUNT,"decimal(20,4)",YES,,
financedata,aindexindustrieseodcitics,14,OPDATE,date,YES,MUL,
financedata,aindexindustrieseodcitics,15,OPMODE,varchar(1),YES,,
financedata,aindexmembers,1,OBJECT_ID,varchar(100),NO,PRI,
financedata,aindexmembers,2,S_INFO_WINDCODE,varchar(40),YES,MUL,
financedata,aindexmembers,3,S_CON_WINDCODE,varchar(40),YES,MUL,
financedata,aindexmembers,4,S_CON_INDATE,varchar(8),YES,MUL,
financedata,aindexmembers,5,S_CON_OUTDATE,varchar(8),YES,,
financedata,aindexmembers,6,CUR_SIGN,"decimal(1,0)",YES,,
financedata,aindexmembers,7,OPDATE,date,YES,MUL,
financedata,aindexmembers,8,OPMODE,varchar(1),YES,,
financedata,aindexmemberswind,1,OBJECT_ID,varchar(100),NO,PRI,
financedata,aindexmemberswind,2,F_INFO_WINDCODE,varchar(40),YES,MUL,
financedata,aindexmemberswind,3,S_CON_WINDCODE,varchar(40),YES,MUL,
financedata,aindexmemberswind,4,S_CON_INDATE,varchar(8),YES,MUL,
financedata,aindexmemberswind,5,S_CON_OUTDATE,varchar(8),YES,,
financedata,aindexmemberswind,6,CUR_SIGN,"decimal(1,0)",YES,,
financedata,aindexmemberswind,7,OPDATE,date,YES,MUL,
financedata,aindexmemberswind,8,OPMODE,varchar(1),YES,,
financedata,aindexvaluation,1,OBJECT_ID,varchar(100),NO,PRI,
financedata,aindexvaluation,2,S_INFO_WINDCODE,varchar(40),YES,MUL,
financedata,aindexvaluation,3,TRADE_DT,varchar(8),YES,MUL,
financedata,aindexvaluation,4,CON_NUM,"decimal(20,4)",YES,,
financedata,aindexvaluation,5,PE_LYR,"decimal(20,4)",YES,,
financedata,aindexvaluation,6,PE_TTM,"decimal(20,4)",YES,,
financedata,aindexvaluation,7,PB_LF,"decimal(20,4)",YES,,
financedata,aindexvaluation,8,PCF_LYR,"decimal(20,4)",YES,,
financedata,aindexvaluation,9,PCF_TTM,"decimal(20,4)",YES,,
financedata,aindexvaluation,10,PS_LYR,"decimal(20,4)",YES,,
financedata,aindexvaluation,11,PS_TTM,"decimal(20,4)",YES,,
financedata,aindexvaluation,12,MV_TOTAL,"decimal(24,4)",YES,,
financedata,aindexvaluation,13,MV_FLOAT,"decimal(24,4)",YES,,
financedata,aindexvaluation,14,DIVIDEND_YIELD,"decimal(20,4)",YES,,
financedata,aindexvaluation,15,PEG_HIS,"decimal(20,4)",YES,,
financedata,aindexvaluation,16,TOT_SHR,"decimal(24,4)",YES,,
financedata,aindexvaluation,17,TOT_SHR_FLOAT,"decimal(24,4)",YES,,
financedata,aindexvaluation,18,TOT_SHR_FREE,"decimal(24,4)",YES,,
financedata,aindexvaluation,19,TURNOVER,"decimal(20,4)",YES,,
financedata,aindexvaluation,20,TURNOVER_FREE,"decimal(20,4)",YES,,
financedata,aindexvaluation,21,EST_NET_PROFIT_Y1,"decimal(20,4)",YES,,
financedata,aindexvaluation,22,EST_NET_PROFIT_Y2,"decimal(20,4)",YES,,
financedata,aindexvaluation,23,EST_BUS_INC_Y1,"decimal(20,4)",YES,,
financedata,aindexvaluation,24,EST_BUS_INC_Y2,"decimal(20,4)",YES,,
financedata,aindexvaluation,25,EST_EPS_Y1,"decimal(20,4)",YES,,
financedata,aindexvaluation,26,EST_EPS_Y2,"decimal(20,4)",YES,,
financedata,aindexvaluation,27,EST_YOYPROFIT_Y1,"decimal(20,4)",YES,,
financedata,aindexvaluation,28,EST_YOYPROFIT_Y2,"decimal(20,4)",YES,,
financedata,aindexvaluation,29,EST_YOYGR_Y1,"decimal(20,4)",YES,,
financedata,aindexvaluation,30,EST_YOYGR_Y2,"decimal(20,4)",YES,,
financedata,aindexvaluation,31,EST_PE_Y1,"decimal(20,4)",YES,,
financedata,aindexvaluation,32,EST_PE_Y2,"decimal(20,4)",YES,,
financedata,aindexvaluation,33,EST_PEG_Y1,"decimal(20,4)",YES,,
financedata,aindexvaluation,34,EST_PEG_Y2,"decimal(20,4)",YES,,
financedata,aindexvaluation,35,OPDATE,date,YES,MUL,
financedata,aindexvaluation,36,OPMODE,varchar(1),YES,,
financedata,aindexwindindustrieseod,1,OBJECT_ID,varchar(100),NO,PRI,
financedata,aindexwindindustrieseod,2,S_INFO_WINDCODE,varchar(40),YES,MUL,
financedata,aindexwindindustrieseod,3,TRADE_DT,varchar(8),YES,MUL,
financedata,aindexwindindustrieseod,4,CRNCY_CODE,varchar(10),YES,,
financedata,aindexwindindustrieseod,5,S_DQ_PRECLOSE,"decimal(20,4)",YES,,
financedata,aindexwindindustrieseod,6,S_DQ_OPEN,"decimal(20,4)",YES,,
financedata,aindexwindindustrieseod,7,S_DQ_HIGH,"decimal(20,4)",YES,,
financedata,aindexwindindustrieseod,8,S_DQ_LOW,"decimal(20,4)",YES,,
financedata,aindexwindindustrieseod,9,S_DQ_CLOSE,"decimal(20,4)",YES,,
financedata,aindexwindindustrieseod,10,S_DQ_CHANGE,"decimal(20,4)",YES,,
financedata,aindexwindindustrieseod,11,S_DQ_PCTCHANGE,"decimal(20,4)",YES,,
financedata,aindexwindindustrieseod,12,S_DQ_VOLUME,"decimal(20,4)",YES,,
financedata,aindexwindindustrieseod,13,S_DQ_AMOUNT,"decimal(20,4)",YES,,
financedata,aindexwindindustrieseod,14,OPDATE,date,YES,MUL,
financedata,aindexwindindustrieseod,15,OPMODE,varchar(1),YES,,
financedata,ashareanncolumn,1,OBJECT_ID,varchar(100),NO,PRI,
financedata,ashareanncolumn,2,N_INFO_CODE,varchar(38),YES,,
financedata,ashareanncolumn,3,N_INFO_PCODE,varchar(38),YES,,
financedata,ashareanncolumn,4,N_INFO_FCODE,varchar(38),YES,,
financedata,ashareanncolumn,5,N_INFO_NAME,varchar(200),YES,,
financedata,ashareanncolumn,6,N_INFO_ISVALID,"decimal(2,0)",YES,,
financedata,ashareanncolumn,7,N_INFO_LEVELNUM,"decimal(2,0)",YES,,
financedata,ashareanncolumn,8,OPDATE,date,YES,MUL,
financedata,ashareanncolumn,9,OPMODE,varchar(1),YES,,
financedata,ashareanninf,1,OBJECT_ID,varchar(100),NO,PRI,
financedata,ashareanninf,2,S_INFO_WINDCODE,varchar(40),YES,MUL,
financedata,ashareanninf,3,N_INFO_STOCKID,varchar(10),YES,,
financedata,ashareanninf,4,N_INFO_COMPANYID,varchar(10),YES,,
financedata,ashareanninf,5,ANN_DT,date,YES,MUL,
financedata,ashareanninf,6,N_INFO_TITLE,varchar(1024),YES,,
financedata,ashareanninf,7,N_INFO_FCODE,varchar(200),YES,,
financedata,ashareanninf,8,N_INFO_FTXT,longtext,YES,,
financedata,ashareanninf,9,N_INFO_ANNLINK,varchar(1024),YES,,
financedata,ashareanninf,10,ID,"decimal(11,0)",YES,,
financedata,ashareanninf,11,COLLECT_DT,date,YES,,
financedata,ashareanninf,12,N_INFO_WINDLINK,varchar(1024),YES,,
financedata,ashareanninf,13,N_INFO_ANNLINK_NEW,varchar(1024),YES,,
financedata,ashareanninf,14,OPDATE,date,YES,MUL,
financedata,ashareanninf,15,OPMODE,varchar(1),YES,,
financedata,ashareauditopinion,1,OBJECT_ID,varchar(100),NO,PRI,
financedata,ashareauditopinion,2,S_INFO_WINDCODE,varchar(40),YES,MUL,
financedata,ashareauditopinion,3,ANN_DT,varchar(8),YES,MUL,
financedata,ashareauditopinion,4,REPORT_PERIOD,varchar(8),YES,MUL,
financedata,ashareauditopinion,5,S_STMNOTE_AUDIT_CATEGORY,"decimal(9,0)",YES,,
financedata,ashareauditopinion,6,S_STMNOTE_AUDIT_AGENCY,varchar(500),YES,,
financedata,ashareauditopinion,7,S_STMNOTE_AUDIT_CPA,varchar(100),YES,,
financedata,ashareauditopinion,8,S_PAY_AUDIT_EXPENSES,"decimal(20,4)",YES,,
financedata,ashareauditopinion,9,S_IN_CONTROL_AUDIT_OPINION,"decimal(9,0)",YES,,
financedata,ashareauditopinion,10,ANN_DT1,varchar(8),YES,,
financedata,ashareauditopinion,11,S_IN_CONTROL_ACCOUNTING_FIRM,varchar(10),YES,,
financedata,ashareauditopinion,12,S_IN_CONTROL_ACCOUNTANT,varchar(100),YES,,
financedata,ashareauditopinion,13,S_AUDIT_FEE_MEMO,varchar(1100),YES,,
financedata,ashareauditopinion,14,S_AUDIT_RESULT_MEMO,longtext,YES,,
financedata,ashareauditopinion,15,S_IN_CONTROL_AUDIT,longtext,YES,,
financedata,ashareauditopinion,16,OPDATE,date,YES,MUL,
financedata,ashareauditopinion,17,OPMODE,varchar(1),YES,,
financedata,asharebalancesheet,1,OBJECT_ID,varchar(100),NO,PRI,
financedata,asharebalancesheet,2,S_INFO_WINDCODE,varchar(40),YES,MUL,
financedata,asharebalancesheet,3,WIND_CODE,varchar(40),YES,,
financedata,asharebalancesheet,4,ANN_DT,varchar(8),YES,MUL,
financedata,asharebalancesheet,5,REPORT_PERIOD,varchar(8),YES,MUL,
financedata,asharebalancesheet,6,CRNCY_CODE,varchar(10),YES,,
financedata,asharebalancesheet,7,MONETARY_CAP,"decimal(20,4)",YES,,
financedata,asharebalancesheet,8,TRADABLE_FIN_ASSETS,"decimal(20,4)",YES,,
financedata,asharebalancesheet,9,NOTES_RCV,"decimal(20,4)",YES,,
financedata,asharebalancesheet,10,ACCT_RCV,"decimal(20,4)",YES,,
financedata,asharebalancesheet,11,OTH_RCV,"decimal(20,4)",YES,,
financedata,asharebalancesheet,12,PREPAY,"decimal(20,4)",YES,,
financedata,asharebalancesheet,13,DVD_RCV,"decimal(20,4)",YES,,
financedata,asharebalancesheet,14,INT_RCV,"decimal(20,4)",YES,,
financedata,asharebalancesheet,15,INVENTORIES,"decimal(20,4)",YES,,
financedata,asharebalancesheet,16,CONSUMPTIVE_BIO_ASSETS,"decimal(20,4)",YES,,
financedata,asharebalancesheet,17,DEFERRED_EXP,"decimal(20,4)",YES,,
financedata,asharebalancesheet,18,NON_CUR_ASSETS_DUE_WITHIN_1Y,"decimal(20,4)",YES,,
financedata,asharebalancesheet,19,SETTLE_RSRV,"decimal(20,4)",YES,,
financedata,asharebalancesheet,20,LOANS_TO_OTH_BANKS,"decimal(20,4)",YES,,
financedata,asharebalancesheet,21,PREM_RCV,"decimal(20,4)",YES,,
financedata,asharebalancesheet,22,RCV_FROM_REINSURER,"decimal(20,4)",YES,,
financedata,asharebalancesheet,23,RCV_FROM_CEDED_INSUR_CONT_RSRV,"decimal(20,4)",YES,,
financedata,asharebalancesheet,24,RED_MONETARY_CAP_FOR_SALE,"decimal(20,4)",YES,,
financedata,asharebalancesheet,25,OTH_CUR_ASSETS,"decimal(20,4)",YES,,
financedata,asharebalancesheet,26,TOT_CUR_ASSETS,"decimal(20,4)",YES,,
financedata,asharebalancesheet,27,FIN_ASSETS_AVAIL_FOR_SALE,"decimal(20,4)",YES,,
financedata,asharebalancesheet,28,HELD_TO_MTY_INVEST,"decimal(20,4)",YES,,
financedata,asharebalancesheet,29,LONG_TERM_EQY_INVEST,"decimal(20,4)",YES,,
financedata,asharebalancesheet,30,INVEST_REAL_ESTATE,"decimal(20,4)",YES,,
financedata,asharebalancesheet,31,TIME_DEPOSITS,"decimal(20,4)",YES,,
financedata,asharebalancesheet,32,OTH_ASSETS,"decimal(20,4)",YES,,
financedata,asharebalancesheet,33,LONG_TERM_REC,"decimal(20,4)",YES,,
financedata,asharebalancesheet,34,FIX_ASSETS,"decimal(20,4)",YES,,
financedata,asharebalancesheet,35,CONST_IN_PROG,"decimal(20,4)",YES,,
financedata,asharebalancesheet,36,PROJ_MATL,"decimal(20,4)",YES,,
financedata,asharebalancesheet,37,FIX_ASSETS_DISP,"decimal(20,4)",YES,,
financedata,asharebalancesheet,38,PRODUCTIVE_BIO_ASSETS,"decimal(20,4)",YES,,
financedata,asharebalancesheet,39,OIL_AND_NATURAL_GAS_ASSETS,"decimal(20,4)",YES,,
financedata,asharebalancesheet,40,INTANG_ASSETS,"decimal(20,4)",YES,,
financedata,asharebalancesheet,41,R_AND_D_COSTS,"decimal(20,4)",YES,,
financedata,asharebalancesheet,42,GOODWILL,"decimal(20,4)",YES,,
financedata,asharebalancesheet,43,LONG_TERM_DEFERRED_EXP,"decimal(20,4)",YES,,
financedata,asharebalancesheet,44,DEFERRED_TAX_ASSETS,"decimal(20,4)",YES,,
financedata,asharebalancesheet,45,LOANS_AND_ADV_GRANTED,"decimal(20,4)",YES,,
financedata,asharebalancesheet,46,OTH_NON_CUR_ASSETS,"decimal(20,4)",YES,,
financedata,asharebalancesheet,47,TOT_NON_CUR_ASSETS,"decimal(20,4)",YES,,
financedata,asharebalancesheet,48,CASH_DEPOSITS_CENTRAL_BANK,"decimal(20,4)",YES,,
financedata,asharebalancesheet,49,ASSET_DEP_OTH_BANKS_FIN_INST,"decimal(20,4)",YES,,
financedata,asharebalancesheet,50,PRECIOUS_METALS,"decimal(20,4)",YES,,
financedata,asharebalancesheet,51,DERIVATIVE_FIN_ASSETS,"decimal(20,4)",YES,,
financedata,asharebalancesheet,52,AGENCY_BUS_ASSETS,"decimal(20,4)",YES,,
financedata,asharebalancesheet,53,SUBR_REC,"decimal(20,4)",YES,,
financedata,asharebalancesheet,54,RCV_CEDED_UNEARNED_PREM_RSRV,"decimal(20,4)",YES,,
financedata,asharebalancesheet,55,RCV_CEDED_CLAIM_RSRV,"decimal(20,4)",YES,,
financedata,asharebalancesheet,56,RCV_CEDED_LIFE_INSUR_RSRV,"decimal(20,4)",YES,,
financedata,asharebalancesheet,57,RCV_CEDED_LT_HEALTH_INSUR_RSRV,"decimal(20,4)",YES,,
financedata,asharebalancesheet,58,MRGN_PAID,"decimal(20,4)",YES,,
financedata,asharebalancesheet,59,INSURED_PLEDGE_LOAN,"decimal(20,4)",YES,,
financedata,asharebalancesheet,60,CAP_MRGN_PAID,"decimal(20,4)",YES,,
financedata,asharebalancesheet,61,INDEPENDENT_ACCT_ASSETS,"decimal(20,4)",YES,,
financedata,asharebalancesheet,62,CLIENTS_CAP_DEPOSIT,"decimal(20,4)",YES,,
financedata,asharebalancesheet,63,CLIENTS_RSRV_SETTLE,"decimal(20,4)",YES,,
financedata,asharebalancesheet,64,INCL_SEAT_FEES_EXCHANGE,"decimal(20,4)",YES,,
financedata,asharebalancesheet,65,RCV_INVEST,"decimal(20,4)",YES,,
financedata,asharebalancesheet,66,TOT_ASSETS,"decimal(20,4)",YES,,
financedata,asharebalancesheet,67,ST_BORROW,"decimal(20,4)",YES,,
financedata,asharebalancesheet,68,BORROW_CENTRAL_BANK,"decimal(20,4)",YES,,
financedata,asharebalancesheet,69,DEPOSIT_RECEIVED_IB_DEPOSITS,"decimal(20,4)",YES,,
financedata,asharebalancesheet,70,LOANS_OTH_BANKS,"decimal(20,4)",YES,,
financedata,asharebalancesheet,71,TRADABLE_FIN_LIAB,"decimal(20,4)",YES,,
financedata,asharebalancesheet,72,NOTES_PAYABLE,"decimal(20,4)",YES,,
financedata,asharebalancesheet,73,ACCT_PAYABLE,"decimal(20,4)",YES,,
financedata,asharebalancesheet,74,ADV_FROM_CUST,"decimal(20,4)",YES,,
financedata,asharebalancesheet,75,FUND_SALES_FIN_ASSETS_RP,"decimal(20,4)",YES,,
financedata,asharebalancesheet,76,HANDLING_CHARGES_COMM_PAYABLE,"decimal(20,4)",YES,,
financedata,asharebalancesheet,77,EMPL_BEN_PAYABLE,"decimal(20,4)",YES,,
financedata,asharebalancesheet,78,TAXES_SURCHARGES_PAYABLE,"decimal(20,4)",YES,,
financedata,asharebalancesheet,79,INT_PAYABLE,"decimal(20,4)",YES,,
financedata,asharebalancesheet,80,DVD_PAYABLE,"decimal(20,4)",YES,,
financedata,asharebalancesheet,81,OTH_PAYABLE,"decimal(20,4)",YES,,
financedata,asharebalancesheet,82,ACC_EXP,"decimal(20,4)",YES,,
financedata,asharebalancesheet,83,DEFERRED_INC,"decimal(20,4)",YES,,
financedata,asharebalancesheet,84,ST_BONDS_PAYABLE,"decimal(20,4)",YES,,
financedata,asharebalancesheet,85,PAYABLE_TO_REINSURER,"decimal(20,4)",YES,,
financedata,asharebalancesheet,86,RSRV_INSUR_CONT,"decimal(20,4)",YES,,
financedata,asharebalancesheet,87,ACTING_TRADING_SEC,"decimal(20,4)",YES,,
financedata,asharebalancesheet,88,ACTING_UW_SEC,"decimal(20,4)",YES,,
financedata,asharebalancesheet,89,NON_CUR_LIAB_DUE_WITHIN_1Y,"decimal(20,4)",YES,,
financedata,asharebalancesheet,90,OTH_CUR_LIAB,"decimal(20,4)",YES,,
financedata,asharebalancesheet,91,TOT_CUR_LIAB,"decimal(20,4)",YES,,
financedata,asharebalancesheet,92,LT_BORROW,"decimal(20,4)",YES,,
financedata,asharebalancesheet,93,BONDS_PAYABLE,"decimal(20,4)",YES,,
financedata,asharebalancesheet,94,LT_PAYABLE,"decimal(20,4)",YES,,
financedata,asharebalancesheet,95,SPECIFIC_ITEM_PAYABLE,"decimal(20,4)",YES,,
financedata,asharebalancesheet,96,PROVISIONS,"decimal(20,4)",YES,,
financedata,asharebalancesheet,97,DEFERRED_TAX_LIAB,"decimal(20,4)",YES,,
financedata,asharebalancesheet,98,DEFERRED_INC_NON_CUR_LIAB,"decimal(20,4)",YES,,
financedata,asharebalancesheet,99,OTH_NON_CUR_LIAB,"decimal(20,4)",YES,,
financedata,asharebalancesheet,100,TOT_NON_CUR_LIAB,"decimal(20,4)",YES,,
financedata,asharebalancesheet,101,LIAB_DEP_OTH_BANKS_FIN_INST,"decimal(20,4)",YES,,
financedata,asharebalancesheet,102,DERIVATIVE_FIN_LIAB,"decimal(20,4)",YES,,
financedata,asharebalancesheet,103,CUST_BANK_DEP,"decimal(20,4)",YES,,
financedata,asharebalancesheet,104,AGENCY_BUS_LIAB,"decimal(20,4)",YES,,
financedata,asharebalancesheet,105,OTH_LIAB,"decimal(20,4)",YES,,
financedata,asharebalancesheet,106,PREM_RECEIVED_ADV,"decimal(20,4)",YES,,
financedata,asharebalancesheet,107,DEPOSIT_RECEIVED,"decimal(20,4)",YES,,
financedata,asharebalancesheet,108,INSURED_DEPOSIT_INVEST,"decimal(20,4)",YES,,
financedata,asharebalancesheet,109,UNEARNED_PREM_RSRV,"decimal(20,4)",YES,,
financedata,asharebalancesheet,110,OUT_LOSS_RSRV,"decimal(20,4)",YES,,
financedata,asharebalancesheet,111,LIFE_INSUR_RSRV,"decimal(20,4)",YES,,
financedata,asharebalancesheet,112,LT_HEALTH_INSUR_V,"decimal(20,4)",YES,,
financedata,asharebalancesheet,113,INDEPENDENT_ACCT_LIAB,"decimal(20,4)",YES,,
financedata,asharebalancesheet,114,INCL_PLEDGE_LOAN,"decimal(20,4)",YES,,
financedata,asharebalancesheet,115,CLAIMS_PAYABLE,"decimal(20,4)",YES,,
financedata,asharebalancesheet,116,DVD_PAYABLE_INSURED,"decimal(20,4)",YES,,
financedata,asharebalancesheet,117,TOT_LIAB,"decimal(20,4)",YES,,
financedata,asharebalancesheet,118,CAP_STK,"decimal(20,4)",YES,,
financedata,asharebalancesheet,119,CAP_RSRV,"decimal(20,4)",YES,,
financedata,asharebalancesheet,120,SPECIAL_RSRV,"decimal(20,4)",YES,,
financedata,asharebalancesheet,121,SURPLUS_RSRV,"decimal(20,4)",YES,,
financedata,asharebalancesheet,122,UNDISTRIBUTED_PROFIT,"decimal(20,4)",YES,,
financedata,asharebalancesheet,123,LESS_TSY_STK,"decimal(20,4)",YES,,
financedata,asharebalancesheet,124,PROV_NOM_RISKS,"decimal(20,4)",YES,,
financedata,asharebalancesheet,125,CNVD_DIFF_FOREIGN_CURR_STAT,"decimal(20,4)",YES,,
financedata,asharebalancesheet,126,UNCONFIRMED_INVEST_LOSS,"decimal(20,4)",YES,,
financedata,asharebalancesheet,127,MINORITY_INT,"decimal(20,4)",YES,,
financedata,asharebalancesheet,128,TOT_SHRHLDR_EQY_EXCL_MIN_INT,"decimal(20,4)",YES,,
financedata,asharebalancesheet,129,TOT_SHRHLDR_EQY_INCL_MIN_INT,"decimal(20,4)",YES,,
financedata,asharebalancesheet,130,TOT_LIAB_SHRHLDR_EQY,"decimal(20,4)",YES,,
financedata,asharebalancesheet,131,COMP_TYPE_CODE,varchar(2),YES,,
financedata,asharebalancesheet,132,ACTUAL_ANN_DT,varchar(8),YES,,
financedata,asharebalancesheet,133,SPE_CUR_ASSETS_DIFF,"decimal(20,4)",YES,,
financedata,asharebalancesheet,134,TOT_CUR_ASSETS_DIFF,"decimal(20,4)",YES,,
financedata,asharebalancesheet,135,SPE_NON_CUR_ASSETS_DIFF,"decimal(20,4)",YES,,
financedata,asharebalancesheet,136,TOT_NON_CUR_ASSETS_DIFF,"decimal(20,4)",YES,,
financedata,asharebalancesheet,137,SPE_BAL_ASSETS_DIFF,"decimal(20,4)",YES,,
financedata,asharebalancesheet,138,TOT_BAL_ASSETS_DIFF,"decimal(20,4)",YES,,
financedata,asharebalancesheet,139,SPE_CUR_LIAB_DIFF,"decimal(20,4)",YES,,
financedata,asharebalancesheet,140,TOT_CUR_LIAB_DIFF,"decimal(20,4)",YES,,
financedata,asharebalancesheet,141,SPE_NON_CUR_LIAB_DIFF,"decimal(20,4)",YES,,
financedata,asharebalancesheet,142,TOT_NON_CUR_LIAB_DIFF,"decimal(20,4)",YES,,
financedata,asharebalancesheet,143,SPE_BAL_LIAB_DIFF,"decimal(20,4)",YES,,
financedata,asharebalancesheet,144,TOT_BAL_LIAB_DIFF,"decimal(20,4)",YES,,
financedata,asharebalancesheet,145,SPE_BAL_SHRHLDR_EQY_DIFF,"decimal(20,4)",YES,,
financedata,asharebalancesheet,146,TOT_BAL_SHRHLDR_EQY_DIFF,"decimal(20,4)",YES,,
financedata,asharebalancesheet,147,SPE_BAL_LIAB_EQY_DIFF,"decimal(20,4)",YES,,
financedata,asharebalancesheet,148,TOT_BAL_LIAB_EQY_DIFF,"decimal(20,4)",YES,,
financedata,asharebalancesheet,149,LT_PAYROLL_PAYABLE,"decimal(20,4)",YES,,
financedata,asharebalancesheet,150,OTHER_COMP_INCOME,"decimal(20,4)",YES,,
financedata,asharebalancesheet,151,OTHER_EQUITY_TOOLS,"decimal(20,4)",YES,,
financedata,asharebalancesheet,152,OTHER_EQUITY_TOOLS_P_SHR,"decimal(20,4)",YES,,
financedata,asharebalancesheet,153,LENDING_FUNDS,"decimal(20,4)",YES,,
financedata,asharebalancesheet,154,ACCOUNTS_RECEIVABLE,"decimal(20,4)",YES,,
financedata,asharebalancesheet,155,ST_FINANCING_PAYABLE,"decimal(20,4)",YES,,
financedata,asharebalancesheet,156,PAYABLES,"decimal(20,4)",YES,,
financedata,asharebalancesheet,157,S_INFO_COMPCODE,varchar(10),YES,,
financedata,asharebalancesheet,158,TOT_SHR,"decimal(20,4)",YES,,
financedata,asharebalancesheet,159,HFS_ASSETS,"decimal(20,4)",YES,,
financedata,asharebalancesheet,160,HFS_SALES,"decimal(20,4)",YES,,
financedata,asharebalancesheet,161,FIN_ASSETS_COST_SHARING,"decimal(20,4)",YES,,
financedata,asharebalancesheet,162,FIN_ASSETS_FAIR_VALUE,"decimal(20,4)",YES,,
financedata,asharebalancesheet,163,CONTRACTUAL_ASSETS,"decimal(20,4)",YES,,
financedata,asharebalancesheet,164,CONTRACT_LIABILITIES,"decimal(20,4)",YES,,
financedata,asharebalancesheet,165,ACCOUNTS_RECEIVABLE_BILL,"decimal(20,4)",YES,,
financedata,asharebalancesheet,166,ACCOUNTS_PAYABLE,"decimal(20,4)",YES,,
financedata,asharebalancesheet,167,OTH_RCV_TOT,"decimal(20,4)",YES,,
financedata,asharebalancesheet,168,STM_BS_TOT,"decimal(20,4)",YES,,
financedata,asharebalancesheet,169,CONST_IN_PROG_TOT,"decimal(20,4)",YES,,
financedata,asharebalancesheet,170,OTH_PAYABLE_TOT,"decimal(20,4)",YES,,
financedata,asharebalancesheet,171,LT_PAYABLE_TOT,"decimal(20,4)",YES,,
financedata,asharebalancesheet,172,DEBT_INVESTMENT,"decimal(20,4)",YES,,
financedata,asharebalancesheet,173,OTHER_DEBT_INVESTMENT,"decimal(20,4)",YES,,
financedata,asharebalancesheet,174,OTHER_EQUITY_INVESTMENT,"decimal(20,4)",YES,,
financedata,asharebalancesheet,175,OTHER_ILLIQUIDFINANCIAL_ASSETS,"decimal(20,4)",YES,,
financedata,asharebalancesheet,176,OTHER_SUSTAINABLE_BOND,"decimal(20,4)",YES,,
financedata,asharebalancesheet,177,RECEIVABLES_FINANCING,"decimal(20,4)",YES,,
financedata,asharebalancesheet,178,RIGHT_USE_ASSETS,"decimal(20,4)",YES,,
financedata,asharebalancesheet,179,LEASE_LIAB,"decimal(20,4)",YES,,
financedata,asharebalancesheet,180,OPDATE,date,YES,MUL,
financedata,asharebalancesheet,181,OPMODE,varchar(1),YES,,
financedata,asharebalancesheet,182,SPE_BAL_LIAB_DIFF_MEMO,varchar(500),YES,,
financedata,asharebalancesheet,183,STATEMENT_TYPE,"decimal(9,0)",YES,,
financedata,asharebalancesheet,184,SPE_NON_CUR_ASSETS_DIFF_MEMO,varchar(500),YES,,
financedata,asharebalancesheet,185,SPE_BAL_LIAB_EQY_DIFF_MEMO,varchar(200),YES,,
financedata,asharebalancesheet,186,SPE_BAL_ASSETS_DIFF_MEMO,varchar(1000),YES,,
financedata,asharebalancesheet,187,SPE_CUR_ASSETS_DIFF_MEMO,varchar(500),YES,,
financedata,asharebalancesheet,188,SPE_BAL_SHRHLDR_EQY_DIFF_MEMO,varchar(200),YES,,
financedata,asharebalancesheet,189,ACC_STA_CODE,varchar(2),YES,,
financedata,asharebalancesheet,190,SPE_CUR_LIAB_DIFF_MEMO,varchar(500),YES,,
financedata,asharebalancesheet,191,SPE_NON_CUR_LIAB_DIFF_MEMO,varchar(500),YES,,
financedata,asharebalancesheet,192,IFLISTED_DATA,"decimal(1,0)",YES,,
financedata,asharebankindicator,1,OBJECT_ID,varchar(100),NO,PRI,
financedata,asharebankindicator,2,S_INFO_WINDCODE,varchar(40),YES,MUL,
financedata,asharebankindicator,3,ANN_DT,varchar(8),YES,MUL,
financedata,asharebankindicator,4,REPORT_PERIOD,varchar(8),YES,MUL,
financedata,asharebankindicator,5,STATEMENT_TYPE,varchar(10),YES,,
financedata,asharebankindicator,6,CRNCY_CODE,varchar(10),YES,,
financedata,asharebankindicator,7,CAPI_ADE_RATIO,"decimal(20,4)",YES,,
financedata,asharebankindicator,8,CORE_CAPI_ADE_RATIO,"decimal(20,4)",YES,,
financedata,asharebankindicator,9,NPL_RATIO,"decimal(20,4)",YES,,
financedata,asharebankindicator,10,LOAN_DEPO_RATIO,"decimal(20,4)",YES,,
financedata,asharebankindicator,11,LOAN_DEPO_RATIO_RMB,"decimal(20,4)",YES,,
financedata,asharebankindicator,12,LOAN_DEPO_RATIO_NORMB,"decimal(20,4)",YES,,
financedata,asharebankindicator,13,ST_ASSET_LIQ_RATIO_RMB,"decimal(20,4)",YES,,
financedata,asharebankindicator,14,ST_ASSET_LIQ_RATIO_NORMB,"decimal(20,4)",YES,,
financedata,asharebankindicator,15,LOAN_FROM_BANKS_RATIO,"decimal(20,4)",YES,,
financedata,asharebankindicator,16,LEND_TO_BANKS_RATIO,"decimal(20,4)",YES,,
financedata,asharebankindicator,17,LARGEST_CUSTOMER_LOAN,"decimal(20,4)",YES,,
financedata,asharebankindicator,18,TOP_TEN_CUSTOMER_LOAN,"decimal(20,4)",YES,,
financedata,asharebankindicator,19,TOTAL_LOAN,"decimal(20,4)",YES,,
financedata,asharebankindicator,20,TOTAL_DEPOSIT,"decimal(20,4)",YES,,
financedata,asharebankindicator,21,LOAN_LOSS_PROVISION,"decimal(20,4)",YES,,
financedata,asharebankindicator,22,BAD_LOAD_FIVE_CLASS,"decimal(20,4)",YES,,
financedata,asharebankindicator,23,NPL_PROVISION_COVERAGE,"decimal(20,4)",YES,,
financedata,asharebankindicator,24,COST_INCOME_RATIO,"decimal(20,4)",YES,,
financedata,asharebankindicator,25,NON_INTEREST_MARGIN,"decimal(20,4)",YES,,
financedata,asharebankindicator,26,NET_CAPITAL,"decimal(20,4)",YES,,
financedata,asharebankindicator,27,CORE_CAPI_NET_AMOUNT,"decimal(20,4)",YES,,
financedata,asharebankindicator,28,RISK_WEIGHT_ASSET,"decimal(20,4)",YES,,
financedata,asharebankindicator,29,INTEREST_BEARING_ASSET,"decimal(20,4)",YES,,
financedata,asharebankindicator,30,INTEREST_BEARING_ASSET_COMP,"decimal(20,4)",YES,,
financedata,asharebankindicator,31,INTEREST_BEARING_LIA,"decimal(20,4)",YES,,
financedata,asharebankindicator,32,INTEREST_BEARING_LIA_COMP,"decimal(20,4)",YES,,
financedata,asharebankindicator,33,NON_INTEREST_INCOME,"decimal(20,4)",YES,,
financedata,asharebankindicator,34,NONEANING_ASSET,"decimal(20,4)",YES,,
financedata,asharebankindicator,35,NONEANING_LIA,"decimal(20,4)",YES,,
financedata,asharebankindicator,36,NET_INTEREST_MARGIN,"decimal(20,4)",YES,,
financedata,asharebankindicator,37,NET_INTEREST_MARGIN_IS_ANN,"decimal(20,4)",YES,,
financedata,asharebankindicator,38,NET_INTEREST_SPREAD,"decimal(20,4)",YES,,
financedata,asharebankindicator,39,NET_INTEREST_SPREAD_IS_ANN,"decimal(20,4)",YES,,
financedata,asharebankindicator,40,OVERDUE_LOAN,"decimal(20,4)",YES,,
financedata,asharebankindicator,41,TOTAL_INTEREST_INCOME,"decimal(20,4)",YES,,
financedata,asharebankindicator,42,TOTAL_INTEREST_EXP,"decimal(20,4)",YES,,
financedata,asharebankindicator,43,CASH_ON_HAND,"decimal(20,4)",YES,,
financedata,asharebankindicator,44,LONGTERM_LOANS_RATIO_CNY,"decimal(20,4)",YES,,
financedata,asharebankindicator,45,LONGTERM_LOANS_RATIO_FC,"decimal(20,4)",YES,,
financedata,asharebankindicator,46,IBUSINESS_LOAN_RATIO,"decimal(20,4)",YES,,
financedata,asharebankindicator,47,INTERECT_COLLECTION_RATIO,"decimal(20,4)",YES,,
financedata,asharebankindicator,48,CASH_RESERVE_RATIO_CNY,"decimal(20,4)",YES,,
financedata,asharebankindicator,49,CASH_RESERVE_RATIO_FC,"decimal(20,4)",YES,,
financedata,asharebankindicator,50,OVERSEAS_FUNDS_APP_RATIO,"decimal(20,4)",YES,,
financedata,asharebankindicator,51,MARKET_RISK_CAPITAL,"decimal(20,4)",YES,,
financedata,asharebankindicator,52,INTEREST_BEARING_ASSET_IFPUB,"decimal(1,0)",YES,,
financedata,asharebankindicator,53,INTEREST_BEARING_LIA_IFPUB,"decimal(1,0)",YES,,
financedata,asharebankindicator,54,NET_INTEREST_MARGIN_IFPUB,"decimal(1,0)",YES,,
financedata,asharebankindicator,55,LOANRESERVESRATIO,"decimal(20,4)",YES,,
financedata,asharebankindicator,56,SUBORDINATED_NET_CAPI,"decimal(20,4)",YES,,
financedata,asharebankindicator,57,INT_BEAR_ASSET_AVG_BALANCE,"decimal(20,4)",YES,,
financedata,asharebankindicator,58,INT_BEAR_ASSET_AVG_RETURN,"decimal(20,4)",YES,,
financedata,asharebankindicator,59,INT_CCRUED_LIAB_AVG_BALANCE,"decimal(20,4)",YES,,
financedata,asharebankindicator,60,INT_CCRUED_LIAB_AVG_COSTRATIO,"decimal(20,4)",YES,,
financedata,asharebankindicator,61,RESCHEDULEDLOANS,"decimal(20,4)",YES,,
financedata,asharebankindicator,62,CORETIER1_NET_CAPI,"decimal(20,4)",YES,,
financedata,asharebankindicator,63,TIER1_NET_CAPI,"decimal(20,4)",YES,,
financedata,asharebankindicator,64,NET_CAPITAL_2013,"decimal(20,4)",YES,,
financedata,asharebankindicator,65,CORETIER1CAPI_ADE_RATIO,"decimal(20,4)",YES,,
financedata,asharebankindicator,66,TIER1CAPI_ADE_RATIO,"decimal(20,4)",YES,,
financedata,asharebankindicator,67,CAPI_ADE_RATIO_2013,"decimal(20,4)",YES,,
financedata,asharebankindicator,68,RISK_WEIGHT_NET_ASSET_2013,"decimal(20,4)",YES,,
financedata,asharebankindicator,69,OPDATE,date,YES,MUL,
financedata,asharebankindicator,70,OPMODE,varchar(1),YES,,
financedata,asharecalendar,1,OBJECT_ID,varchar(100),NO,PRI,
financedata,asharecalendar,2,TRADE_DAYS,varchar(8),YES,,
financedata,asharecalendar,3,S_INFO_EXCHMARKET,varchar(40),YES,,
financedata,asharecalendar,4,OPDATE,date,YES,MUL,
financedata,asharecalendar,5,OPMODE,varchar(1),YES,,
financedata,asharecashflow,1,OBJECT_ID,varchar(100),NO,PRI,
financedata,asharecashflow,2,S_INFO_WINDCODE,varchar(40),YES,MUL,
financedata,asharecashflow,3,WIND_CODE,varchar(40),YES,,
financedata,asharecashflow,4,ANN_DT,varchar(8),YES,MUL,
financedata,asharecashflow,5,REPORT_PERIOD,varchar(8),YES,MUL,
financedata,asharecashflow,6,STATEMENT_TYPE,varchar(10),YES,,
financedata,asharecashflow,7,CRNCY_CODE,varchar(10),YES,,
financedata,asharecashflow,8,CASH_RECP_SG_AND_RS,"decimal(20,4)",YES,,
financedata,asharecashflow,9,RECP_TAX_RENDS,"decimal(20,4)",YES,,
financedata,asharecashflow,10,NET_INCR_DEP_COB,"decimal(20,4)",YES,,
financedata,asharecashflow,11,NET_INCR_LOANS_CENTRAL_BANK,"decimal(20,4)",YES,,
financedata,asharecashflow,12,NET_INCR_FUND_BORR_OFI,"decimal(20,4)",YES,,
financedata,asharecashflow,13,CASH_RECP_PREM_ORIG_INCO,"decimal(20,4)",YES,,
financedata,asharecashflow,14,NET_INCR_INSURED_DEP,"decimal(20,4)",YES,,
financedata,asharecashflow,15,NET_CASH_RECEIVED_REINSU_BUS,"decimal(20,4)",YES,,
financedata,asharecashflow,16,NET_INCR_DISP_TFA,"decimal(20,4)",YES,,
financedata,asharecashflow,17,NET_INCR_INT_HANDLING_CHRG,"decimal(20,4)",YES,,
financedata,asharecashflow,18,NET_INCR_DISP_FAAS,"decimal(20,4)",YES,,
financedata,asharecashflow,19,NET_INCR_LOANS_OTHER_BANK,"decimal(20,4)",YES,,
financedata,asharecashflow,20,NET_INCR_REPURCH_BUS_FUND,"decimal(20,4)",YES,,
financedata,asharecashflow,21,OTHER_CASH_RECP_RAL_OPER_ACT,"decimal(20,4)",YES,,
financedata,asharecashflow,22,STOT_CASH_INFLOWS_OPER_ACT,"decimal(20,4)",YES,,
financedata,asharecashflow,23,CASH_PAY_GOODS_PURCH_SERV_REC,"decimal(20,4)",YES,,
financedata,asharecashflow,24,CASH_PAY_BEH_EMPL,"decimal(20,4)",YES,,
financedata,asharecashflow,25,PAY_ALL_TYP_TAX,"decimal(20,4)",YES,,
financedata,asharecashflow,26,NET_INCR_CLIENTS_LOAN_ADV,"decimal(20,4)",YES,,
financedata,asharecashflow,27,NET_INCR_DEP_CBOB,"decimal(20,4)",YES,,
financedata,asharecashflow,28,CASH_PAY_CLAIMS_ORIG_INCO,"decimal(20,4)",YES,,
financedata,asharecashflow,29,HANDLING_CHRG_PAID,"decimal(20,4)",YES,,
financedata,asharecashflow,30,COMM_INSUR_PLCY_PAID,"decimal(20,4)",YES,,
financedata,asharecashflow,31,OTHER_CASH_PAY_RAL_OPER_ACT,"decimal(20,4)",YES,,
financedata,asharecashflow,32,STOT_CASH_OUTFLOWS_OPER_ACT,"decimal(20,4)",YES,,
financedata,asharecashflow,33,NET_CASH_FLOWS_OPER_ACT,"decimal(20,4)",YES,,
financedata,asharecashflow,34,CASH_RECP_DISP_WITHDRWL_INVEST,"decimal(20,4)",YES,,
financedata,asharecashflow,35,CASH_RECP_RETURN_INVEST,"decimal(20,4)",YES,,
financedata,asharecashflow,36,NET_CASH_RECP_DISP_FIOLTA,"decimal(20,4)",YES,,
financedata,asharecashflow,37,NET_CASH_RECP_DISP_SOBU,"decimal(20,4)",YES,,
financedata,asharecashflow,38,OTHER_CASH_RECP_RAL_INV_ACT,"decimal(20,4)",YES,,
financedata,asharecashflow,39,STOT_CASH_INFLOWS_INV_ACT,"decimal(20,4)",YES,,
financedata,asharecashflow,40,CASH_PAY_ACQ_CONST_FIOLTA,"decimal(20,4)",YES,,
financedata,asharecashflow,41,CASH_PAID_INVEST,"decimal(20,4)",YES,,
financedata,asharecashflow,42,NET_CASH_PAY_AQUIS_SOBU,"decimal(20,4)",YES,,
financedata,asharecashflow,43,OTHER_CASH_PAY_RAL_INV_ACT,"decimal(20,4)",YES,,
financedata,asharecashflow,44,NET_INCR_PLEDGE_LOAN,"decimal(20,4)",YES,,
financedata,asharecashflow,45,STOT_CASH_OUTFLOWS_INV_ACT,"decimal(20,4)",YES,,
financedata,asharecashflow,46,NET_CASH_FLOWS_INV_ACT,"decimal(20,4)",YES,,
financedata,asharecashflow,47,CASH_RECP_CAP_CONTRIB,"decimal(20,4)",YES,,
financedata,asharecashflow,48,INCL_CASH_REC_SAIMS,"decimal(20,4)",YES,,
financedata,asharecashflow,49,CASH_RECP_BORROW,"decimal(20,4)",YES,,
financedata,asharecashflow,50,PROC_ISSUE_BONDS,"decimal(20,4)",YES,,
financedata,asharecashflow,51,OTHER_CASH_RECP_RAL_FNC_ACT,"decimal(20,4)",YES,,
financedata,asharecashflow,52,STOT_CASH_INFLOWS_FNC_ACT,"decimal(20,4)",YES,,
financedata,asharecashflow,53,CASH_PREPAY_AMT_BORR,"decimal(20,4)",YES,,
financedata,asharecashflow,54,CASH_PAY_DIST_DPCP_INT_EXP,"decimal(20,4)",YES,,
financedata,asharecashflow,55,INCL_DVD_PROFIT_PAID_SC_MS,"decimal(20,4)",YES,,
financedata,asharecashflow,56,OTHER_CASH_PAY_RAL_FNC_ACT,"decimal(20,4)",YES,,
financedata,asharecashflow,57,STOT_CASH_OUTFLOWS_FNC_ACT,"decimal(20,4)",YES,,
financedata,asharecashflow,58,NET_CASH_FLOWS_FNC_ACT,"decimal(20,4)",YES,,
financedata,asharecashflow,59,EFF_FX_FLU_CASH,"decimal(20,4)",YES,,
financedata,asharecashflow,60,NET_INCR_CASH_CASH_EQU,"decimal(20,4)",YES,,
financedata,asharecashflow,61,CASH_CASH_EQU_BEG_PERIOD,"decimal(20,4)",YES,,
financedata,asharecashflow,62,CASH_CASH_EQU_END_PERIOD,"decimal(20,4)",YES,,
financedata,asharecashflow,63,NET_PROFIT,"decimal(20,4)",YES,,
financedata,asharecashflow,64,UNCONFIRMED_INVEST_LOSS,"decimal(20,4)",YES,,
financedata,asharecashflow,65,PLUS_PROV_DEPR_ASSETS,"decimal(20,4)",YES,,
financedata,asharecashflow,66,DEPR_FA_COGA_DPBA,"decimal(20,4)",YES,,
financedata,asharecashflow,67,AMORT_INTANG_ASSETS,"decimal(20,4)",YES,,
financedata,asharecashflow,68,AMORT_LT_DEFERRED_EXP,"decimal(20,4)",YES,,
financedata,asharecashflow,69,DECR_DEFERRED_EXP,"decimal(20,4)",YES,,
financedata,asharecashflow,70,INCR_ACC_EXP,"decimal(20,4)",YES,,
financedata,asharecashflow,71,LOSS_DISP_FIOLTA,"decimal(20,4)",YES,,
financedata,asharecashflow,72,LOSS_SCR_FA,"decimal(20,4)",YES,,
financedata,asharecashflow,73,LOSS_FV_CHG,"decimal(20,4)",YES,,
financedata,asharecashflow,74,FIN_EXP,"decimal(20,4)",YES,,
financedata,asharecashflow,75,INVEST_LOSS,"decimal(20,4)",YES,,
financedata,asharecashflow,76,DECR_DEFERRED_INC_TAX_ASSETS,"decimal(20,4)",YES,,
financedata,asharecashflow,77,INCR_DEFERRED_INC_TAX_LIAB,"decimal(20,4)",YES,,
financedata,asharecashflow,78,DECR_INVENTORIES,"decimal(20,4)",YES,,
financedata,asharecashflow,79,DECR_OPER_PAYABLE,"decimal(20,4)",YES,,
financedata,asharecashflow,80,INCR_OPER_PAYABLE,"decimal(20,4)",YES,,
financedata,asharecashflow,81,IM_NET_CASH_FLOWS_OPER_ACT,"decimal(20,4)",YES,,
financedata,asharecashflow,82,CONV_DEBT_INTO_CAP,"decimal(20,4)",YES,,
financedata,asharecashflow,83,CONV_CORP_BONDS_DUE_WITHIN_1Y,"decimal(20,4)",YES,,
financedata,asharecashflow,84,FA_FNC_LEASES,"decimal(20,4)",YES,,
financedata,asharecashflow,85,END_BAL_CASH,"decimal(20,4)",YES,,
financedata,asharecashflow,86,LESS_BEG_BAL_CASH,"decimal(20,4)",YES,,
financedata,asharecashflow,87,PLUS_END_BAL_CASH_EQU,"decimal(20,4)",YES,,
financedata,asharecashflow,88,LESS_BEG_BAL_CASH_EQU,"decimal(20,4)",YES,,
financedata,asharecashflow,89,IM_NET_INCR_CASH_CASH_EQU,"decimal(20,4)",YES,,
financedata,asharecashflow,90,FREE_CASH_FLOW,"decimal(20,4)",YES,,
financedata,asharecashflow,91,COMP_TYPE_CODE,varchar(2),YES,,
financedata,asharecashflow,92,ACTUAL_ANN_DT,varchar(8),YES,,
financedata,asharecashflow,93,SPE_BAL_CASH_INFLOWS_OPER,"decimal(20,4)",YES,,
financedata,asharecashflow,94,TOT_BAL_CASH_INFLOWS_OPER,"decimal(20,4)",YES,,
financedata,asharecashflow,95,SPE_BAL_CASH_OUTFLOWS_OPER,"decimal(20,4)",YES,,
financedata,asharecashflow,96,TOT_BAL_CASH_OUTFLOWS_OPER,"decimal(20,4)",YES,,
financedata,asharecashflow,97,TOT_BAL_NETCASH_OUTFLOWS_OPER,"decimal(20,4)",YES,,
financedata,asharecashflow,98,SPE_BAL_CASH_INFLOWS_INV,"decimal(20,4)",YES,,
financedata,asharecashflow,99,TOT_BAL_CASH_INFLOWS_INV,"decimal(20,4)",YES,,
financedata,asharecashflow,100,SPE_BAL_CASH_OUTFLOWS_INV,"decimal(20,4)",YES,,
financedata,asharecashflow,101,TOT_BAL_CASH_OUTFLOWS_INV,"decimal(20,4)",YES,,
financedata,asharecashflow,102,TOT_BAL_NETCASH_OUTFLOWS_INV,"decimal(20,4)",YES,,
financedata,asharecashflow,103,SPE_BAL_CASH_INFLOWS_FNC,"decimal(20,4)",YES,,
financedata,asharecashflow,104,TOT_BAL_CASH_INFLOWS_FNC,"decimal(20,4)",YES,,
financedata,asharecashflow,105,SPE_BAL_CASH_OUTFLOWS_FNC,"decimal(20,4)",YES,,
financedata,asharecashflow,106,TOT_BAL_CASH_OUTFLOWS_FNC,"decimal(20,4)",YES,,
financedata,asharecashflow,107,TOT_BAL_NETCASH_OUTFLOWS_FNC,"decimal(20,4)",YES,,
financedata,asharecashflow,108,SPE_BAL_NETCASH_INC,"decimal(20,4)",YES,,
financedata,asharecashflow,109,TOT_BAL_NETCASH_INC,"decimal(20,4)",YES,,
financedata,asharecashflow,110,SPE_BAL_NETCASH_EQU_UNDIR,"decimal(20,4)",YES,,
financedata,asharecashflow,111,TOT_BAL_NETCASH_EQU_UNDIR,"decimal(20,4)",YES,,
financedata,asharecashflow,112,SPE_BAL_NETCASH_INC_UNDIR,"decimal(20,4)",YES,,
financedata,asharecashflow,113,TOT_BAL_NETCASH_INC_UNDIR,"decimal(20,4)",YES,,
financedata,asharecashflow,114,S_INFO_COMPCODE,varchar(10),YES,,
financedata,asharecashflow,115,S_DISMANTLE_CAPITAL_ADD_NET,"decimal(20,4)",YES,,
financedata,asharecashflow,116,IS_CALCULATION,"decimal(5,0)",YES,,
financedata,asharecashflow,117,SECURITIE_NETCASH_RECEIVED,"decimal(20,4)",YES,,
financedata,asharecashflow,118,OTHER_IMPAIR_LOSS_ASSETS,"decimal(20,4)",YES,,
financedata,asharecashflow,119,CREDIT_IMPAIRMENT_LOSS,"decimal(20,4)",YES,,
financedata,asharecashflow,120,RIGHT_USE_ASSETS_DEP,"decimal(20,4)",YES,,
financedata,asharecashflow,121,OTHER_ACCOUNTS,"decimal(20,4)",YES,,
financedata,asharecashflow,122,OPDATE,date,YES,MUL,
financedata,asharecashflow,123,OPMODE,varchar(1),YES,,
financedata,asharecompanyholdshares,1,OBJECT_ID,varchar(100),NO,PRI,
financedata,asharecompanyholdshares,2,S_INFO_WINDCODE,varchar(40),YES,MUL,
financedata,asharecompanyholdshares,3,ANN_DT,varchar(8),YES,MUL,
financedata,asharecompanyholdshares,4,ENDDATE,varchar(8),YES,,
financedata,asharecompanyholdshares,5,S_CAPITALOPERATION_COMPANYNAME,varchar(200),YES,,
financedata,asharecompanyholdshares,6,S_CAPITALOPERATION_COMPANYID,varchar(10),YES,,
financedata,asharecompanyholdshares,7,S_CAPITALOPERATION_COMAINBUS,varchar(1600),YES,,
financedata,asharecompanyholdshares,8,RELATIONS_CODE,varchar(40),YES,,
financedata,asharecompanyholdshares,9,S_CAPITALOPERATION_PCT,"decimal(20,4)",YES,,
financedata,asharecompanyholdshares,10,VOTING_RIGHTS,"decimal(20,4)",YES,,
financedata,asharecompanyholdshares,11,S_CAPITALOPERATION_AMOUNT,"decimal(20,4)",YES,,
financedata,asharecompanyholdshares,12,OPERATIONCRNCY_CODE,varchar(10),YES,,
financedata,asharecompanyholdshares,13,S_CAPITALOPERATION_COREGCAP,"decimal(20,4)",YES,,
financedata,asharecompanyholdshares,14,CAPITALCRNCY_CODE,varchar(10),YES,,
financedata,asharecompanyholdshares,15,IS_CONSOLIDATE,"decimal(5,0)",YES,,
financedata,asharecompanyholdshares,16,NOTCONSOLIDATE_REASON,varchar(500),YES,,
financedata,asharecompanyholdshares,17,OPDATE,date,YES,MUL,
financedata,asharecompanyholdshares,18,OPMODE,varchar(1),YES,,
financedata,ashareconsensusdata,1,OBJECT_ID,varchar(100),NO,PRI,
financedata,ashareconsensusdata,2,S_INFO_WINDCODE,varchar(40),YES,MUL,
financedata,ashareconsensusdata,3,WIND_CODE,varchar(40),YES,,
financedata,ashareconsensusdata,4,EST_DT,varchar(8),YES,MUL,
financedata,ashareconsensusdata,5,EST_REPORT_DT,varchar(8),YES,,
financedata,ashareconsensusdata,6,NUM_EST_INST,"decimal(20,0)",YES,,
financedata,ashareconsensusdata,7,EPS_AVG,"decimal(20,4)",YES,,
financedata,ashareconsensusdata,8,MAIN_BUS_INC_AVG,"decimal(20,4)",YES,,
financedata,ashareconsensusdata,9,NET_PROFIT_AVG,"decimal(20,4)",YES,,
financedata,ashareconsensusdata,10,EBIT_AVG,"decimal(20,4)",YES,,
financedata,ashareconsensusdata,11,EBITDA_AVG,"decimal(20,4)",YES,,
financedata,ashareconsensusdata,12,EPS_MEDIAN,"decimal(20,4)",YES,,
financedata,ashareconsensusdata,13,MAIN_BUS_INC_MEDIAN,"decimal(20,4)",YES,,
financedata,ashareconsensusdata,14,NET_PROFIT_MEDIAN,"decimal(20,4)",YES,,
financedata,ashareconsensusdata,15,EBIT_MEDIAN,"decimal(20,4)",YES,,
financedata,ashareconsensusdata,16,EBITDA_MEDIAN,"decimal(20,4)",YES,,
financedata,ashareconsensusdata,17,CONSEN_DATA_CYCLE_TYP,varchar(10),YES,,
financedata,ashareconsensusdata,18,EPS_DEV,"decimal(20,4)",YES,,
financedata,ashareconsensusdata,19,MAIN_BUS_INC_DEV,"decimal(20,4)",YES,,
financedata,ashareconsensusdata,20,NET_PROFIT_DEV,"decimal(20,4)",YES,,
financedata,ashareconsensusdata,21,EBIT_DEV,"decimal(20,4)",YES,,
financedata,ashareconsensusdata,22,EBITDA_DEV,"decimal(20,4)",YES,,
financedata,ashareconsensusdata,23,EPS_MAX,"decimal(20,4)",YES,,
financedata,ashareconsensusdata,24,EPS_MIN,"decimal(20,4)",YES,,
financedata,ashareconsensusdata,25,MAIN_BUS_INC_MAX,"decimal(20,4)",YES,,
financedata,ashareconsensusdata,26,MAIN_BUS_INC_MIN,"decimal(20,4)",YES,,
financedata,ashareconsensusdata,27,MAIN_BUS_INC_UPGRADE,"decimal(20,4)",YES,,
financedata,ashareconsensusdata,28,MAIN_BUS_INC_DOWNGRADE,"decimal(20,4)",YES,,
financedata,ashareconsensusdata,29,MAIN_BUS_INC_MAINTAIN,"decimal(20,4)",YES,,
financedata,ashareconsensusdata,30,NET_PROFIT_MAX,"decimal(20,4)",YES,,
financedata,ashareconsensusdata,31,NET_PROFIT_MIN,"decimal(20,4)",YES,,
financedata,ashareconsensusdata,32,NET_PROFIT_UPGRADE,"decimal(20,4)",YES,,
financedata,ashareconsensusdata,33,NET_PROFIT_DOWNGRADE,"decimal(20,4)",YES,,
financedata,ashareconsensusdata,34,NET_PROFIT_MAINTAIN,"decimal(20,4)",YES,,
financedata,ashareconsensusdata,35,S_EST_AVGCPS,"decimal(20,4)",YES,,
financedata,ashareconsensusdata,36,S_EST_MEDIANCPS,"decimal(20,4)",YES,,
financedata,ashareconsensusdata,37,S_EST_STDCPS,"decimal(20,4)",YES,,
financedata,ashareconsensusdata,38,S_EST_MAXCPS,"decimal(20,4)",YES,,
financedata,ashareconsensusdata,39,S_EST_MINCPS,"decimal(20,4)",YES,,
financedata,ashareconsensusdata,40,S_EST_AVGDPS,"decimal(20,4)",YES,,
financedata,ashareconsensusdata,41,S_EST_MEDIANDPS,"decimal(20,4)",YES,,
financedata,ashareconsensusdata,42,S_EST_STDDPS,"decimal(20,4)",YES,,
financedata,ashareconsensusdata,43,S_EST_MAXDPS,"decimal(20,4)",YES,,
financedata,ashareconsensusdata,44,S_EST_MINDPS,"decimal(20,4)",YES,,
financedata,ashareconsensusdata,45,EBIT_MAX,"decimal(20,4)",YES,,
financedata,ashareconsensusdata,46,EBIT_MIN,"decimal(20,4)",YES,,
financedata,ashareconsensusdata,47,EBITDA_MAX,"decimal(20,4)",YES,,
financedata,ashareconsensusdata,48,EBITDA_MIN,"decimal(20,4)",YES,,
financedata,ashareconsensusdata,49,S_EST_AVGBPS,"decimal(20,4)",YES,,
financedata,ashareconsensusdata,50,S_EST_MEDIANBPS,"decimal(20,4)",YES,,
financedata,ashareconsensusdata,51,S_EST_STDBPS,"decimal(20,4)",YES,,
financedata,ashareconsensusdata,52,S_EST_MAXBPS,"decimal(20,4)",YES,,
financedata,ashareconsensusdata,53,S_EST_MINBPS,"decimal(20,4)",YES,,
financedata,ashareconsensusdata,54,S_EST_AVGEBT,"decimal(20,4)",YES,,
financedata,ashareconsensusdata,55,S_EST_MEDIANEBT,"decimal(20,4)",YES,,
financedata,ashareconsensusdata,56,S_EST_STDEBT,"decimal(20,4)",YES,,
financedata,ashareconsensusdata,57,S_EST_MAXEBT,"decimal(20,4)",YES,,
financedata,ashareconsensusdata,58,S_EST_MINEBT,"decimal(20,4)",YES,,
financedata,ashareconsensusdata,59,S_EST_AVGROA,"decimal(20,4)",YES,,
financedata,ashareconsensusdata,60,S_EST_MEDIANROA,"decimal(20,4)",YES,,
financedata,ashareconsensusdata,61,S_EST_STDROA,"decimal(20,4)",YES,,
financedata,ashareconsensusdata,62,S_EST_MAXROA,"decimal(20,4)",YES,,
financedata,ashareconsensusdata,63,S_EST_MINROA,"decimal(20,4)",YES,,
financedata,ashareconsensusdata,64,S_EST_AVGROE,"decimal(20,4)",YES,,
financedata,ashareconsensusdata,65,S_EST_MEDIANROE,"decimal(20,4)",YES,,
financedata,ashareconsensusdata,66,S_EST_STDROE,"decimal(20,4)",YES,,
financedata,ashareconsensusdata,67,S_EST_MAXROE,"decimal(20,4)",YES,,
financedata,ashareconsensusdata,68,S_EST_MINROE,"decimal(20,4)",YES,,
financedata,ashareconsensusdata,69,S_EST_AVGOPERATINGPROFIT,"decimal(20,4)",YES,,
financedata,ashareconsensusdata,70,S_EST_MEDIANOPERATINGPROFIT,"decimal(20,4)",YES,,
financedata,ashareconsensusdata,71,S_EST_STDOPERATINGPROFIT,"decimal(20,4)",YES,,
financedata,ashareconsensusdata,72,S_EST_MAXOPERATINGPROFIT,"decimal(20,4)",YES,,
financedata,ashareconsensusdata,73,S_EST_MINOPERATINGPROFIT,"decimal(20,4)",YES,,
financedata,ashareconsensusdata,74,S_EST_EPSINSTNUM,"decimal(20,4)",YES,,
financedata,ashareconsensusdata,75,S_EST_MAINBUSINCINSTNUM,"decimal(20,4)",YES,,
financedata,ashareconsensusdata,76,S_EST_NETPROFITINSTNUM,"decimal(20,4)",YES,,
financedata,ashareconsensusdata,77,S_EST_CPSINSTNUM,"decimal(20,4)",YES,,
financedata,ashareconsensusdata,78,S_EST_DPSINSTNUM,"decimal(20,4)",YES,,
financedata,ashareconsensusdata,79,S_EST_EBITINSTNUM,"decimal(20,4)",YES,,
financedata,ashareconsensusdata,80,S_EST_EBITDAINSTNUM,"decimal(20,4)",YES,,
financedata,ashareconsensusdata,81,S_EST_BPSINSTNUM,"decimal(20,4)",YES,,
financedata,ashareconsensusdata,82,S_EST_EBTINSTNUM,"decimal(20,4)",YES,,
financedata,ashareconsensusdata,83,S_EST_ROAINSTNUM,"decimal(20,4)",YES,,
financedata,ashareconsensusdata,84,S_EST_ROEINSTNUM,"decimal(20,4)",YES,,
financedata,ashareconsensusdata,85,S_EST_OPROFITINSTNUM,"decimal(20,4)",YES,,
financedata,ashareconsensusdata,86,S_EST_AVGOC,"decimal(20,4)",YES,,
financedata,ashareconsensusdata,87,S_EST_MEDIAOC,"decimal(20,4)",YES,,
financedata,ashareconsensusdata,88,S_EST_STOC,"decimal(20,4)",YES,,
financedata,ashareconsensusdata,89,S_EST_MAXOC,"decimal(20,4)",YES,,
financedata,ashareconsensusdata,90,S_EST_MINOC,"decimal(20,4)",YES,,
financedata,ashareconsensusdata,91,S_EST_OCINSTNUM,"decimal(20,4)",YES,,
financedata,ashareconsensusdata,92,S_EST_BASESHARE,"decimal(20,4)",YES,,
financedata,ashareconsensusdata,93,S_EST_YEARTYPE,varchar(20),YES,,
financedata,ashareconsensusdata,94,OPDATE,date,YES,MUL,
financedata,ashareconsensusdata,95,OPMODE,varchar(1),YES,,
financedata,ashareconsensusrollingdata,1,OBJECT_ID,varchar(100),NO,PRI,
financedata,ashareconsensusrollingdata,2,S_INFO_WINDCODE,varchar(40),YES,MUL,
financedata,ashareconsensusrollingdata,3,EST_DT,varchar(8),YES,MUL,
financedata,ashareconsensusrollingdata,4,ROLLING_TYPE,varchar(10),YES,MUL,
financedata,ashareconsensusrollingdata,5,NET_PROFIT,"decimal(20,4)",YES,,
financedata,ashareconsensusrollingdata,6,EST_EPS,"decimal(20,4)",YES,,
financedata,ashareconsensusrollingdata,7,EST_PE,"decimal(20,4)",YES,,
financedata,ashareconsensusrollingdata,8,EST_PEG,"decimal(20,4)",YES,,
financedata,ashareconsensusrollingdata,9,EST_PB,"decimal(20,4)",YES,,
financedata,ashareconsensusrollingdata,10,EST_ROE,"decimal(20,4)",YES,,
financedata,ashareconsensusrollingdata,11,EST_OPER_REVENUE,"decimal(20,4)",YES,,
financedata,ashareconsensusrollingdata,12,EST_CFPS,"decimal(20,4)",YES,,
financedata,ashareconsensusrollingdata,13,EST_DPS,"decimal(20,4)",YES,,
financedata,ashareconsensusrollingdata,14,EST_BPS,"decimal(20,4)",YES,,
financedata,ashareconsensusrollingdata,15,EST_EBIT,"decimal(20,4)",YES,,
financedata,ashareconsensusrollingdata,16,EST_EBITDA,"decimal(20,4)",YES,,
financedata,ashareconsensusrollingdata,17,EST_TOTAL_PROFIT,"decimal(20,4)",YES,,
financedata,ashareconsensusrollingdata,18,EST_OPER_PROFIT,"decimal(20,4)",YES,,
financedata,ashareconsensusrollingdata,19,EST_OPER_COST,"decimal(20,4)",YES,,
financedata,ashareconsensusrollingdata,20,BENCHMARK_YR,varchar(8),YES,,
financedata,ashareconsensusrollingdata,21,EST_BASESHARE,"decimal(20,4)",YES,,
financedata,ashareconsensusrollingdata,22,OPDATE,date,YES,MUL,
financedata,ashareconsensusrollingdata,23,OPMODE,varchar(1),YES,,
financedata,ashareconseption,1,OBJECT_ID,varchar(100),NO,PRI,
financedata,ashareconseption,2,S_INFO_WINDCODE,varchar(40),YES,MUL,
financedata,ashareconseption,3,WIND_SEC_CODE,varchar(50),YES,,
financedata,ashareconseption,4,WIND_SEC_NAME,varchar(100),YES,,
financedata,ashareconseption,5,ENTRY_DT,varchar(8),YES,MUL,
financedata,ashareconseption,6,REMOVE_DT,varchar(8),YES,,
financedata,ashareconseption,7,CUR_SIGN,varchar(10),YES,,
financedata,ashareconseption,8,OPDATE,date,YES,MUL,
financedata,ashareconseption,9,OPMODE,varchar(1),YES,,
financedata,asharecsindustriesclass,1,OBJECT_ID,varchar(100),NO,PRI,
financedata,asharecsindustriesclass,2,S_INFO_WINDCODE,varchar(40),YES,MUL,
financedata,asharecsindustriesclass,3,CS_IND_CODE,varchar(50),YES,,
financedata,asharecsindustriesclass,4,ENTRY_DT,varchar(8),YES,MUL,
financedata,asharecsindustriesclass,5,REMOVE_DT,varchar(8),YES,,
financedata,asharecsindustriesclass,6,CUR_SIGN,varchar(10),YES,,
financedata,asharecsindustriesclass,7,OPDATE,date,YES,MUL,
financedata,asharecsindustriesclass,8,OPMODE,varchar(1),YES,,
financedata,asharecsindustriesclass,9,CS_IND4_CODE,varchar(50),YES,,
financedata,asharedescription,1,OBJECT_ID,varchar(100),NO,PRI,
financedata,asharedescription,2,S_INFO_WINDCODE,varchar(40),YES,MUL,
financedata,asharedescription,3,S_INFO_CODE,varchar(40),YES,,
financedata,asharedescription,4,S_INFO_NAME,varchar(50),YES,MUL,
financedata,asharedescription,5,S_INFO_COMPNAME,varchar(100),YES,,
financedata,asharedescription,6,S_INFO_COMPNAMEENG,varchar(100),YES,,
financedata,asharedescription,7,S_INFO_ISINCODE,varchar(40),YES,,
financedata,asharedescription,8,S_INFO_EXCHMARKET,varchar(40),YES,,
financedata,asharedescription,9,S_INFO_LISTBOARD,varchar(10),YES,,
financedata,asharedescription,10,S_INFO_LISTDATE,varchar(8),YES,,
financedata,asharedescription,11,S_INFO_DELISTDATE,varchar(8),YES,,
financedata,asharedescription,12,S_INFO_SEDOLCODE,varchar(40),YES,,
financedata,asharedescription,13,CRNCY_CODE,varchar(10),YES,,
financedata,asharedescription,14,S_INFO_PINYIN,varchar(40),YES,,
financedata,asharedescription,15,S_INFO_LISTBOARDNAME,varchar(10),YES,,
financedata,asharedescription,16,IS_SHSC,"decimal(5,0)",YES,,
financedata,asharedescription,17,S_INFO_COMPCODE,varchar(100),YES,,
financedata,asharedescription,18,OPDATE,date,YES,MUL,
financedata,asharedescription,19,OPMODE,varchar(1),YES,,
financedata,asharedividend,1,OBJECT_ID,varchar(100),NO,PRI,
financedata,asharedividend,2,WIND_CODE,varchar(40),YES,,
financedata,asharedividend,3,S_INFO_WINDCODE,varchar(40),YES,MUL,
financedata,asharedividend,4,S_DIV_PROGRESS,varchar(10),YES,,
financedata,asharedividend,5,STK_DVD_PER_SH,"decimal(20,8)",YES,,
financedata,asharedividend,6,CASH_DVD_PER_SH_PRE_TAX,"decimal(24,8)",YES,,
financedata,asharedividend,7,CASH_DVD_PER_SH_AFTER_TAX,"decimal(24,8)",YES,,
financedata,asharedividend,8,EQY_RECORD_DT,varchar(8),YES,,
financedata,asharedividend,9,EX_DT,varchar(8),YES,,
financedata,asharedividend,10,DVD_PAYOUT_DT,varchar(8),YES,,
financedata,asharedividend,11,LISTING_DT_OF_DVD_SHR,varchar(8),YES,,
financedata,asharedividend,12,S_DIV_PRELANDATE,varchar(8),YES,,
financedata,asharedividend,13,S_DIV_SMTGDATE,varchar(8),YES,,
financedata,asharedividend,14,DVD_ANN_DT,varchar(8),YES,,
financedata,asharedividend,15,S_DIV_BASEDATE,varchar(8),YES,,
financedata,asharedividend,16,S_DIV_BASESHARE,"decimal(20,4)",YES,,
financedata,asharedividend,17,CRNCY_CODE,varchar(10),YES,,
financedata,asharedividend,18,ANN_DT,varchar(8),YES,MUL,
financedata,asharedividend,19,IS_CHANGED,"decimal(5,0)",YES,,
financedata,asharedividend,20,REPORT_PERIOD,varchar(8),YES,MUL,
financedata,asharedividend,21,S_DIV_CHANGE,varchar(1000),YES,,
financedata,asharedividend,22,S_DIV_BONUSRATE,"decimal(20,8)",YES,,
financedata,asharedividend,23,S_DIV_CONVERSEDRATE,"decimal(20,8)",YES,,
financedata,asharedividend,24,MEMO,varchar(200),YES,,
financedata,asharedividend,25,S_DIV_PREANNDT,varchar(8),YES,,
financedata,asharedividend,26,S_DIV_OBJECT,varchar(100),YES,,
financedata,asharedividend,27,IS_TRANSFER,"decimal(1,0)",YES,,
financedata,asharedividend,28,DISTRI_PROFIT_CONSOLIDATE,"decimal(20,4)",YES,,
financedata,asharedividend,29,DISTRI_PROFIT_PARENT_COMP,"decimal(20,4)",YES,,
financedata,asharedividend,30,TOT_CASH_DVD,"decimal(20,4)",YES,,
financedata,asharedividend,31,OTHER_TOT_CASH_DVD,"decimal(20,4)",YES,,
financedata,asharedividend,32,OPDATE,date,YES,MUL,
financedata,asharedividend,33,OPMODE,varchar(1),YES,,
financedata,asharedividend,34,DIVIDEND_BATCH,"decimal(20,0)",YES,,
financedata,asharedividend,35,TOT_SHR,"decimal(20,4)",YES,,
financedata,asharedividend,36,DIV_BONUSRATE_DIF,"decimal(24,8)",YES,,
financedata,asharedividend,37,DISTRIBUTION_MODEL,"decimal(20,0)",YES,,
financedata,asharedividend,38,SEC_ID,varchar(10),YES,,
financedata,asharedividend,39,CASH_DVD_PER_SH_PRE_TAX_DIF,"decimal(24,8)",YES,,
financedata,asharedividend,40,DIV_CONVERSEDRATE_DIF,"decimal(24,8)",YES,,
financedata,asharedividend,41,ANN_ID,"decimal(11,0)",YES,,
financedata,asharedividend,42,CASH_DVD_PER_SH_AFTER_TAX1,"decimal(24,8)",YES,,
financedata,ashareearningest,1,OBJECT_ID,varchar(100),NO,PRI,
financedata,ashareearningest,2,S_INFO_WINDCODE,varchar(40),YES,MUL,
financedata,ashareearningest,3,WIND_CODE,varchar(40),YES,,
financedata,ashareearningest,4,RESEARCH_INST_NAME,varchar(20),YES,,
financedata,ashareearningest,5,ANALYST_NAME,varchar(20),YES,,
financedata,ashareearningest,6,EST_DT,varchar(8),YES,MUL,
financedata,ashareearningest,7,REPORTING_PERIOD,varchar(8),YES,,
financedata,ashareearningest,8,EST_EPS_DILUTED,"decimal(20,4)",YES,,
financedata,ashareearningest,9,EST_NET_PROFIT,"decimal(20,4)",YES,,
financedata,ashareearningest,10,EST_MAIN_BUS_INC,"decimal(20,4)",YES,,
financedata,ashareearningest,11,EST_EBIT,"decimal(20,4)",YES,,
financedata,ashareearningest,12,EST_EBITDA,"decimal(20,4)",YES,,
financedata,ashareearningest,13,EST_BASE_CAP,"decimal(20,4)",YES,,
financedata,ashareearningest,14,ANN_DT,varchar(8),YES,MUL,
financedata,ashareearningest,15,S_EST_CPS,"decimal(20,4)",YES,,
financedata,ashareearningest,16,S_EST_DPS,"decimal(20,4)",YES,,
financedata,ashareearningest,17,S_EST_BPS,"decimal(20,4)",YES,,
financedata,ashareearningest,18,S_EST_EBT,"decimal(20,4)",YES,,
financedata,ashareearningest,19,S_EST_ROA,"decimal(20,4)",YES,,
financedata,ashareearningest,20,S_EST_ROE,"decimal(20,4)",YES,,
financedata,ashareearningest,21,S_EST_OPROFIT,"decimal(20,4)",YES,,
financedata,ashareearningest,22,S_EST_EPSDILUTED,"decimal(20,4)",YES,,
financedata,ashareearningest,23,S_EST_EPSBASIC,"decimal(20,4)",YES,,
financedata,ashareearningest,24,S_EST_OC,"decimal(20,4)",YES,,
financedata,ashareearningest,25,S_EST_NPCAL,"decimal(20,4)",YES,,
financedata,ashareearningest,26,S_EST_EPSCAL,"decimal(20,4)",YES,,
financedata,ashareearningest,27,S_EST_NPRATE,"decimal(20,4)",YES,,
financedata,ashareearningest,28,S_EST_EPSRATE,"decimal(20,4)",YES,,
financedata,ashareearningest,29,S_EST_PE,"decimal(20,4)",YES,,
financedata,ashareearningest,30,S_EST_PB,"decimal(20,4)",YES,,
financedata,ashareearningest,31,S_EST_EVEBITDA,"decimal(20,4)",YES,,
financedata,ashareearningest,32,S_EST_DIVIDENDYIELD,"decimal(20,4)",YES,,
financedata,ashareearningest,33,S_EST_ENDDATE,varchar(8),YES,,
financedata,ashareearningest,34,S_EST_OPE,"decimal(10,4)",YES,,
financedata,ashareearningest,35,ANALYST_ID,varchar(200),YES,,
financedata,ashareearningest,36,COLLECT_TIME,date,YES,,
financedata,ashareearningest,37,FIRST_OPTIME,date,YES,,
financedata,ashareearningest,38,REPORT_TYPECODE,"decimal(9,0)",YES,,
financedata,ashareearningest,39,REPORT_NAME,varchar(1024),YES,,
financedata,ashareearningest,40,REPORT_SUMMARY,longtext,YES,,
financedata,ashareearningest,41,EST_BASE_CAP_DIF_CODE,"decimal(9,0)",YES,,
financedata,ashareearningest,42,OPDATE,date,YES,MUL,
financedata,ashareearningest,43,OPMODE,varchar(1),YES,,
financedata,ashareeodderivativeindicator,1,OBJECT_ID,varchar(100),NO,PRI,
financedata,ashareeodderivativeindicator,2,S_INFO_WINDCODE,varchar(40),YES,MUL,
financedata,ashareeodderivativeindicator,3,TRADE_DT,varchar(8),YES,MUL,
financedata,ashareeodderivativeindicator,4,CRNCY_CODE,varchar(10),YES,,
financedata,ashareeodderivativeindicator,5,S_VAL_MV,"decimal(20,4)",YES,,
financedata,ashareeodderivativeindicator,6,S_DQ_MV,"decimal(20,4)",YES,,
financedata,ashareeodderivativeindicator,7,S_PQ_HIGH_52W_,"decimal(20,4)",YES,,
financedata,ashareeodderivativeindicator,8,S_PQ_LOW_52W_,"decimal(20,4)",YES,,
financedata,ashareeodderivativeindicator,9,S_VAL_PE,"decimal(20,4)",YES,,
financedata,ashareeodderivativeindicator,10,S_VAL_PB_NEW,"decimal(20,4)",YES,,
financedata,ashareeodderivativeindicator,11,S_VAL_PE_TTM,"decimal(20,4)",YES,,
financedata,ashareeodderivativeindicator,12,S_VAL_PCF_OCF,"decimal(20,4)",YES,,
financedata,ashareeodderivativeindicator,13,S_VAL_PCF_OCFTTM,"decimal(20,4)",YES,,
financedata,ashareeodderivativeindicator,14,S_VAL_PCF_NCF,"decimal(20,4)",YES,,
financedata,ashareeodderivativeindicator,15,S_VAL_PCF_NCFTTM,"decimal(20,4)",YES,,
financedata,ashareeodderivativeindicator,16,S_VAL_PS,"decimal(20,4)",YES,,
financedata,ashareeodderivativeindicator,17,S_VAL_PS_TTM,"decimal(20,4)",YES,,
financedata,ashareeodderivativeindicator,18,S_DQ_TURN,"decimal(20,4)",YES,,
financedata,ashareeodderivativeindicator,19,S_DQ_FREETURNOVER,"decimal(20,4)",YES,,
financedata,ashareeodderivativeindicator,20,TOT_SHR_TODAY,"decimal(20,4)",YES,,
financedata,ashareeodderivativeindicator,21,FLOAT_A_SHR_TODAY,"decimal(20,4)",YES,,
financedata,ashareeodderivativeindicator,22,S_DQ_CLOSE_TODAY,"decimal(20,4)",YES,,
financedata,ashareeodderivativeindicator,23,S_PRICE_DIV_DPS,"decimal(20,4)",YES,,
financedata,ashareeodderivativeindicator,24,S_PQ_ADJHIGH_52W,"decimal(20,4)",YES,,
financedata,ashareeodderivativeindicator,25,S_PQ_ADJLOW_52W,"decimal(20,4)",YES,,
financedata,ashareeodderivativeindicator,26,FREE_SHARES_TODAY,"decimal(20,4)",YES,,
financedata,ashareeodderivativeindicator,27,NET_PROFIT_PARENT_COMP_TTM,"decimal(20,4)",YES,,
financedata,ashareeodderivativeindicator,28,NET_PROFIT_PARENT_COMP_LYR,"decimal(20,4)",YES,,
financedata,ashareeodderivativeindicator,29,NET_ASSETS_TODAY,"decimal(20,4)",YES,,
financedata,ashareeodderivativeindicator,30,NET_CASH_FLOWS_OPER_ACT_TTM,"decimal(20,4)",YES,,
financedata,ashareeodderivativeindicator,31,NET_CASH_FLOWS_OPER_ACT_LYR,"decimal(20,4)",YES,,
financedata,ashareeodderivativeindicator,32,OPER_REV_TTM,"decimal(20,4)",YES,,
financedata,ashareeodderivativeindicator,33,OPER_REV_LYR,"decimal(20,4)",YES,,
financedata,ashareeodderivativeindicator,34,NET_INCR_CASH_CASH_EQU_TTM,"decimal(20,4)",YES,,
financedata,ashareeodderivativeindicator,35,NET_INCR_CASH_CASH_EQU_LYR,"decimal(20,4)",YES,,
financedata,ashareeodderivativeindicator,36,UP_DOWN_LIMIT_STATUS,"decimal(2,0)",YES,,
financedata,ashareeodderivativeindicator,37,LOWEST_HIGHEST_STATUS,"decimal(2,0)",YES,,
financedata,ashareeodderivativeindicator,38,OPDATE,date,YES,MUL,
financedata,ashareeodderivativeindicator,39,OPMODE,varchar(1),YES,,
financedata,ashareeodderivativeindicator,40,CRNCY_CODE2,varchar(10),YES,,
financedata,ashareeodderivativeindicator,41,S_INFO_ASHARECODE,varchar(10),YES,,
financedata,ashareeodprices,1,OBJECT_ID,varchar(100),NO,PRI,
financedata,ashareeodprices,2,S_INFO_WINDCODE,varchar(40),YES,MUL,
financedata,ashareeodprices,3,TRADE_DT,varchar(8),YES,MUL,
financedata,ashareeodprices,4,CRNCY_CODE,varchar(10),YES,,
financedata,ashareeodprices,5,S_DQ_PRECLOSE,"decimal(20,4)",YES,,
financedata,ashareeodprices,6,S_DQ_OPEN,"decimal(20,4)",YES,,
financedata,ashareeodprices,7,S_DQ_HIGH,"decimal(20,4)",YES,,
financedata,ashareeodprices,8,S_DQ_LOW,"decimal(20,4)",YES,,
financedata,ashareeodprices,9,S_DQ_CLOSE,"decimal(20,4)",YES,,
financedata,ashareeodprices,10,S_DQ_CHANGE,"decimal(20,4)",YES,,
financedata,ashareeodprices,11,S_DQ_PCTCHANGE,"decimal(20,4)",YES,,
financedata,ashareeodprices,12,S_DQ_VOLUME,"decimal(20,4)",YES,,
financedata,ashareeodprices,13,S_DQ_AMOUNT,"decimal(20,4)",YES,,
financedata,ashareeodprices,14,S_DQ_ADJPRECLOSE,"decimal(20,4)",YES,,
financedata,ashareeodprices,15,S_DQ_ADJOPEN,"decimal(20,4)",YES,,
financedata,ashareeodprices,16,S_DQ_ADJHIGH,"decimal(20,4)",YES,,
financedata,ashareeodprices,17,S_DQ_ADJLOW,"decimal(20,4)",YES,,
financedata,ashareeodprices,18,S_DQ_ADJCLOSE,"decimal(20,4)",YES,,
financedata,ashareeodprices,19,S_DQ_ADJFACTOR,"decimal(20,6)",YES,,
financedata,ashareeodprices,20,S_DQ_AVGPRICE,"decimal(20,4)",YES,,
financedata,ashareeodprices,21,S_DQ_TRADESTATUS,varchar(10),YES,,
financedata,ashareeodprices,22,S_DQ_TRADESTATUSCODE,"decimal(5,0)",YES,,
financedata,ashareeodprices,23,S_DQ_LIMIT,"decimal(20,4)",YES,,
financedata,ashareeodprices,24,S_DQ_STOPPING,"decimal(20,4)",YES,,
financedata,ashareeodprices,25,S_DQ_ADJCLOSE_BACKWARD,"decimal(20,4)",YES,,
financedata,ashareeodprices,26,OPDATE,date,YES,MUL,
financedata,ashareeodprices,27,OPMODE,varchar(1),YES,,
financedata,asharefinancialderivative,1,OBJECT_ID,varchar(38),NO,PRI,
financedata,asharefinancialderivative,2,S_INFO_COMPCODE,varchar(10),YES,,
financedata,asharefinancialderivative,3,BEGINDATE,varchar(8),YES,,
financedata,asharefinancialderivative,4,ENDDATE,varchar(8),YES,,
financedata,asharefinancialderivative,5,INTERVAL_LENGTH,"decimal(20,4)",YES,,
financedata,asharefinancialderivative,6,FISCALYEAR,varchar(8),YES,,
financedata,asharefinancialderivative,7,REPORT_TYPE,varchar(20),YES,,
financedata,asharefinancialderivative,8,STATEMENT_TYPE,varchar(40),YES,,
financedata,asharefinancialderivative,9,CRNCY_CODE,varchar(10),YES,,
financedata,asharefinancialderivative,10,TOT_SHR,"decimal(20,4)",YES,,
financedata,asharefinancialderivative,11,OPPROFIT1,"decimal(20,4)",YES,,
financedata,asharefinancialderivative,12,OPERATEINCOME,"decimal(20,4)",YES,,
financedata,asharefinancialderivative,13,INVESTINCOME,"decimal(20,4)",YES,,
financedata,asharefinancialderivative,14,S_STM_IS,"decimal(20,4)",YES,,
financedata,asharefinancialderivative,15,EBIT,"decimal(20,4)",YES,,
financedata,asharefinancialderivative,16,EBITDA,"decimal(20,4)",YES,,
financedata,asharefinancialderivative,17,FCFF,"decimal(20,4)",YES,,
financedata,asharefinancialderivative,18,FCFE,"decimal(20,4)",YES,,
financedata,asharefinancialderivative,19,EXINTERESTDEBT_CURRENT,"decimal(20,4)",YES,,
financedata,asharefinancialderivative,20,EXINTERESTDEBT_NONCURRENT,"decimal(20,4)",YES,,
financedata,asharefinancialderivative,21,INTERESTDEBT,"decimal(20,4)",YES,,
financedata,asharefinancialderivative,22,NETDEBT,"decimal(20,4)",YES,,
financedata,asharefinancialderivative,23,TANGIBLEASSET,"decimal(20,4)",YES,,
financedata,asharefinancialderivative,24,WORKINGCAPITAL,"decimal(20,4)",YES,,
financedata,asharefinancialderivative,25,NETWORKINGCAPITAL,"decimal(20,4)",YES,,
financedata,asharefinancialderivative,26,INVESTCAPITAL,"decimal(20,4)",YES,,
financedata,asharefinancialderivative,27,RETAINEDEARNINGS,"decimal(20,4)",YES,,
financedata,asharefinancialderivative,28,EPS_BASIC,"decimal(20,4)",YES,,
financedata,asharefinancialderivative,29,EPS_DILUTED,"decimal(20,4)",YES,,
financedata,asharefinancialderivative,30,EPS_DILUTED2,"decimal(20,4)",YES,,
financedata,asharefinancialderivative,31,EPS_DILUTED3,"decimal(20,4)",YES,,
financedata,asharefinancialderivative,32,BPS,"decimal(20,4)",YES,,
financedata,asharefinancialderivative,33,OCFPS,"decimal(20,4)",YES,,
financedata,asharefinancialderivative,34,GRPS,"decimal(20,4)",YES,,
financedata,asharefinancialderivative,35,ORPS,"decimal(20,4)",YES,,
financedata,asharefinancialderivative,36,SURPLUSCAPITALPS,"decimal(20,4)",YES,,
financedata,asharefinancialderivative,37,RETAINEDPS,"decimal(20,4)",YES,,
financedata,asharefinancialderivative,38,CFPS,"decimal(20,4)",YES,,
financedata,asharefinancialderivative,39,EBITPS,"decimal(20,4)",YES,,
financedata,asharefinancialderivative,40,FCFFPS,"decimal(20,4)",YES,,
financedata,asharefinancialderivative,41,FCFEPS,"decimal(20,4)",YES,,
financedata,asharefinancialderivative,42,NETPROFITMARGIN,"decimal(20,4)",YES,,
financedata,asharefinancialderivative,43,GROSSPROFITMARGIN,"decimal(20,4)",YES,,
financedata,asharefinancialderivative,44,COGSTOSALES,"decimal(20,4)",YES,,
financedata,asharefinancialderivative,45,PROFITTOGR,"decimal(20,4)",YES,,
financedata,asharefinancialderivative,46,SALEEXPENSETOGR,"decimal(20,4)",YES,,
financedata,asharefinancialderivative,47,ADMINEXPENSETOGR,"decimal(20,4)",YES,,
financedata,asharefinancialderivative,48,FINAEXPENSETOGR,"decimal(20,4)",YES,,
financedata,asharefinancialderivative,49,GCTOGR,"decimal(20,4)",YES,,
financedata,asharefinancialderivative,50,OPTOGR,"decimal(20,4)",YES,,
financedata,asharefinancialderivative,51,EBITTOGR,"decimal(20,4)",YES,,
financedata,asharefinancialderivative,52,ROE,"decimal(20,4)",YES,,
financedata,asharefinancialderivative,53,ROE_DEDUCTED,"decimal(20,4)",YES,,
financedata,asharefinancialderivative,54,ROA2,"decimal(20,4)",YES,,
financedata,asharefinancialderivative,55,ROA,"decimal(20,4)",YES,,
financedata,asharefinancialderivative,56,ROIC,"decimal(20,4)",YES,,
financedata,asharefinancialderivative,57,ROE_YEARLY,"decimal(20,4)",YES,,
financedata,asharefinancialderivative,58,ROA2_YEARLY,"decimal(20,4)",YES,,
financedata,asharefinancialderivative,59,ROA_YEARLY,"decimal(20,4)",YES,,
financedata,asharefinancialderivative,60,ROIC_YEARLY,"decimal(20,4)",YES,,
financedata,asharefinancialderivative,61,OPERATEINCOMETOEBT,"decimal(20,4)",YES,,
financedata,asharefinancialderivative,62,INVESTINCOMETOEBT,"decimal(20,4)",YES,,
financedata,asharefinancialderivative,63,NONOPERATEPROFITTOEBT,"decimal(20,4)",YES,,
financedata,asharefinancialderivative,64,TAXTOEBT,"decimal(20,4)",YES,,
financedata,asharefinancialderivative,65,CONTINUED_NET_PROFIT,"decimal(20,4)",YES,,
financedata,asharefinancialderivative,66,NONNETOPTOTAXPROFIT,"decimal(20,4)",YES,,
financedata,asharefinancialderivative,67,OCFTOOR,"decimal(20,4)",YES,,
financedata,asharefinancialderivative,68,OCFTOOR1,"decimal(20,4)",YES,,
financedata,asharefinancialderivative,69,CAPITALIZEDTODA,"decimal(20,4)",YES,,
financedata,asharefinancialderivative,70,DEBTTOASSETS,"decimal(20,4)",YES,,
financedata,asharefinancialderivative,71,ASSETSTOEQUITY,"decimal(20,4)",YES,,
financedata,asharefinancialderivative,72,DUPONT_ASSETSTOEQUITY,"decimal(20,4)",YES,,
financedata,asharefinancialderivative,73,CATOASSETS,"decimal(20,4)",YES,,
financedata,asharefinancialderivative,74,NCATOASSETS,"decimal(20,4)",YES,,
financedata,asharefinancialderivative,75,TANGIBLEASSETSTOASSETS,"decimal(20,4)",YES,,
financedata,asharefinancialderivative,76,INTDEBTTOTOTALCAP,"decimal(20,4)",YES,,
financedata,asharefinancialderivative,77,EQUITYTOTOTALCAPITAL,"decimal(20,4)",YES,,
financedata,asharefinancialderivative,78,CURRENTDEBTTODEBT,"decimal(20,4)",YES,,
financedata,asharefinancialderivative,79,LONGDEBTODEBT,"decimal(20,4)",YES,,
financedata,asharefinancialderivative,80,CURRENT1,"decimal(20,4)",YES,,
financedata,asharefinancialderivative,81,QUICK,"decimal(20,4)",YES,,
financedata,asharefinancialderivative,82,CASHRATIO,"decimal(20,4)",YES,,
financedata,asharefinancialderivative,83,OCFTOSHORTDEBT,"decimal(20,4)",YES,,
financedata,asharefinancialderivative,84,DEBTTOEQUITY,"decimal(20,4)",YES,,
financedata,asharefinancialderivative,85,EQUITYTODEBT,"decimal(20,4)",YES,,
financedata,asharefinancialderivative,86,EQUITYTOINTERESTDEBT,"decimal(20,4)",YES,,
financedata,asharefinancialderivative,87,TANGIBLEASSETTODEBT,"decimal(20,4)",YES,,
financedata,asharefinancialderivative,88,TANGASSETTOINTDEBT,"decimal(20,4)",YES,,
financedata,asharefinancialderivative,89,TANGIBLEASSETTONETDEBT1,"decimal(20,4)",YES,,
financedata,asharefinancialderivative,90,OCFTODEBT,"decimal(20,4)",YES,,
financedata,asharefinancialderivative,91,OCFTOINTERESTDEBT,"decimal(20,4)",YES,,
financedata,asharefinancialderivative,92,TANGIBLEASSETTONETDEBT2,"decimal(20,4)",YES,,
financedata,asharefinancialderivative,93,EBITTOINTEREST,"decimal(20,4)",YES,,
financedata,asharefinancialderivative,94,LONGDEBTTOWORKINGCAPITAL,"decimal(20,4)",YES,,
financedata,asharefinancialderivative,95,EBITDATODEBT,"decimal(20,4)",YES,,
financedata,asharefinancialderivative,96,TURNDAYS,"decimal(20,4)",YES,,
financedata,asharefinancialderivative,97,INVTURNDAYS,"decimal(20,4)",YES,,
financedata,asharefinancialderivative,98,ARTURNDAYS,"decimal(20,4)",YES,,
financedata,asharefinancialderivative,99,INVTURN,"decimal(20,4)",YES,,
financedata,asharefinancialderivative,100,ARTURN,"decimal(20,4)",YES,,
financedata,asharefinancialderivative,101,CATURN,"decimal(20,4)",YES,,
financedata,asharefinancialderivative,102,FATURN,"decimal(20,4)",YES,,
financedata,asharefinancialderivative,103,ASSETSTURN,"decimal(20,4)",YES,,
financedata,asharefinancialderivative,104,OCFTOPROFIT,"decimal(20,4)",YES,,
financedata,asharefinancialderivative,105,CASHTOLIQDEBT,"decimal(20,4)",YES,,
financedata,asharefinancialderivative,106,CASHTOLIQDEBTWITHINTEREST,"decimal(20,4)",YES,,
financedata,asharefinancialderivative,107,OPTOLIQDEBT,"decimal(20,4)",YES,,
financedata,asharefinancialderivative,108,OPTODEBT,"decimal(20,4)",YES,,
financedata,asharefinancialderivative,109,PROFITTOOP,"decimal(20,4)",YES,,
financedata,asharefinancialderivative,110,NET_PROFIT5,"decimal(20,4)",YES,,
financedata,asharefinancialderivative,111,NET_TOTAL_PROFIT,"decimal(20,4)",YES,,
financedata,asharefinancialderivative,112,TOTAL_PROFIT_EBIT,"decimal(20,4)",YES,,
financedata,asharefinancialderivative,113,YOYEPS_BASIC,"decimal(20,4)",YES,,
financedata,asharefinancialderivative,114,YOYEPS_DILUTED,"decimal(20,4)",YES,,
financedata,asharefinancialderivative,115,YOYOCFPS,"decimal(20,4)",YES,,
financedata,asharefinancialderivative,116,YOY_TR,"decimal(20,4)",YES,,
financedata,asharefinancialderivative,117,YOY_OR,"decimal(20,4)",YES,,
financedata,asharefinancialderivative,118,YOYOP,"decimal(20,4)",YES,,
financedata,asharefinancialderivative,119,YOYEBT,"decimal(20,4)",YES,,
financedata,asharefinancialderivative,120,YOYNETPROFIT,"decimal(20,4)",YES,,
financedata,asharefinancialderivative,121,YOYNETPROFIT_DEDUCTED,"decimal(20,4)",YES,,
financedata,asharefinancialderivative,122,YOYOCF,"decimal(20,4)",YES,,
financedata,asharefinancialderivative,123,YOYROE,"decimal(20,4)",YES,,
financedata,asharefinancialderivative,124,YOYBPS,"decimal(20,4)",YES,,
financedata,asharefinancialderivative,125,YOYASSETS,"decimal(20,4)",YES,,
financedata,asharefinancialderivative,126,YOYEQUITY,"decimal(20,4)",YES,,
financedata,asharefinancialderivative,127,OPDATE,date,YES,MUL,
financedata,asharefinancialderivative,128,OPMODE,varchar(1),YES,,
financedata,asharefinancialindicator,1,OBJECT_ID,varchar(100),NO,PRI,
financedata,asharefinancialindicator,2,S_INFO_WINDCODE,varchar(40),YES,MUL,
financedata,asharefinancialindicator,3,WIND_CODE,varchar(40),YES,,
financedata,asharefinancialindicator,4,ANN_DT,varchar(8),YES,MUL,
financedata,asharefinancialindicator,5,REPORT_PERIOD,varchar(8),YES,MUL,
financedata,asharefinancialindicator,6,CRNCY_CODE,varchar(10),YES,,
financedata,asharefinancialindicator,7,S_FA_EXTRAORDINARY,"decimal(20,4)",YES,,
financedata,asharefinancialindicator,8,S_FA_DEDUCTEDPROFIT,"decimal(20,4)",YES,,
financedata,asharefinancialindicator,9,S_FA_GROSSMARGIN,"decimal(20,4)",YES,,
financedata,asharefinancialindicator,10,S_FA_OPERATEINCOME,"decimal(20,4)",YES,,
financedata,asharefinancialindicator,11,S_FA_INVESTINCOME,"decimal(20,4)",YES,,
financedata,asharefinancialindicator,12,S_STMNOTE_FINEXP,"decimal(20,4)",YES,,
financedata,asharefinancialindicator,13,S_STM_IS,"decimal(20,4)",YES,,
financedata,asharefinancialindicator,14,S_FA_EBIT,"decimal(20,4)",YES,,
financedata,asharefinancialindicator,15,S_FA_EBITDA,"decimal(20,4)",YES,,
financedata,asharefinancialindicator,16,S_FA_FCFF,"decimal(20,4)",YES,,
financedata,asharefinancialindicator,17,S_FA_FCFE,"decimal(20,4)",YES,,
financedata,asharefinancialindicator,18,S_FA_EXINTERESTDEBT_CURRENT,"decimal(20,4)",YES,,
financedata,asharefinancialindicator,19,S_FA_EXINTERESTDEBT_NONCURRENT,"decimal(20,4)",YES,,
financedata,asharefinancialindicator,20,S_FA_INTERESTDEBT,"decimal(20,4)",YES,,
financedata,asharefinancialindicator,21,S_FA_NETDEBT,"decimal(20,4)",YES,,
financedata,asharefinancialindicator,22,S_FA_TANGIBLEASSET,"decimal(20,4)",YES,,
financedata,asharefinancialindicator,23,S_FA_WORKINGCAPITAL,"decimal(20,4)",YES,,
financedata,asharefinancialindicator,24,S_FA_NETWORKINGCAPITAL,"decimal(20,4)",YES,,
financedata,asharefinancialindicator,25,S_FA_INVESTCAPITAL,"decimal(20,4)",YES,,
financedata,asharefinancialindicator,26,S_FA_RETAINEDEARNINGS,"decimal(20,4)",YES,,
financedata,asharefinancialindicator,27,S_FA_EPS_BASIC,"decimal(20,4)",YES,,
financedata,asharefinancialindicator,28,S_FA_EPS_DILUTED,"decimal(20,4)",YES,,
financedata,asharefinancialindicator,29,S_FA_EPS_DILUTED2,"decimal(20,4)",YES,,
financedata,asharefinancialindicator,30,S_FA_BPS,"decimal(20,4)",YES,,
financedata,asharefinancialindicator,31,S_FA_OCFPS,"decimal(20,4)",YES,,
financedata,asharefinancialindicator,32,S_FA_GRPS,"decimal(20,4)",YES,,
financedata,asharefinancialindicator,33,S_FA_ORPS,"decimal(20,4)",YES,,
financedata,asharefinancialindicator,34,S_FA_SURPLUSCAPITALPS,"decimal(20,4)",YES,,
financedata,asharefinancialindicator,35,S_FA_SURPLUSRESERVEPS,"decimal(20,4)",YES,,
financedata,asharefinancialindicator,36,S_FA_UNDISTRIBUTEDPS,"decimal(20,4)",YES,,
financedata,asharefinancialindicator,37,S_FA_RETAINEDPS,"decimal(20,4)",YES,,
financedata,asharefinancialindicator,38,S_FA_CFPS,"decimal(20,4)",YES,,
financedata,asharefinancialindicator,39,S_FA_EBITPS,"decimal(20,4)",YES,,
financedata,asharefinancialindicator,40,S_FA_FCFFPS,"decimal(20,4)",YES,,
financedata,asharefinancialindicator,41,S_FA_FCFEPS,"decimal(20,4)",YES,,
financedata,asharefinancialindicator,42,S_FA_NETPROFITMARGIN,"decimal(20,4)",YES,,
financedata,asharefinancialindicator,43,S_FA_GROSSPROFITMARGIN,"decimal(20,4)",YES,,
financedata,asharefinancialindicator,44,S_FA_COGSTOSALES,"decimal(20,4)",YES,,
financedata,asharefinancialindicator,45,S_FA_EXPENSETOSALES,"decimal(20,4)",YES,,
financedata,asharefinancialindicator,46,S_FA_PROFITTOGR,"decimal(20,4)",YES,,
financedata,asharefinancialindicator,47,S_FA_SALEEXPENSETOGR,"decimal(20,4)",YES,,
financedata,asharefinancialindicator,48,S_FA_ADMINEXPENSETOGR,"decimal(20,4)",YES,,
financedata,asharefinancialindicator,49,S_FA_FINAEXPENSETOGR,"decimal(20,4)",YES,,
financedata,asharefinancialindicator,50,S_FA_IMPAIRTOGR_TTM,"decimal(20,4)",YES,,
financedata,asharefinancialindicator,51,S_FA_GCTOGR,"decimal(20,4)",YES,,
financedata,asharefinancialindicator,52,S_FA_OPTOGR,"decimal(20,4)",YES,,
financedata,asharefinancialindicator,53,S_FA_EBITTOGR,"decimal(20,4)",YES,,
financedata,asharefinancialindicator,54,S_FA_ROE,"decimal(20,4)",YES,,
financedata,asharefinancialindicator,55,S_FA_ROE_DEDUCTED,"decimal(20,4)",YES,,
financedata,asharefinancialindicator,56,S_FA_ROA2,"decimal(20,4)",YES,,
financedata,asharefinancialindicator,57,S_FA_ROA,"decimal(20,4)",YES,,
financedata,asharefinancialindicator,58,S_FA_ROIC,"decimal(20,4)",YES,,
financedata,asharefinancialindicator,59,S_FA_ROE_YEARLY,"decimal(20,4)",YES,,
financedata,asharefinancialindicator,60,S_FA_ROA2_YEARLY,"decimal(20,4)",YES,,
financedata,asharefinancialindicator,61,S_FA_ROE_AVG,"decimal(20,4)",YES,,
financedata,asharefinancialindicator,62,S_FA_OPERATEINCOMETOEBT,"decimal(20,4)",YES,,
financedata,asharefinancialindicator,63,S_FA_INVESTINCOMETOEBT,"decimal(20,4)",YES,,
financedata,asharefinancialindicator,64,S_FA_NONOPERATEPROFITTOEBT,"decimal(20,4)",YES,,
financedata,asharefinancialindicator,65,S_FA_TAXTOEBT,"decimal(20,4)",YES,,
financedata,asharefinancialindicator,66,S_FA_DEDUCTEDPROFITTOPROFIT,"decimal(20,4)",YES,,
financedata,asharefinancialindicator,67,S_FA_SALESCASHINTOOR,"decimal(20,4)",YES,,
financedata,asharefinancialindicator,68,S_FA_OCFTOOR,"decimal(20,4)",YES,,
financedata,asharefinancialindicator,69,S_FA_OCFTOOPERATEINCOME,"decimal(20,4)",YES,,
financedata,asharefinancialindicator,70,S_FA_CAPITALIZEDTODA,"decimal(20,4)",YES,,
financedata,asharefinancialindicator,71,S_FA_DEBTTOASSETS,"decimal(20,4)",YES,,
financedata,asharefinancialindicator,72,S_FA_ASSETSTOEQUITY,"decimal(20,4)",YES,,
financedata,asharefinancialindicator,73,S_FA_DUPONT_ASSETSTOEQUITY,"decimal(20,4)",YES,,
financedata,asharefinancialindicator,74,S_FA_CATOASSETS,"decimal(20,4)",YES,,
financedata,asharefinancialindicator,75,S_FA_NCATOASSETS,"decimal(20,4)",YES,,
financedata,asharefinancialindicator,76,S_FA_TANGIBLEASSETSTOASSETS,"decimal(20,4)",YES,,
financedata,asharefinancialindicator,77,S_FA_INTDEBTTOTOTALCAP,"decimal(20,4)",YES,,
financedata,asharefinancialindicator,78,S_FA_EQUITYTOTOTALCAPITAL,"decimal(20,4)",YES,,
financedata,asharefinancialindicator,79,S_FA_CURRENTDEBTTODEBT,"decimal(20,4)",YES,,
financedata,asharefinancialindicator,80,S_FA_LONGDEBTODEBT,"decimal(20,4)",YES,,
financedata,asharefinancialindicator,81,S_FA_CURRENT,"decimal(20,4)",YES,,
financedata,asharefinancialindicator,82,S_FA_QUICK,"decimal(20,4)",YES,,
financedata,asharefinancialindicator,83,S_FA_CASHRATIO,"decimal(20,4)",YES,,
financedata,asharefinancialindicator,84,S_FA_OCFTOSHORTDEBT,"decimal(20,4)",YES,,
financedata,asharefinancialindicator,85,S_FA_DEBTTOEQUITY,"decimal(20,4)",YES,,
financedata,asharefinancialindicator,86,S_FA_EQUITYTODEBT,"decimal(20,4)",YES,,
financedata,asharefinancialindicator,87,S_FA_EQUITYTOINTERESTDEBT,"decimal(20,4)",YES,,
financedata,asharefinancialindicator,88,S_FA_TANGIBLEASSETTODEBT,"decimal(20,4)",YES,,
financedata,asharefinancialindicator,89,S_FA_TANGASSETTOINTDEBT,"decimal(20,4)",YES,,
financedata,asharefinancialindicator,90,S_FA_TANGIBLEASSETTONETDEBT,"decimal(20,4)",YES,,
financedata,asharefinancialindicator,91,S_FA_OCFTODEBT,"decimal(20,4)",YES,,
financedata,asharefinancialindicator,92,S_FA_OCFTOINTERESTDEBT,"decimal(20,4)",YES,,
financedata,asharefinancialindicator,93,S_FA_OCFTONETDEBT,"decimal(20,4)",YES,,
financedata,asharefinancialindicator,94,S_FA_EBITTOINTEREST,"decimal(20,4)",YES,,
financedata,asharefinancialindicator,95,S_FA_LONGDEBTTOWORKINGCAPITAL,"decimal(20,4)",YES,,
financedata,asharefinancialindicator,96,S_FA_EBITDATODEBT,"decimal(20,4)",YES,,
financedata,asharefinancialindicator,97,S_FA_TURNDAYS,"decimal(20,4)",YES,,
financedata,asharefinancialindicator,98,S_FA_INVTURNDAYS,"decimal(20,4)",YES,,
financedata,asharefinancialindicator,99,S_FA_ARTURNDAYS,"decimal(20,4)",YES,,
financedata,asharefinancialindicator,100,S_FA_INVTURN,"decimal(20,4)",YES,,
financedata,asharefinancialindicator,101,S_FA_ARTURN,"decimal(20,4)",YES,,
financedata,asharefinancialindicator,102,S_FA_CATURN,"decimal(20,4)",YES,,
financedata,asharefinancialindicator,103,S_FA_FATURN,"decimal(20,4)",YES,,
financedata,asharefinancialindicator,104,S_FA_ASSETSTURN,"decimal(20,4)",YES,,
financedata,asharefinancialindicator,105,S_FA_ROA_YEARLY,"decimal(20,4)",YES,,
financedata,asharefinancialindicator,106,S_FA_DUPONT_ROA,"decimal(20,4)",YES,,
financedata,asharefinancialindicator,107,S_STM_BS,"decimal(20,4)",YES,,
financedata,asharefinancialindicator,108,S_FA_PREFINEXPENSE_OPPROFIT,"decimal(20,4)",YES,,
financedata,asharefinancialindicator,109,S_FA_NONOPPROFIT,"decimal(20,4)",YES,,
financedata,asharefinancialindicator,110,S_FA_OPTOEBT,"decimal(20,4)",YES,,
financedata,asharefinancialindicator,111,S_FA_NOPTOEBT,"decimal(20,4)",YES,,
financedata,asharefinancialindicator,112,S_FA_OCFTOPROFIT,"decimal(20,4)",YES,,
financedata,asharefinancialindicator,113,S_FA_CASHTOLIQDEBT,"decimal(20,4)",YES,,
financedata,asharefinancialindicator,114,S_FA_CASHTOLIQDEBTWITHINTEREST,"decimal(20,4)",YES,,
financedata,asharefinancialindicator,115,S_FA_OPTOLIQDEBT,"decimal(20,4)",YES,,
financedata,asharefinancialindicator,116,S_FA_OPTODEBT,"decimal(20,4)",YES,,
financedata,asharefinancialindicator,117,S_FA_ROIC_YEARLY,"decimal(20,4)",YES,,
financedata,asharefinancialindicator,118,S_FA_TOT_FATURN,"decimal(20,4)",YES,,
financedata,asharefinancialindicator,119,S_FA_PROFITTOOP,"decimal(20,4)",YES,,
financedata,asharefinancialindicator,120,S_QFA_OPERATEINCOME,"decimal(20,4)",YES,,
financedata,asharefinancialindicator,121,S_QFA_INVESTINCOME,"decimal(20,4)",YES,,
financedata,asharefinancialindicator,122,S_QFA_DEDUCTEDPROFIT,"decimal(20,4)",YES,,
financedata,asharefinancialindicator,123,S_QFA_EPS,"decimal(20,4)",YES,,
financedata,asharefinancialindicator,124,S_QFA_NETPROFITMARGIN,"decimal(20,4)",YES,,
financedata,asharefinancialindicator,125,S_QFA_GROSSPROFITMARGIN,"decimal(20,4)",YES,,
financedata,asharefinancialindicator,126,S_QFA_EXPENSETOSALES,"decimal(20,4)",YES,,
financedata,asharefinancialindicator,127,S_QFA_PROFITTOGR,"decimal(20,4)",YES,,
financedata,asharefinancialindicator,128,S_QFA_SALEEXPENSETOGR,"decimal(20,4)",YES,,
financedata,asharefinancialindicator,129,S_QFA_ADMINEXPENSETOGR,"decimal(20,4)",YES,,
financedata,asharefinancialindicator,130,S_QFA_FINAEXPENSETOGR,"decimal(20,4)",YES,,
financedata,asharefinancialindicator,131,S_QFA_IMPAIRTOGR_TTM,"decimal(20,4)",YES,,
financedata,asharefinancialindicator,132,S_QFA_GCTOGR,"decimal(20,4)",YES,,
financedata,asharefinancialindicator,133,S_QFA_OPTOGR,"decimal(20,4)",YES,,
financedata,asharefinancialindicator,134,S_QFA_ROE,"decimal(20,4)",YES,,
financedata,asharefinancialindicator,135,S_QFA_ROE_DEDUCTED,"decimal(20,4)",YES,,
financedata,asharefinancialindicator,136,S_QFA_ROA,"decimal(20,4)",YES,,
financedata,asharefinancialindicator,137,S_QFA_OPERATEINCOMETOEBT,"decimal(20,4)",YES,,
financedata,asharefinancialindicator,138,S_QFA_INVESTINCOMETOEBT,"decimal(20,4)",YES,,
financedata,asharefinancialindicator,139,S_QFA_DEDUCTEDPROFITTOPROFIT,"decimal(20,4)",YES,,
financedata,asharefinancialindicator,140,S_QFA_SALESCASHINTOOR,"decimal(20,4)",YES,,
financedata,asharefinancialindicator,141,S_QFA_OCFTOSALES,"decimal(20,4)",YES,,
financedata,asharefinancialindicator,142,S_QFA_OCFTOOR,"decimal(20,4)",YES,,
financedata,asharefinancialindicator,143,S_FA_YOYEPS_BASIC,"decimal(20,4)",YES,,
financedata,asharefinancialindicator,144,S_FA_YOYEPS_DILUTED,"decimal(20,4)",YES,,
financedata,asharefinancialindicator,145,S_FA_YOYOCFPS,"decimal(20,4)",YES,,
financedata,asharefinancialindicator,146,S_FA_YOYOP,"decimal(20,4)",YES,,
financedata,asharefinancialindicator,147,S_FA_YOYEBT,"decimal(20,4)",YES,,
financedata,asharefinancialindicator,148,S_FA_YOYNETPROFIT,"decimal(20,4)",YES,,
financedata,asharefinancialindicator,149,S_FA_YOYNETPROFIT_DEDUCTED,"decimal(20,4)",YES,,
financedata,asharefinancialindicator,150,S_FA_YOYOCF,"decimal(20,4)",YES,,
financedata,asharefinancialindicator,151,S_FA_YOYROE,"decimal(20,4)",YES,,
financedata,asharefinancialindicator,152,S_FA_YOYBPS,"decimal(20,4)",YES,,
financedata,asharefinancialindicator,153,S_FA_YOYASSETS,"decimal(20,4)",YES,,
financedata,asharefinancialindicator,154,S_FA_YOYEQUITY,"decimal(20,4)",YES,,
financedata,asharefinancialindicator,155,S_FA_YOY_TR,"decimal(20,4)",YES,,
financedata,asharefinancialindicator,156,S_FA_YOY_OR,"decimal(20,4)",YES,,
financedata,asharefinancialindicator,157,S_QFA_YOYGR,"decimal(20,4)",YES,,
financedata,asharefinancialindicator,158,S_QFA_CGRGR,"decimal(20,4)",YES,,
financedata,asharefinancialindicator,159,S_QFA_YOYSALES,"decimal(20,4)",YES,,
financedata,asharefinancialindicator,160,S_QFA_CGRSALES,"decimal(20,4)",YES,,
financedata,asharefinancialindicator,161,S_QFA_YOYOP,"decimal(20,4)",YES,,
financedata,asharefinancialindicator,162,S_QFA_CGROP,"decimal(20,4)",YES,,
financedata,asharefinancialindicator,163,S_QFA_YOYPROFIT,"decimal(20,4)",YES,,
financedata,asharefinancialindicator,164,S_QFA_CGRPROFIT,"decimal(20,4)",YES,,
financedata,asharefinancialindicator,165,S_QFA_YOYNETPROFIT,"decimal(20,4)",YES,,
financedata,asharefinancialindicator,166,S_QFA_CGRNETPROFIT,"decimal(20,4)",YES,,
financedata,asharefinancialindicator,167,S_FA_YOY_EQUITY,"decimal(20,4)",YES,,
financedata,asharefinancialindicator,168,RD_EXPENSE,"decimal(20,4)",YES,,
financedata,asharefinancialindicator,169,WAA_ROE,"decimal(20,4)",YES,,
financedata,asharefinancialindicator,170,S_INFO_COMPCODE,varchar(10),YES,,
financedata,asharefinancialindicator,171,OPDATE,date,YES,MUL,
financedata,asharefinancialindicator,172,OPMODE,varchar(1),YES,,
financedata,asharefinancialindicator,173,STATEMENT_TYPE,varchar(80),YES,,
financedata,asharefloatholder,1,OBJECT_ID,varchar(100),NO,PRI,
financedata,asharefloatholder,2,S_INFO_WINDCODE,varchar(40),YES,MUL,
financedata,asharefloatholder,3,ANN_DT,varchar(8),YES,MUL,
financedata,asharefloatholder,4,S_HOLDER_ENDDATE,varchar(8),YES,,
financedata,asharefloatholder,5,S_HOLDER_HOLDERCATEGORY,varchar(1),YES,,
financedata,asharefloatholder,6,S_HOLDER_NAME,varchar(300),YES,,
financedata,asharefloatholder,7,S_HOLDER_QUANTITY,"decimal(20,4)",YES,,
financedata,asharefloatholder,8,S_HOLDER_WINDNAME,varchar(200),YES,,
financedata,asharefloatholder,9,REPORT_PERIOD,varchar(8),YES,MUL,
financedata,asharefloatholder,10,MARGIN_QUANTITY,"decimal(20,4)",YES,,
financedata,asharefloatholder,11,S_INFO_COMPCODE,varchar(10),YES,,
financedata,asharefloatholder,12,S_HOLDER_QUANTITY_CDR,"decimal(20,4)",YES,,
financedata,asharefloatholder,13,MARGIN_QUANTITY_CDR,"decimal(20,4)",YES,,
financedata,asharefloatholder,14,OPDATE,date,YES,MUL,
financedata,asharefloatholder,15,OPMODE,varchar(1),YES,,
financedata,asharefloatholder,16,SEC_ID,varchar(10),YES,,
financedata,asharefloatholder,17,S_HOLDER_SEQUENCE,varchar(200),YES,,
financedata,ashareholdernumber,1,OBJECT_ID,varchar(100),NO,PRI,
financedata,ashareholdernumber,2,S_INFO_WINDCODE,varchar(40),YES,MUL,
financedata,ashareholdernumber,3,ANN_DT,varchar(8),YES,MUL,
financedata,ashareholdernumber,4,S_HOLDER_ENDDATE,varchar(8),YES,,
financedata,ashareholdernumber,5,S_HOLDER_NUM,"decimal(20,4)",YES,,
financedata,ashareholdernumber,6,S_HOLDER_TOTAL_NUM,"decimal(20,4)",YES,,
financedata,ashareholdernumber,7,OPDATE,date,YES,MUL,
financedata,ashareholdernumber,8,OPMODE,varchar(1),YES,,
financedata,ashareholdersmeeting,1,OBJECT_ID,varchar(100),NO,PRI,
financedata,ashareholdersmeeting,2,S_INFO_WINDCODE,varchar(40),YES,MUL,
financedata,ashareholdersmeeting,3,ANN_DT,varchar(8),YES,MUL,
financedata,ashareholdersmeeting,4,MEETING_DT,varchar(8),YES,,
financedata,ashareholdersmeeting,5,MEETING_TYPE,varchar(20),YES,,
financedata,ashareholdersmeeting,6,VOTINGCODE,"decimal(9,0)",YES,,
financedata,ashareholdersmeeting,7,SMTGRECDATE,varchar(8),YES,,
financedata,ashareholdersmeeting,8,SPOTMTGSTARTDATE,varchar(8),YES,,
financedata,ashareholdersmeeting,9,SPOTMTGENDDATE,varchar(8),YES,,
financedata,ashareholdersmeeting,10,IS_INTNET,varchar(1),YES,,
financedata,ashareholdersmeeting,11,INTNETCODE,varchar(10),YES,,
financedata,ashareholdersmeeting,12,INTNETNAME,varchar(20),YES,,
financedata,ashareholdersmeeting,13,MEETING_CONTENT,longtext,YES,,
financedata,ashareholdersmeeting,14,OPDATE,date,YES,MUL,
financedata,ashareholdersmeeting,15,OPMODE,varchar(1),YES,,
financedata,ashareholdersmeeting,16,CHANGE_HIS,varchar(100),YES,,
financedata,ashareholdersmeeting,17,MEETEVENT_ID,varchar(40),YES,,
financedata,ashareholdersmeeting,18,IS_NEW,"decimal(5,0)",YES,,
financedata,ashareholdingoperate,1,OBJECT_ID,varchar(38),NO,PRI,
financedata,ashareholdingoperate,2,S_INFO_COMPCODE,varchar(10),YES,MUL,
financedata,ashareholdingoperate,3,ANN_DT,varchar(8),YES,MUL,
financedata,ashareholdingoperate,4,REPORT_PERIOD,varchar(8),YES,MUL,
financedata,ashareholdingoperate,5,S_CAPITALOPERATION_COMPANYNAME,varchar(90),YES,,
financedata,ashareholdingoperate,6,S_TOT_ASSETS,"decimal(24,8)",YES,,
financedata,ashareholdingoperate,7,S_NET_PROFIT,"decimal(24,8)",YES,,
financedata,ashareholdingoperate,8,CRNCY_CODE,varchar(10),YES,,
financedata,ashareholdingoperate,9,S_NET_ASSETS,"decimal(24,8)",YES,,
financedata,ashareholdingoperate,10,S_TOT_LIAB,"decimal(24,8)",YES,,
financedata,ashareholdingoperate,11,S_OPER_REV,"decimal(24,8)",YES,,
financedata,ashareholdingoperate,12,S_TOT_PROFIT,"decimal(24,8)",YES,,
financedata,ashareholdingoperate,13,OPDATE,date,YES,MUL,
financedata,ashareholdingoperate,14,OPMODE,varchar(1),YES,,
financedata,ashareincome,1,OBJECT_ID,varchar(100),NO,PRI,
financedata,ashareincome,2,S_INFO_WINDCODE,varchar(40),YES,MUL,
financedata,ashareincome,3,WIND_CODE,varchar(40),YES,,
financedata,ashareincome,4,ANN_DT,varchar(8),YES,MUL,
financedata,ashareincome,5,REPORT_PERIOD,varchar(8),YES,MUL,
financedata,ashareincome,6,STATEMENT_TYPE,varchar(10),YES,,
financedata,ashareincome,7,CRNCY_CODE,varchar(10),YES,,
financedata,ashareincome,8,TOT_OPER_REV,"decimal(20,4)",YES,,
financedata,ashareincome,9,OPER_REV,"decimal(20,4)",YES,,
financedata,ashareincome,10,INT_INC,"decimal(20,4)",YES,,
financedata,ashareincome,11,NET_INT_INC,"decimal(20,4)",YES,,
financedata,ashareincome,12,INSUR_PREM_UNEARNED,"decimal(20,4)",YES,,
financedata,ashareincome,13,HANDLING_CHRG_COMM_INC,"decimal(20,4)",YES,,
financedata,ashareincome,14,NET_HANDLING_CHRG_COMM_INC,"decimal(20,4)",YES,,
financedata,ashareincome,15,NET_INC_OTHER_OPS,"decimal(20,4)",YES,,
financedata,ashareincome,16,PLUS_NET_INC_OTHER_BUS,"decimal(20,4)",YES,,
financedata,ashareincome,17,PREM_INC,"decimal(20,4)",YES,,
financedata,ashareincome,18,LESS_CEDED_OUT_PREM,"decimal(20,4)",YES,,
financedata,ashareincome,19,CHG_UNEARNED_PREM_RES,"decimal(20,4)",YES,,
financedata,ashareincome,20,INCL_REINSURANCE_PREM_INC,"decimal(20,4)",YES,,
financedata,ashareincome,21,NET_INC_SEC_TRADING_BROK_BUS,"decimal(20,4)",YES,,
financedata,ashareincome,22,NET_INC_SEC_UW_BUS,"decimal(20,4)",YES,,
financedata,ashareincome,23,NET_INC_EC_ASSET_MGMT_BUS,"decimal(20,4)",YES,,
financedata,ashareincome,24,OTHER_BUS_INC,"decimal(20,4)",YES,,
financedata,ashareincome,25,PLUS_NET_GAIN_CHG_FV,"decimal(20,4)",YES,,
financedata,ashareincome,26,PLUS_NET_INVEST_INC,"decimal(20,4)",YES,,
financedata,ashareincome,27,INCL_INC_INVEST_ASSOC_JV_ENTP,"decimal(20,4)",YES,,
financedata,ashareincome,28,PLUS_NET_GAIN_FX_TRANS,"decimal(20,4)",YES,,
financedata,ashareincome,29,TOT_OPER_COST,"decimal(20,4)",YES,,
financedata,ashareincome,30,LESS_OPER_COST,"decimal(20,4)",YES,,
financedata,ashareincome,31,LESS_INT_EXP,"decimal(20,4)",YES,,
financedata,ashareincome,32,LESS_HANDLING_CHRG_COMM_EXP,"decimal(20,4)",YES,,
financedata,ashareincome,33,LESS_TAXES_SURCHARGES_OPS,"decimal(20,4)",YES,,
financedata,ashareincome,34,LESS_SELLING_DIST_EXP,"decimal(20,4)",YES,,
financedata,ashareincome,35,LESS_GERL_ADMIN_EXP,"decimal(20,4)",YES,,
financedata,ashareincome,36,LESS_FIN_EXP,"decimal(20,4)",YES,,
financedata,ashareincome,37,LESS_IMPAIR_LOSS_ASSETS,"decimal(20,4)",YES,,
financedata,ashareincome,38,PREPAY_SURR,"decimal(20,4)",YES,,
financedata,ashareincome,39,TOT_CLAIM_EXP,"decimal(20,4)",YES,,
financedata,ashareincome,40,CHG_INSUR_CONT_RSRV,"decimal(20,4)",YES,,
financedata,ashareincome,41,DVD_EXP_INSURED,"decimal(20,4)",YES,,
financedata,ashareincome,42,REINSURANCE_EXP,"decimal(20,4)",YES,,
financedata,ashareincome,43,OPER_EXP,"decimal(20,4)",YES,,
financedata,ashareincome,44,LESS_CLAIM_RECB_REINSURER,"decimal(20,4)",YES,,
financedata,ashareincome,45,LESS_INS_RSRV_RECB_REINSURER,"decimal(20,4)",YES,,
financedata,ashareincome,46,LESS_EXP_RECB_REINSURER,"decimal(20,4)",YES,,
financedata,ashareincome,47,OTHER_BUS_COST,"decimal(20,4)",YES,,
financedata,ashareincome,48,OPER_PROFIT,"decimal(20,4)",YES,,
financedata,ashareincome,49,PLUS_NON_OPER_REV,"decimal(20,4)",YES,,
financedata,ashareincome,50,LESS_NON_OPER_EXP,"decimal(20,4)",YES,,
financedata,ashareincome,51,IL_NET_LOSS_DISP_NONCUR_ASSET,"decimal(20,4)",YES,,
financedata,ashareincome,52,TOT_PROFIT,"decimal(20,4)",YES,,
financedata,ashareincome,53,INC_TAX,"decimal(20,4)",YES,,
financedata,ashareincome,54,UNCONFIRMED_INVEST_LOSS,"decimal(20,4)",YES,,
financedata,ashareincome,55,NET_PROFIT_INCL_MIN_INT_INC,"decimal(20,4)",YES,,
financedata,ashareincome,56,NET_PROFIT_EXCL_MIN_INT_INC,"decimal(20,4)",YES,,
financedata,ashareincome,57,MINORITY_INT_INC,"decimal(20,4)",YES,,
financedata,ashareincome,58,OTHER_COMPREH_INC,"decimal(20,4)",YES,,
financedata,ashareincome,59,TOT_COMPREH_INC,"decimal(20,4)",YES,,
financedata,ashareincome,60,TOT_COMPREH_INC_PARENT_COMP,"decimal(20,4)",YES,,
financedata,ashareincome,61,TOT_COMPREH_INC_MIN_SHRHLDR,"decimal(20,4)",YES,,
financedata,ashareincome,62,EBIT,"decimal(20,4)",YES,,
financedata,ashareincome,63,EBITDA,"decimal(20,4)",YES,,
financedata,ashareincome,64,NET_PROFIT_AFTER_DED_NR_LP,"decimal(20,4)",YES,,
financedata,ashareincome,65,NET_PROFIT_UNDER_INTL_ACC_STA,"decimal(20,4)",YES,,
financedata,ashareincome,66,COMP_TYPE_CODE,varchar(2),YES,,
financedata,ashareincome,67,S_FA_EPS_BASIC,"decimal(20,4)",YES,,
financedata,ashareincome,68,S_FA_EPS_DILUTED,"decimal(20,4)",YES,,
financedata,ashareincome,69,ACTUAL_ANN_DT,varchar(8),YES,,
financedata,ashareincome,70,INSURANCE_EXPENSE,"decimal(20,4)",YES,,
financedata,ashareincome,71,SPE_BAL_OPER_PROFIT,"decimal(20,4)",YES,,
financedata,ashareincome,72,TOT_BAL_OPER_PROFIT,"decimal(20,4)",YES,,
financedata,ashareincome,73,SPE_BAL_TOT_PROFIT,"decimal(20,4)",YES,,
financedata,ashareincome,74,TOT_BAL_TOT_PROFIT,"decimal(20,4)",YES,,
financedata,ashareincome,75,SPE_BAL_NET_PROFIT,"decimal(20,4)",YES,,
financedata,ashareincome,76,TOT_BAL_NET_PROFIT,"decimal(20,4)",YES,,
financedata,ashareincome,77,UNDISTRIBUTED_PROFIT,"decimal(20,4)",YES,,
financedata,ashareincome,78,ADJLOSSGAIN_PREVYEAR,"decimal(20,4)",YES,,
financedata,ashareincome,79,TRANSFER_FROM_SURPLUSRESERVE,"decimal(20,4)",YES,,
financedata,ashareincome,80,TRANSFER_FROM_HOUSINGIMPREST,"decimal(20,4)",YES,,
financedata,ashareincome,81,TRANSFER_FROM_OTHERS,"decimal(20,4)",YES,,
financedata,ashareincome,82,DISTRIBUTABLE_PROFIT,"decimal(20,4)",YES,,
financedata,ashareincome,83,WITHDR_LEGALSURPLUS,"decimal(20,4)",YES,,
financedata,ashareincome,84,WITHDR_LEGALPUBWELFUNDS,"decimal(20,4)",YES,,
financedata,ashareincome,85,WORKERS_WELFARE,"decimal(20,4)",YES,,
financedata,ashareincome,86,WITHDR_BUZEXPWELFARE,"decimal(20,4)",YES,,
financedata,ashareincome,87,WITHDR_RESERVEFUND,"decimal(20,4)",YES,,
financedata,ashareincome,88,DISTRIBUTABLE_PROFIT_SHRHDER,"decimal(20,4)",YES,,
financedata,ashareincome,89,PRFSHARE_DVD_PAYABLE,"decimal(20,4)",YES,,
financedata,ashareincome,90,WITHDR_OTHERSURPRESERVE,"decimal(20,4)",YES,,
financedata,ashareincome,91,COMSHARE_DVD_PAYABLE,"decimal(20,4)",YES,,
financedata,ashareincome,92,CAPITALIZED_COMSTOCK_DIV,"decimal(20,4)",YES,,
financedata,ashareincome,93,S_INFO_COMPCODE,varchar(10),YES,,
financedata,ashareincome,94,NET_AFTER_DED_NR_LP_CORRECT,"decimal(20,4)",YES,,
financedata,ashareincome,95,OTHER_INCOME,"decimal(20,4)",YES,,
financedata,ashareincome,96,MEMO,varchar(1000),YES,,
financedata,ashareincome,97,ASSET_DISPOSAL_INCOME,"decimal(20,4)",YES,,
financedata,ashareincome,98,CONTINUED_NET_PROFIT,"decimal(20,4)",YES,,
financedata,ashareincome,99,END_NET_PROFIT,"decimal(20,4)",YES,,
financedata,ashareincome,100,CREDIT_IMPAIRMENT_LOSS,"decimal(20,4)",YES,,
financedata,ashareincome,101,NET_EXPOSURE_HEDGING_BENEFITS,"decimal(20,4)",YES,,
financedata,ashareincome,102,RD_EXPENSE,"decimal(20,4)",YES,,
financedata,ashareincome,103,STMNOTE_FINEXP,"decimal(20,4)",YES,,
financedata,ashareincome,104,FIN_EXP_INT_INC,"decimal(20,4)",YES,,
financedata,ashareincome,105,IS_CALCULATION,"decimal(5,0)",YES,,
financedata,ashareincome,106,OTHER_IMPAIR_LOSS_ASSETS,"decimal(20,4)",YES,,
financedata,ashareincome,107,TOT_OPER_COST2,"decimal(20,4)",YES,,
financedata,ashareincome,108,AMODCOST_FIN_ASSETS,"decimal(20,4)",YES,,
financedata,ashareincome,109,TOT_OPT_INC_DIF,"decimal(20,4)",YES,,
financedata,ashareincome,110,TOT_OPT_INC_DIF_MEMO,varchar(200),YES,,
financedata,ashareincome,111,TOT_OPT_COST_DIF,"decimal(20,4)",YES,,
financedata,ashareincome,112,TOT_OPT_COST_DIF_MEMO,varchar(200),YES,,
financedata,ashareincome,113,OPDATE,date,YES,MUL,
financedata,ashareincome,114,OPMODE,varchar(1),YES,,
financedata,ashareindustriesclasscitics,1,OBJECT_ID,varchar(100),NO,PRI,
financedata,ashareindustriesclasscitics,2,WIND_CODE,varchar(40),YES,,
financedata,ashareindustriesclasscitics,3,S_INFO_WINDCODE,varchar(40),YES,MUL,
financedata,ashareindustriesclasscitics,4,CITICS_IND_CODE,varchar(50),YES,,
financedata,ashareindustriesclasscitics,5,ENTRY_DT,varchar(8),YES,MUL,
financedata,ashareindustriesclasscitics,6,REMOVE_DT,varchar(8),YES,,
financedata,ashareindustriesclasscitics,7,CUR_SIGN,varchar(10),YES,,
financedata,ashareindustriesclasscitics,8,OPDATE,date,YES,MUL,
financedata,ashareindustriesclasscitics,9,OPMODE,varchar(1),YES,,
financedata,ashareindustriescode,1,OBJECT_ID,varchar(100),NO,PRI,
financedata,ashareindustriescode,2,INDUSTRIESCODE,varchar(38),YES,MUL,
financedata,ashareindustriescode,3,INDUSTRIESNAME,varchar(50),YES,,
financedata,ashareindustriescode,4,LEVELNUM,"decimal(1,0)",YES,MUL,
financedata,ashareindustriescode,5,USED,"decimal(1,0)",YES,,
financedata,ashareindustriescode,6,INDUSTRIESALIAS,varchar(20),YES,,
financedata,ashareindustriescode,7,SEQUENCE,"decimal(4,0)",YES,,
financedata,ashareindustriescode,8,MEMO,varchar(100),YES,,
financedata,ashareindustriescode,9,CHINESEDEFINITION,varchar(1100),YES,,
financedata,ashareindustriescode,10,WIND_NAME_ENG,varchar(200),YES,,
financedata,ashareindustriescode,11,INDUSTRIESCODE_OLD,varchar(38),YES,,
financedata,ashareindustriescode,12,REGION_CODE,varchar(10),YES,,
financedata,ashareindustriescode,13,OPDATE,date,YES,MUL,
financedata,ashareindustriescode,14,OPMODE,varchar(1),YES,,
financedata,ashareipo,1,OBJECT_ID,varchar(100),NO,PRI,
financedata,ashareipo,2,S_INFO_WINDCODE,varchar(40),YES,MUL,
financedata,ashareipo,3,CRNCY_CODE,varchar(10),YES,,
financedata,ashareipo,4,S_IPO_PRICE,"decimal(20,4)",YES,,
financedata,ashareipo,5,S_IPO_PRE_DILUTEDPE,"decimal(20,4)",YES,,
financedata,ashareipo,6,S_IPO_DILUTEDPE,"decimal(20,4)",YES,,
financedata,ashareipo,7,S_IPO_AMOUNT,"decimal(20,4)",YES,,
financedata,ashareipo,8,S_IPO_AMTBYPLACING,"decimal(20,4)",YES,,
financedata,ashareipo,9,S_IPO_AMTTOJUR,"decimal(20,4)",YES,,
financedata,ashareipo,10,S_IPO_COLLECTION,"decimal(20,4)",YES,,
financedata,ashareipo,11,S_IPO_CASHRATIO,"decimal(20,8)",YES,,
financedata,ashareipo,12,S_IPO_PURCHASECODE,varchar(10),YES,,
financedata,ashareipo,13,S_IPO_SUBDATE,varchar(8),YES,,
financedata,ashareipo,14,S_IPO_JURISDATE,varchar(8),YES,,
financedata,ashareipo,15,S_IPO_INSTISDATE,varchar(8),YES,,
financedata,ashareipo,16,S_IPO_EXPECTLISTDATE,varchar(8),YES,,
financedata,ashareipo,17,S_IPO_FUNDVERIFICATIONDATE,varchar(8),YES,,
financedata,ashareipo,18,S_IPO_RATIODATE,varchar(8),YES,,
financedata,ashareipo,19,S_FELLOW_UNFROZEDATE,varchar(8),YES,,
financedata,ashareipo,20,S_IPO_LISTDATE,varchar(8),YES,,
financedata,ashareipo,21,S_IPO_PUBOFFRDATE,varchar(8),YES,,
financedata,ashareipo,22,S_IPO_ANNCEDATE,varchar(8),YES,,
financedata,ashareipo,23,S_IPO_ANNCELSTDATE,varchar(8),YES,,
financedata,ashareipo,24,S_IPO_ROADSHOWSTARTDATE,varchar(8),YES,,
financedata,ashareipo,25,S_IPO_ROADSHOWENDDATE,varchar(8),YES,,
financedata,ashareipo,26,S_IPO_PLACINGDATE,varchar(8),YES,,
financedata,ashareipo,27,S_IPO_APPLYSTARTDATE,varchar(8),YES,,
financedata,ashareipo,28,S_IPO_APPLYENDDATE,varchar(8),YES,,
financedata,ashareipo,29,S_IPO_PRICEANNOUNCEDATE,varchar(8),YES,,
financedata,ashareipo,30,S_IPO_PLACINGRESULTDATE,varchar(8),YES,,
financedata,ashareipo,31,S_IPO_FUNDENDDATE,varchar(8),YES,,
financedata,ashareipo,32,S_IPO_CAPVERIFICATIONDATE,varchar(8),YES,,
financedata,ashareipo,33,S_IPO_REFUNDDATE,varchar(8),YES,,
financedata,ashareipo,34,S_IPO_EXPECTEDCOLLECTION,"decimal(20,4)",YES,,
financedata,ashareipo,35,S_IPO_LIST_FEE,"decimal(20,4)",YES,,
financedata,ashareipo,36,S_IPO_LPURNAMEONL,varchar(20),YES,,
financedata,ashareipo,37,S_IPO_CASHAMTUPLIMIT,"decimal(11,0)",YES,,
financedata,ashareipo,38,S_IPO_CASHMONEYUPLIMIT,"decimal(20,4)",YES,,
financedata,ashareipo,39,S_IPO_NAMEBYPLACING,varchar(20),YES,,
financedata,ashareipo,40,S_IPO_SHOWPRICEDOWNLIMIT,"decimal(20,4)",YES,,
financedata,ashareipo,41,S_IPO_PAR,"decimal(20,4)",YES,,
financedata,ashareipo,42,S_IPO_PURCHASEUPLIMIT,"decimal(20,4)",YES,,
financedata,ashareipo,43,S_IPO_OP_UPLIMIT,"decimal(20,4)",YES,,
financedata,ashareipo,44,S_IPO_OP_DOWNLIMIT,"decimal(20,4)",YES,,
financedata,ashareipo,45,S_IPO_PURCHASEMV_DT,varchar(8),YES,,
financedata,ashareipo,46,S_IPO_PUBOSDTOTISSCOLL,"decimal(20,4)",YES,,
financedata,ashareipo,47,S_IPO_OSDEXPOFFAMOUNT,"decimal(20,4)",YES,,
financedata,ashareipo,48,S_IPO_OSDEXPOFFAMOUNTUP,"decimal(20,4)",YES,,
financedata,ashareipo,49,S_IPO_OSDACTOFFAMOUNT,"decimal(20,4)",YES,,
financedata,ashareipo,50,S_IPO_OSDACTOFFPRICE,"decimal(20,4)",YES,,
financedata,ashareipo,51,S_IPO_OSDUNDERWRITINGFEES,"decimal(20,4)",YES,,
financedata,ashareipo,52,S_IPO_PUREFFSUBRATIO,"decimal(20,4)",YES,,
financedata,ashareipo,53,S_IPO_REPORATE,"decimal(20,4)",YES,,
financedata,ashareipo,54,ANN_DT,varchar(8),YES,MUL,
financedata,ashareipo,55,IS_FAILURE,"decimal(5,0)",YES,,
financedata,ashareipo,56,S_IPO_OTC_CASH_PCT,"decimal(24,8)",YES,,
financedata,ashareipo,57,MIN_APPLYUNIT,"decimal(20,4)",YES,,
financedata,ashareipo,58,OPDATE,date,YES,MUL,
financedata,ashareipo,59,OPMODE,varchar(1),YES,,
financedata,ashareipo,60,IS_ADDUP_SHOWPRICE,"decimal(5,0)",YES,,
financedata,ashareipo,61,PRELIMINARY_INQUIRY_UPPER,"decimal(20,4)",YES,,
financedata,ashareipo,62,EFFECTIVE_QUOTE_OVRSUBRATIO,"decimal(20,4)",YES,,
financedata,ashareipo,63,S_IPO_OVER_ALLOTMENT_SHR_NUM,"decimal(20,4)",YES,,
financedata,ashareipo,64,APPLICATIONDEADLINE_TIME,varchar(20),YES,,
financedata,ashareipo,65,S_VAL_PE,"decimal(20,4)",YES,,
financedata,ashareipo,66,UNDER_SUBSCRIPTION,"decimal(20,4)",YES,,
financedata,ashareipo,67,PREL_INQ_EFFECT_QT_NUM,"decimal(20,4)",YES,,
financedata,ashareipo,68,STRATEGY_PLACING_QUANTITY,"decimal(20,4)",YES,,
financedata,ashareipo,69,ABNORMALISSUE_ANN_DT,varchar(8),YES,,
financedata,ashareipo,70,PE_OVER_ALLOTMENT_BEFORE,"decimal(20,4)",YES,,
financedata,ashareipo,71,S_IPO_NEW_FACEVALUE,"decimal(24,8)",YES,,
financedata,ashareipo,72,S_INFO_UNDERWRITING,varchar(30),YES,,
financedata,ashareipo,73,MV_CALCULATION_DATE,varchar(8),YES,,
financedata,ashareipo,74,S_IPO_CALLBACK_SHR_NUM,"decimal(20,4)",YES,,
financedata,ashareipo,75,PREL_INQ_ANN_DT,varchar(8),YES,,
financedata,ashareipo,76,PREL_INQ_RESULT_ANN_DT,varchar(8),YES,,
financedata,ashareipo,77,S_PLACING_RESULT_ANN_DAY,varchar(8),YES,,
financedata,ashareipo,78,S_IPO_MV_THRESHOLD_STIB,"decimal(20,4)",YES,,
financedata,ashareipo,79,S_IPO_ASSET_SCALE_DDL,varchar(8),YES,,
financedata,ashareipo,80,S_IPO_CALLBACK_DIRECTION,varchar(50),YES,,
financedata,ashareipo,81,ONLINE_EFFECTIVE_NUMBER,"decimal(20,4)",YES,,
financedata,ashareipo,82,S_INFO_OVRSUBRATIO,"decimal(20,4)",YES,,
financedata,ashareipo,83,BALANCE_SUB_QUANTITY,"decimal(20,4)",YES,,
financedata,ashareipo,84,IS_LEADUNDERWRITER,"decimal(1,0)",YES,,
financedata,ashareipo,85,INITIAL_ISSUANCE_FEE,"decimal(20,4)",YES,,
financedata,ashareipo,86,ASSET_SCALE_DDL_LAST_MONTHEND,varchar(8),YES,,
financedata,ashareipo,87,OFFLINE_ESTIMTSHARES_BFCALLBK,"decimal(20,4)",YES,,
financedata,ashareipo,88,S_FELLOW_ISSUETYPE,varchar(100),YES,,
financedata,ashareipo,89,INVESTOR_REFUND_DATE,varchar(8),YES,,
financedata,ashareipo,90,INITIAL_AMTBYPLACING,"decimal(20,8)",YES,,
financedata,ashareipo,91,ONLINE_EFFECTIVE_QUANTITY,"decimal(20,4)",YES,,
financedata,ashareipo,92,EXCLUDE_HIGHEST_BID_LIMIT,"decimal(20,4)",YES,,
financedata,ashareipo,93,OFFLINE_RELEASES_NUM,"decimal(20,4)",YES,,
financedata,ashareipo,94,PRELIMINARY_INQUIRY_LOWER,"decimal(20,4)",YES,,
financedata,ashareipo,95,S_IPO_COMMISSION_RATE,"decimal(20,4)",YES,,
financedata,ashareipo,96,COMPARABLE_PE_AVERAGE,"decimal(20,4)",YES,,
financedata,ashareipo,97,S_IPO_OTHERAMOUNT,"decimal(20,4)",YES,,
financedata,ashareipo,98,INITIAL_ISSUANCE_QUANTITY,"decimal(20,8)",YES,,
financedata,ashareipo,99,OFFLINE_PLACING_METHODCODE,"decimal(9,0)",YES,,
financedata,ashareipo,100,ONLINE_ESTIMTSHARES_BFCALLBK,"decimal(20,4)",YES,,
financedata,ashareipo,101,S_IPO_MV_THRESHOLD_A,"decimal(20,4)",YES,,
financedata,ashareipo,102,S_IPO_PAYMENTDATE,varchar(8),YES,,
financedata,ashareipo,103,S_IPO_MV_THRESHOLD,"decimal(20,4)",YES,,
financedata,ashareipo,104,EXCLUDE_HIGHEST_BID_OFFER,"decimal(20,4)",YES,,
financedata,ashareipo,105,OVE_ISSU_SHA_DUE_EXE_GRE_SHOES,"decimal(20,4)",YES,,
financedata,ashareipo,106,S_INFO_ASHARECODE,varchar(10),YES,,
financedata,ashareipo,107,PB_OVER_ALLOTMENT_BEFORE,"decimal(20,4)",YES,,
financedata,ashareipo,108,OFFLINE_PLACING_NTDPROPORTION,"decimal(20,4)",YES,,
financedata,ashareipo,109,APPLICATIONDEADLINE,varchar(8),YES,,
financedata,ashareisactivity,1,OBJECT_ID,varchar(100),NO,PRI,
financedata,ashareisactivity,2,EVENT_ID,varchar(40),YES,,
financedata,ashareisactivity,3,S_INFO_WINDCODE,varchar(40),YES,MUL,
financedata,ashareisactivity,4,S_ACTIVITIESTYPE,"decimal(9,0)",YES,,
financedata,ashareisactivity,5,S_SURVEYDATE,varchar(8),YES,,
financedata,ashareisactivity,6,S_SURVEYTIME,varchar(20),YES,,
financedata,ashareisactivity,7,ANN_DT,varchar(8),YES,MUL,
financedata,ashareisactivity,8,S_SURVEYTYPECODE,"decimal(9,0)",YES,,
financedata,ashareisactivity,9,S_SURVEYINSTIS_TOT,"decimal(4,0)",YES,,
financedata,ashareisactivity,10,OPDATE,date,YES,MUL,
financedata,ashareisactivity,11,OPMODE,varchar(1),YES,,
financedata,ashareisparticipant,1,OBJECT_ID,varchar(100),NO,PRI,
financedata,ashareisparticipant,2,EVENT_ID,varchar(40),YES,,
financedata,ashareisparticipant,3,S_INSTITUTIONNAME,varchar(200),YES,MUL,
financedata,ashareisparticipant,4,S_INSTITUTIONCODE,varchar(10),YES,,
financedata,ashareisparticipant,5,S_INSTITUTIONTYPE,"decimal(9,0)",YES,,
financedata,ashareisparticipant,6,S_ANALYSTNAME,varchar(30),YES,,
financedata,ashareisparticipant,7,S_INSTITUTIONTYPECODE,"decimal(9,0)",YES,,
financedata,ashareisparticipant,8,MANAGER_POST,varchar(100),YES,,
financedata,ashareisparticipant,9,S_ANALYST_ID,varchar(10),YES,,
financedata,ashareisparticipant,10,OPDATE,date,YES,MUL,
financedata,ashareisparticipant,11,OPMODE,varchar(1),YES,,
financedata,ashareisparticipant,12,PROJECT_NUMBER,"decimal(2,0)",YES,,
financedata,ashareissuingdatepredict,1,OBJECT_ID,varchar(100),NO,PRI,
financedata,ashareissuingdatepredict,2,S_INFO_WINDCODE,varchar(40),YES,MUL,
financedata,ashareissuingdatepredict,3,REPORT_PERIOD,varchar(8),YES,MUL,
financedata,ashareissuingdatepredict,4,S_STM_PREDICT_ISSUINGDATE,varchar(9),YES,,
financedata,ashareissuingdatepredict,5,S_STM_ACTUAL_ISSUINGDATE,varchar(8),YES,,
financedata,ashareissuingdatepredict,6,S_STM_CORRECT_NUM,varchar(20),YES,,
financedata,ashareissuingdatepredict,7,S_STM_CORRECT_ISSUINGDATE,varchar(100),YES,,
financedata,ashareissuingdatepredict,8,ANN_DT,varchar(8),YES,MUL,
financedata,ashareissuingdatepredict,9,OPDATE,date,YES,MUL,
financedata,ashareissuingdatepredict,10,OPMODE,varchar(1),YES,,
financedata,asharel2indicators,1,OBJECT_ID,varchar(100),NO,PRI,
financedata,asharel2indicators,2,S_INFO_WINDCODE,varchar(40),YES,MUL,
financedata,asharel2indicators,3,TRADE_DT,varchar(8),YES,MUL,
financedata,asharel2indicators,4,S_LI_INITIATIVEBUYRATE,"decimal(20,4)",YES,,
financedata,asharel2indicators,5,S_LI_INITIATIVEBUYMONEY,"decimal(20,4)",YES,,
financedata,asharel2indicators,6,S_LI_INITIATIVEBUYAMOUNT,"decimal(20,4)",YES,,
financedata,asharel2indicators,7,S_LI_INITIATIVESELLRATE,"decimal(20,4)",YES,,
financedata,asharel2indicators,8,S_LI_INITIATIVESELLMONEY,"decimal(20,4)",YES,,
financedata,asharel2indicators,9,S_LI_INITIATIVESELLAMOUNT,"decimal(20,4)",YES,,
financedata,asharel2indicators,10,S_LI_LARGEBUYRATE,"decimal(20,4)",YES,,
financedata,asharel2indicators,11,S_LI_LARGEBUYMONEY,"decimal(20,4)",YES,,
financedata,asharel2indicators,12,S_LI_LARGEBUYAMOUNT,"decimal(20,4)",YES,,
financedata,asharel2indicators,13,S_LI_LARGESELLRATE,"decimal(20,4)",YES,,
financedata,asharel2indicators,14,S_LI_LARGESELLMONEY,"decimal(20,4)",YES,,
financedata,asharel2indicators,15,S_LI_LARGESELLAMOUNT,"decimal(20,4)",YES,,
financedata,asharel2indicators,16,S_LI_ENTRUSTRATE,"decimal(20,4)",YES,,
financedata,asharel2indicators,17,S_LI_ENTRUDIFFERAMOUNT,"decimal(20,4)",YES,,
financedata,asharel2indicators,18,S_LI_ENTRUDIFFERAMONEY,"decimal(20,4)",YES,,
financedata,asharel2indicators,19,S_LI_ENTRUSTBUYMONEY,"decimal(20,4)",YES,,
financedata,asharel2indicators,20,S_LI_ENTRUSTSELLMONEY,"decimal(20,4)",YES,,
financedata,asharel2indicators,21,S_LI_ENTRUSTBUYAMOUNT,"decimal(20,4)",YES,,
financedata,asharel2indicators,22,S_LI_ENTRUSTSELLAMOUNT,"decimal(20,4)",YES,,
financedata,asharel2indicators,23,OPDATE,date,YES,MUL,
financedata,asharel2indicators,24,OPMODE,varchar(1),YES,,
financedata,asharemanagement,1,OBJECT_ID,varchar(100),NO,PRI,
financedata,asharemanagement,2,S_INFO_WINDCODE,varchar(40),YES,MUL,
financedata,asharemanagement,3,ANN_DATE,varchar(8),YES,MUL,
financedata,asharemanagement,4,S_INFO_MANAGER_NAME,varchar(80),YES,,
financedata,asharemanagement,5,S_INFO_MANAGER_GENDER,varchar(10),YES,,
financedata,asharemanagement,6,S_INFO_MANAGER_EDUCATION,varchar(10),YES,,
financedata,asharemanagement,7,S_INFO_MANAGER_NATIONALITY,varchar(40),YES,,
financedata,asharemanagement,8,S_INFO_MANAGER_BIRTHYEAR,varchar(8),YES,,
financedata,asharemanagement,9,S_INFO_MANAGER_STARTDATE,varchar(8),YES,,
financedata,asharemanagement,10,S_INFO_MANAGER_LEAVEDATE,varchar(8),YES,,
financedata,asharemanagement,11,S_INFO_MANAGER_TYPE,"decimal(5,0)",YES,,
financedata,asharemanagement,12,S_INFO_MANAGER_POST,varchar(60),YES,,
financedata,asharemanagement,13,S_INFO_MANAGER_INTRODUCTION,varchar(2500),YES,,
financedata,asharemanagement,14,OPDATE,date,YES,MUL,
financedata,asharemanagement,15,OPMODE,varchar(1),YES,,
financedata,asharemanagementholdreward,1,OBJECT_ID,varchar(100),NO,PRI,
financedata,asharemanagementholdreward,2,S_INFO_WINDCODE,varchar(40),YES,MUL,
financedata,asharemanagementholdreward,3,ANN_DATE,varchar(8),YES,MUL,
financedata,asharemanagementholdreward,4,END_DATE,varchar(8),YES,,
financedata,asharemanagementholdreward,5,CRNY_CODE,varchar(10),YES,,
financedata,asharemanagementholdreward,6,S_INFO_MANAGER_NAME,varchar(80),YES,,
financedata,asharemanagementholdreward,7,S_INFO_MANAGER_POST,varchar(200),YES,,
financedata,asharemanagementholdreward,8,S_MANAGER_RETURN,"decimal(20,4)",YES,,
financedata,asharemanagementholdreward,9,S_MANAGER_QUANTITY,"decimal(20,4)",YES,,
financedata,asharemanagementholdreward,10,OPDATE,date,YES,MUL,
financedata,asharemanagementholdreward,11,OPMODE,varchar(1),YES,,
financedata,asharemargintrade,1,OBJECT_ID,varchar(100),NO,PRI,
financedata,asharemargintrade,2,S_INFO_WINDCODE,varchar(40),YES,MUL,
financedata,asharemargintrade,3,TRADE_DT,varchar(8),YES,MUL,
financedata,asharemargintrade,4,S_MARGIN_TRADINGBALANCE,"decimal(20,4)",YES,,
financedata,asharemargintrade,5,S_MARGIN_PURCHWITHBORROWMONEY,"decimal(20,4)",YES,,
financedata,asharemargintrade,6,S_MARGIN_REPAYMENTTOBROKER,"decimal(20,4)",YES,,
financedata,asharemargintrade,7,S_MARGIN_SECLENDINGBALANCE,"decimal(20,4)",YES,,
financedata,asharemargintrade,8,S_MARGIN_SECLENDINGBALANCEVOL,"decimal(20,4)",YES,,
financedata,asharemargintrade,9,S_MARGIN_SALESOFBORROWEDSEC,"decimal(20,4)",YES,,
financedata,asharemargintrade,10,S_MARGIN_REPAYMENTOFBORROWSEC,"decimal(20,4)",YES,,
financedata,asharemargintrade,11,S_MARGIN_MARGINTRADEBALANCE,"decimal(20,4)",YES,,
financedata,asharemargintrade,12,S_REFIN_SL_VOL_3D,"decimal(20,0)",YES,,
financedata,asharemargintrade,13,S_REFIN_SL_VOL_7D,"decimal(20,0)",YES,,
financedata,asharemargintrade,14,S_REFIN_SL_VOL_14D,"decimal(20,0)",YES,,
financedata,asharemargintrade,15,S_REFIN_SL_VOL_28D,"decimal(20,0)",YES,,
financedata,asharemargintrade,16,S_REFIN_SL_VOL_182D,"decimal(20,0)",YES,,
financedata,asharemargintrade,17,S_REFIN_SB_VOL_3D,"decimal(20,0)",YES,,
financedata,asharemargintrade,18,S_REFIN_SB_VOL_7D,"decimal(20,0)",YES,,
financedata,asharemargintrade,19,S_REFIN_SB_VOL_14D,"decimal(20,0)",YES,,
financedata,asharemargintrade,20,S_SB_VOL_28D,"decimal(20,0)",YES,,
financedata,asharemargintrade,21,S_SB_VOL_182D,"decimal(20,0)",YES,,
financedata,asharemargintrade,22,S_REFIN_SL_EOD_VOL,"decimal(20,0)",YES,,
financedata,asharemargintrade,23,S_REFIN_SB_EOD_VOL,"decimal(20,0)",YES,,
financedata,asharemargintrade,24,S_REFIN_SL_EOP_VOL,"decimal(20,0)",YES,,
financedata,asharemargintrade,25,S_REFIN_SL_EOP_BAL,"decimal(20,4)",YES,,
financedata,asharemargintrade,26,S_REFIN_REPAY_VOL,"decimal(20,0)",YES,,
financedata,asharemargintrade,27,OPDATE,date,YES,MUL,
financedata,asharemargintrade,28,OPMODE,varchar(1),YES,,
financedata,asharemargintrade,29,SEC_ID,varchar(10),YES,,
financedata,asharemargintrade,30,S_MARGIN_SALEREPAYAMOUNT,"decimal(20,4)",YES,,
financedata,asharemargintrade,31,I_MARGIN_TRADINGBALANCEVOLUME,"decimal(20,4)",YES,,
financedata,asharemargintrade,32,S_MARGIN_SALETRADINGAMOUNT,"decimal(20,4)",YES,,
financedata,asharemargintradesum,1,OBJECT_ID,varchar(100),NO,PRI,
financedata,asharemargintradesum,2,TRADE_DT,varchar(8),YES,MUL,
financedata,asharemargintradesum,3,S_MARSUM_EXCHMARKET,varchar(40),YES,,
financedata,asharemargintradesum,4,S_MARSUM_TRADINGBALANCE,"decimal(20,4)",YES,,
financedata,asharemargintradesum,5,S_MARSUM_PURCHWITHBORROWMONEY,"decimal(20,4)",YES,,
financedata,asharemargintradesum,6,S_MARSUM_REPAYMENTTOBROKER,"decimal(20,4)",YES,,
financedata,asharemargintradesum,7,S_MARSUM_SECLENDINGBALANCE,"decimal(20,4)",YES,,
financedata,asharemargintradesum,8,S_MARSUM_SALESOFBORROWEDSEC,"decimal(20,4)",YES,,
financedata,asharemargintradesum,9,S_MARSUM_MARGINTRADEBALANCE,"decimal(20,4)",YES,,
financedata,asharemargintradesum,10,OPDATE,date,YES,MUL,
financedata,asharemargintradesum,11,OPMODE,varchar(1),YES,,
financedata,asharemargintradesum,12,S_MARSUM_FLOW_EQUITY,"decimal(24,8)",YES,,
financedata,asharemargintradesum,13,S_MARSUM_MARGIN_MARGIN,"decimal(20,4)",YES,,
financedata,asharemargintradesum,14,S_MARSUM_SECURITIES_SALES,"decimal(20,4)",YES,,
financedata,asharemargintradesum,15,S_MARSUM_FINANCING_MARGIN,"decimal(20,4)",YES,,
financedata,asharemargintradesum,16,S_MARSUM_SECURITIES_REPAY,"decimal(20,4)",YES,,
financedata,asharemargintradesum,17,S_MARSUM_TURNOVER_AMOUNT,"decimal(20,4)",YES,,
financedata,asharemargintradesum,18,S_MARSUM_CIRCULATION_VALUE,"decimal(20,4)",YES,,
financedata,asharemoneyflow,1,OBJECT_ID,varchar(100),NO,PRI,
financedata,asharemoneyflow,2,S_INFO_WINDCODE,varchar(40),YES,MUL,
financedata,asharemoneyflow,3,TRADE_DT,varchar(8),YES,MUL,
financedata,asharemoneyflow,4,BUY_VALUE_EXLARGE_ORDER,"decimal(20,4)",YES,,
financedata,asharemoneyflow,5,SELL_VALUE_EXLARGE_ORDER,"decimal(20,4)",YES,,
financedata,asharemoneyflow,6,BUY_VALUE_LARGE_ORDER,"decimal(20,4)",YES,,
financedata,asharemoneyflow,7,SELL_VALUE_LARGE_ORDER,"decimal(20,4)",YES,,
financedata,asharemoneyflow,8,BUY_VALUE_MED_ORDER,"decimal(20,4)",YES,,
financedata,asharemoneyflow,9,SELL_VALUE_MED_ORDER,"decimal(20,4)",YES,,
financedata,asharemoneyflow,10,BUY_VALUE_SMALL_ORDER,"decimal(20,4)",YES,,
financedata,asharemoneyflow,11,SELL_VALUE_SMALL_ORDER,"decimal(20,4)",YES,,
financedata,asharemoneyflow,12,BUY_VOLUME_EXLARGE_ORDER,"decimal(20,4)",YES,,
financedata,asharemoneyflow,13,SELL_VOLUME_EXLARGE_ORDER,"decimal(20,4)",YES,,
financedata,asharemoneyflow,14,BUY_VOLUME_LARGE_ORDER,"decimal(20,4)",YES,,
financedata,asharemoneyflow,15,SELL_VOLUME_LARGE_ORDER,"decimal(20,4)",YES,,
financedata,asharemoneyflow,16,BUY_VOLUME_MED_ORDER,"decimal(20,4)",YES,,
financedata,asharemoneyflow,17,SELL_VOLUME_MED_ORDER,"decimal(20,4)",YES,,
financedata,asharemoneyflow,18,BUY_VOLUME_SMALL_ORDER,"decimal(20,4)",YES,,
financedata,asharemoneyflow,19,SELL_VOLUME_SMALL_ORDER,"decimal(20,4)",YES,,
financedata,asharemoneyflow,20,TRADES_COUNT,"decimal(20,4)",YES,,
financedata,asharemoneyflow,21,BUY_TRADES_EXLARGE_ORDER,"decimal(20,4)",YES,,
financedata,asharemoneyflow,22,SELL_TRADES_EXLARGE_ORDER,"decimal(20,4)",YES,,
financedata,asharemoneyflow,23,BUY_TRADES_LARGE_ORDER,"decimal(20,4)",YES,,
financedata,asharemoneyflow,24,SELL_TRADES_LARGE_ORDER,"decimal(20,4)",YES,,
financedata,asharemoneyflow,25,BUY_TRADES_MED_ORDER,"decimal(20,4)",YES,,
financedata,asharemoneyflow,26,SELL_TRADES_MED_ORDER,"decimal(20,4)",YES,,
financedata,asharemoneyflow,27,BUY_TRADES_SMALL_ORDER,"decimal(20,4)",YES,,
financedata,asharemoneyflow,28,SELL_TRADES_SMALL_ORDER,"decimal(20,4)",YES,,
financedata,asharemoneyflow,29,VOLUME_DIFF_SMALL_TRADER,"decimal(20,4)",YES,,
financedata,asharemoneyflow,30,VOLUME_DIFF_SMALL_TRADER_ACT,"decimal(20,4)",YES,,
financedata,asharemoneyflow,31,VOLUME_DIFF_MED_TRADER,"decimal(20,4)",YES,,
financedata,asharemoneyflow,32,VOLUME_DIFF_MED_TRADER_ACT,"decimal(20,4)",YES,,
financedata,asharemoneyflow,33,VOLUME_DIFF_LARGE_TRADER,"decimal(20,4)",YES,,
financedata,asharemoneyflow,34,VOLUME_DIFF_LARGE_TRADER_ACT,"decimal(20,4)",YES,,
financedata,asharemoneyflow,35,VOLUME_DIFF_INSTITUTE,"decimal(20,4)",YES,,
financedata,asharemoneyflow,36,VOLUME_DIFF_INSTITUTE_ACT,"decimal(20,4)",YES,,
financedata,asharemoneyflow,37,VALUE_DIFF_SMALL_TRADER,"decimal(20,4)",YES,,
financedata,asharemoneyflow,38,VALUE_DIFF_SMALL_TRADER_ACT,"decimal(20,4)",YES,,
financedata,asharemoneyflow,39,VALUE_DIFF_MED_TRADER,"decimal(20,4)",YES,,
financedata,asharemoneyflow,40,VALUE_DIFF_MED_TRADER_ACT,"decimal(20,4)",YES,,
financedata,asharemoneyflow,41,VALUE_DIFF_LARGE_TRADER,"decimal(20,4)",YES,,
financedata,asharemoneyflow,42,VALUE_DIFF_LARGE_TRADER_ACT,"decimal(20,4)",YES,,
financedata,asharemoneyflow,43,VALUE_DIFF_INSTITUTE,"decimal(20,4)",YES,,
financedata,asharemoneyflow,44,VALUE_DIFF_INSTITUTE_ACT,"decimal(20,4)",YES,,
financedata,asharemoneyflow,45,S_MFD_INFLOWVOLUME,"decimal(20,4)",YES,,
financedata,asharemoneyflow,46,NET_INFLOW_RATE_VOLUME,"decimal(20,4)",YES,,
financedata,asharemoneyflow,47,S_MFD_INFLOW_OPENVOLUME,"decimal(20,4)",YES,,
financedata,asharemoneyflow,48,OPEN_NET_INFLOW_RATE_VOLUME,"decimal(20,4)",YES,,
financedata,asharemoneyflow,49,S_MFD_INFLOW_CLOSEVOLUME,"decimal(20,4)",YES,,
financedata,asharemoneyflow,50,CLOSE_NET_INFLOW_RATE_VOLUME,"decimal(20,4)",YES,,
financedata,asharemoneyflow,51,S_MFD_INFLOW,"decimal(20,4)",YES,,
financedata,asharemoneyflow,52,NET_INFLOW_RATE_VALUE,"decimal(20,4)",YES,,
financedata,asharemoneyflow,53,S_MFD_INFLOW_OPEN,"decimal(20,4)",YES,,
financedata,asharemoneyflow,54,OPEN_NET_INFLOW_RATE_VALUE,"decimal(20,4)",YES,,
financedata,asharemoneyflow,55,S_MFD_INFLOW_CLOSE,"decimal(20,4)",YES,,
financedata,asharemoneyflow,56,CLOSE_NET_INFLOW_RATE_VALUE,"decimal(20,4)",YES,,
financedata,asharemoneyflow,57,TOT_VOLUME_BID,"decimal(20,4)",YES,,
financedata,asharemoneyflow,58,TOT_VOLUME_ASK,"decimal(20,4)",YES,,
financedata,asharemoneyflow,59,MONEYFLOW_PCT_VOLUME,"decimal(20,4)",YES,,
financedata,asharemoneyflow,60,OPEN_MONEYFLOW_PCT_VOLUME,"decimal(20,4)",YES,,
financedata,asharemoneyflow,61,CLOSE_MONEYFLOW_PCT_VOLUME,"decimal(20,4)",YES,,
financedata,asharemoneyflow,62,MONEYFLOW_PCT_VALUE,"decimal(20,4)",YES,,
financedata,asharemoneyflow,63,OPEN_MONEYFLOW_PCT_VALUE,"decimal(20,4)",YES,,
financedata,asharemoneyflow,64,CLOSE_MONEYFLOW_PCT_VALUE,"decimal(20,4)",YES,,
financedata,asharemoneyflow,65,S_MFD_INFLOWVOLUME_LARGE_ORDER,"decimal(20,4)",YES,,
financedata,asharemoneyflow,66,NET_INFLOW_RATE_VOLUME_L,"decimal(20,6)",YES,,
financedata,asharemoneyflow,67,S_MFD_INFLOW_LARGE_ORDER,"decimal(20,4)",YES,,
financedata,asharemoneyflow,68,NET_INFLOW_RATE_VALUE_L,"decimal(20,6)",YES,,
financedata,asharemoneyflow,69,MONEYFLOW_PCT_VOLUME_L,"decimal(20,6)",YES,,
financedata,asharemoneyflow,70,MONEYFLOW_PCT_VALUE_L,"decimal(20,6)",YES,,
financedata,asharemoneyflow,71,S_MFD_INFLOW_OPENVOLUME_L,"decimal(20,4)",YES,,
financedata,asharemoneyflow,72,OPEN_NET_INFLOW_RATE_VOLUME_L,"decimal(20,6)",YES,,
financedata,asharemoneyflow,73,S_MFD_INFLOW_OPEN_LARGE_ORDER,"decimal(20,4)",YES,,
financedata,asharemoneyflow,74,OPEN_NET_INFLOW_RATE_VALUE_L,"decimal(20,6)",YES,,
financedata,asharemoneyflow,75,OPEN_MONEYFLOW_PCT_VOLUME_L,"decimal(20,6)",YES,,
financedata,asharemoneyflow,76,OPEN_MONEYFLOW_PCT_VALUE_L,"decimal(20,6)",YES,,
financedata,asharemoneyflow,77,S_MFD_INFLOW_CLOSEVOLUME_L,"decimal(20,4)",YES,,
financedata,asharemoneyflow,78,CLOSE_NET_INFLOW_RATE_VOLUME_L,"decimal(20,6)",YES,,
financedata,asharemoneyflow,79,S_MFD_INFLOW_CLOSE_LARGE_ORDER,"decimal(20,4)",YES,,
financedata,asharemoneyflow,80,CLOSE_NET_INFLOW_RATE_VALU_L,"decimal(20,6)",YES,,
financedata,asharemoneyflow,81,CLOSE_MONEYFLOW_PCT_VOLUME_L,"decimal(20,6)",YES,,
financedata,asharemoneyflow,82,CLOSE_MONEYFLOW_PCT_VALUE_L,"decimal(20,6)",YES,,
financedata,asharemoneyflow,83,BUY_VALUE_EXLARGE_ORDER_ACT,"decimal(20,4)",YES,,
financedata,asharemoneyflow,84,SELL_VALUE_EXLARGE_ORDER_ACT,"decimal(20,4)",YES,,
financedata,asharemoneyflow,85,BUY_VALUE_LARGE_ORDER_ACT,"decimal(20,4)",YES,,
financedata,asharemoneyflow,86,SELL_VALUE_LARGE_ORDER_ACT,"decimal(20,4)",YES,,
financedata,asharemoneyflow,87,BUY_VALUE_MED_ORDER_ACT,"decimal(20,4)",YES,,
financedata,asharemoneyflow,88,SELL_VALUE_MED_ORDER_ACT,"decimal(20,4)",YES,,
financedata,asharemoneyflow,89,BUY_VALUE_SMALL_ORDER_ACT,"decimal(20,4)",YES,,
financedata,asharemoneyflow,90,SELL_VALUE_SMALL_ORDER_ACT,"decimal(20,4)",YES,,
financedata,asharemoneyflow,91,BUY_VOLUME_EXLARGE_ORDER_ACT,"decimal(20,4)",YES,,
financedata,asharemoneyflow,92,SELL_VOLUME_EXLARGE_ORDER_ACT,"decimal(20,4)",YES,,
financedata,asharemoneyflow,93,BUY_VOLUME_LARGE_ORDER_ACT,"decimal(20,4)",YES,,
financedata,asharemoneyflow,94,SELL_VOLUME_LARGE_ORDER_ACT,"decimal(20,4)",YES,,
financedata,asharemoneyflow,95,BUY_VOLUME_MED_ORDER_ACT,"decimal(20,4)",YES,,
financedata,asharemoneyflow,96,SELL_VOLUME_MED_ORDER_ACT,"decimal(20,4)",YES,,
financedata,asharemoneyflow,97,BUY_VOLUME_SMALL_ORDER_ACT,"decimal(20,4)",YES,,
financedata,asharemoneyflow,98,SELL_VOLUME_SMALL_ORDER_ACT,"decimal(20,4)",YES,,
financedata,asharemoneyflow,99,OPDATE,date,YES,MUL,
financedata,asharemoneyflow,100,OPMODE,varchar(1),YES,,
financedata,ashareneindustriesclass,1,OBJECT_ID,varchar(100),NO,PRI,
financedata,ashareneindustriesclass,2,S_INFO_WINDCODE,varchar(40),YES,MUL,
financedata,ashareneindustriesclass,3,NE_IND_CODE,varchar(50),YES,,
financedata,ashareneindustriesclass,4,ENTRY_DT,varchar(8),YES,MUL,
financedata,ashareneindustriesclass,5,REMOVE_DT,varchar(8),YES,,
financedata,ashareneindustriesclass,6,CUR_SIGN,varchar(10),YES,,
financedata,ashareneindustriesclass,7,OPDATE,date,YES,MUL,
financedata,ashareneindustriesclass,8,OPMODE,varchar(1),YES,,
financedata,ashareplacementdetails,1,OBJECT_ID,varchar(100),NO,PRI,
financedata,ashareplacementdetails,2,S_INFO_WINDCODE,varchar(40),YES,MUL,
financedata,ashareplacementdetails,3,S_HOLDER_NAME,varchar(200),YES,,
financedata,ashareplacementdetails,4,S_HOLDER_TYPECODE,"decimal(9,0)",YES,,
financedata,ashareplacementdetails,5,S_HOLDER_TYPE,varchar(20),YES,,
financedata,ashareplacementdetails,6,TYPEOFINVESTOR,varchar(20),YES,,
financedata,ashareplacementdetails,7,ORDQTY,"decimal(20,4)",YES,,
financedata,ashareplacementdetails,8,PLACEMENT,"decimal(20,4)",YES,,
financedata,ashareplacementdetails,9,TRADE_DT,varchar(8),YES,MUL,
financedata,ashareplacementdetails,10,ANN_DT,varchar(8),YES,MUL,
financedata,ashareplacementdetails,11,LOCKMONTH,"decimal(20,4)",YES,,
financedata,ashareplacementdetails,12,TRADABLE_DT,varchar(8),YES,,
financedata,ashareplacementdetails,13,ANN_ORDQTY,"decimal(20,4)",YES,,
financedata,ashareplacementdetails,14,IS_SEOORIPO,"decimal(1,0)",YES,,
financedata,ashareplacementdetails,15,LATEST_OWN_QTY,"decimal(20,4)",YES,,
financedata,ashareplacementdetails,16,PLACEMENT_FINANCING,"decimal(20,4)",YES,,
financedata,ashareplacementdetails,17,PLACEMENT_CURRENCY,"decimal(20,4)",YES,,
financedata,ashareplacementdetails,18,PLACEMENT_NON_CURRENCY,"decimal(20,4)",YES,,
financedata,ashareplacementdetails,19,MEETEVENT_ID,varchar(40),YES,,
financedata,ashareplacementdetails,20,OPDATE,date,YES,MUL,
financedata,ashareplacementdetails,21,OPMODE,varchar(1),YES,,
financedata,ashareplacementdetails,22,INVESTOR_NAME,varchar(200),YES,,
financedata,ashareplacementdetails,23,S_SHARE_LSTTYPENAME,varchar(50),YES,,
financedata,ashareplacementdetails,24,S_INFO_COMPCODE,varchar(40),YES,MUL,
financedata,ashareplacementdetails,25,INVESTOR_TYPE_CODE,"decimal(9,0)",YES,,
financedata,asharepreviousname,1,OBJECT_ID,varchar(38),NO,PRI,
financedata,asharepreviousname,2,S_INFO_WINDCODE,varchar(40),YES,MUL,
financedata,asharepreviousname,3,BEGINDATE,varchar(8),YES,,
financedata,asharepreviousname,4,ENDDATE,varchar(8),YES,,
financedata,asharepreviousname,5,ANN_DT,varchar(8),YES,MUL,
financedata,asharepreviousname,6,S_INFO_NAME,varchar(40),YES,MUL,
financedata,asharepreviousname,7,CHANGEREASON,"decimal(9,0)",YES,,
financedata,asharepreviousname,8,OPDATE,date,YES,MUL,
financedata,asharepreviousname,9,OPMODE,varchar(1),YES,,
financedata,ashareprofitexpress,1,OBJECT_ID,varchar(100),NO,PRI,
financedata,ashareprofitexpress,2,S_INFO_WINDCODE,varchar(40),YES,MUL,
financedata,ashareprofitexpress,3,ANN_DT,varchar(8),YES,MUL,
financedata,ashareprofitexpress,4,REPORT_PERIOD,varchar(8),YES,MUL,
financedata,ashareprofitexpress,5,OPER_REV,"decimal(20,4)",YES,,
financedata,ashareprofitexpress,6,OPER_PROFIT,"decimal(20,4)",YES,,
financedata,ashareprofitexpress,7,TOT_PROFIT,"decimal(20,4)",YES,,
financedata,ashareprofitexpress,8,NET_PROFIT_EXCL_MIN_INT_INC,"decimal(20,4)",YES,,
financedata,ashareprofitexpress,9,TOT_ASSETS,"decimal(20,4)",YES,,
financedata,ashareprofitexpress,10,TOT_SHRHLDR_EQY_EXCL_MIN_INT,"decimal(20,4)",YES,,
financedata,ashareprofitexpress,11,EPS_DILUTED,"decimal(20,4)",YES,,
financedata,ashareprofitexpress,12,ROE_DILUTED,"decimal(20,4)",YES,,
financedata,ashareprofitexpress,13,S_ISAUDIT,"decimal(5,0)",YES,,
financedata,ashareprofitexpress,14,YOYNET_PROFIT_EXCL_MIN_INT_INC,"decimal(20,4)",YES,,
financedata,ashareprofitexpress,15,BRIEF_PERFORMANCE,varchar(3000),YES,,
financedata,ashareprofitexpress,16,MEMO,varchar(1000),YES,,
financedata,ashareprofitexpress,17,S_FA_BPS,"decimal(20,4)",YES,,
financedata,ashareprofitexpress,18,S_FA_YOYSALES,"decimal(20,4)",YES,,
financedata,ashareprofitexpress,19,S_FA_YOYOP,"decimal(20,4)",YES,,
financedata,ashareprofitexpress,20,S_FA_YOYEBT,"decimal(20,4)",YES,,
financedata,ashareprofitexpress,21,S_FA_YOYNETPROFIT_DEDUCTED,"decimal(20,4)",YES,,
financedata,ashareprofitexpress,22,S_FA_YOYEPS_BASIC,"decimal(20,4)",YES,,
financedata,ashareprofitexpress,23,S_FA_ROE_YEARLY,"decimal(20,4)",YES,,
financedata,ashareprofitexpress,24,S_FA_GROWTH_ASSETS,"decimal(20,4)",YES,,
financedata,ashareprofitexpress,25,S_FA_YOYEQUITY,"decimal(20,4)",YES,,
financedata,ashareprofitexpress,26,GROWTH_BPS_SH,"decimal(20,4)",YES,,
financedata,ashareprofitexpress,27,LAST_YEAR_OPER_REV,"decimal(20,4)",YES,,
financedata,ashareprofitexpress,28,LAST_YEAR_OPER_PROFIT,"decimal(20,4)",YES,,
financedata,ashareprofitexpress,29,LAST_YEAR_TOT_PROFIT,"decimal(20,4)",YES,,
financedata,ashareprofitexpress,30,LAST_YEAR_NET_PROFIT_EXCL_INC,"decimal(20,4)",YES,,
financedata,ashareprofitexpress,31,LAST_YEAR_EPS_DILUTED,"decimal(20,4)",YES,,
financedata,ashareprofitexpress,32,S_EARLY_NET_ASSETS,"decimal(20,4)",YES,,
financedata,ashareprofitexpress,33,S_EARLY_BPS,"decimal(20,4)",YES,,
financedata,ashareprofitexpress,34,ACTUAL_ANN_DT,varchar(8),YES,,
financedata,ashareprofitexpress,35,PERFORMEXP_NPDEDTOSHAREHOLDER,"decimal(20,4)",YES,,
financedata,ashareprofitexpress,36,OPDATE,date,YES,MUL,
financedata,ashareprofitexpress,37,OPMODE,varchar(1),YES,,
financedata,ashareprofitnotice,1,OBJECT_ID,varchar(100),NO,PRI,
financedata,ashareprofitnotice,2,S_INFO_WINDCODE,varchar(40),YES,MUL,
financedata,ashareprofitnotice,3,S_PROFITNOTICE_DATE,varchar(8),YES,MUL,
financedata,ashareprofitnotice,4,S_PROFITNOTICE_PERIOD,varchar(8),YES,MUL,
financedata,ashareprofitnotice,5,S_PROFITNOTICE_STYLE,"decimal(9,0)",YES,,
financedata,ashareprofitnotice,6,S_PROFITNOTICE_SIGNCHANGE,varchar(10),YES,,
financedata,ashareprofitnotice,7,S_PROFITNOTICE_CHANGEMIN,"decimal(20,4)",YES,,
financedata,ashareprofitnotice,8,S_PROFITNOTICE_CHANGEMAX,"decimal(20,4)",YES,,
financedata,ashareprofitnotice,9,S_PROFITNOTICE_NETPROFITMIN,"decimal(20,4)",YES,,
financedata,ashareprofitnotice,10,S_PROFITNOTICE_NETPROFITMAX,"decimal(20,4)",YES,,
financedata,ashareprofitnotice,11,S_PROFITNOTICE_NUMBER,"decimal(15,4)",YES,,
financedata,ashareprofitnotice,12,S_PROFITNOTICE_FIRSTANNDATE,varchar(8),YES,,
financedata,ashareprofitnotice,13,S_PROFITNOTICE_ABSTRACT,varchar(200),YES,,
financedata,ashareprofitnotice,14,S_PROFITNOTICE_REASON,varchar(3000),YES,,
financedata,ashareprofitnotice,15,S_PROFITNOTICE_NET_PARENT_FIRM,"decimal(20,4)",YES,,
financedata,ashareprofitnotice,16,S_PROFITNOTICE_CHANGEMIN_DED,"decimal(20,4)",YES,,
financedata,ashareprofitnotice,17,S_PROFITNOTICE_CHANGEMAX_DED,"decimal(20,4)",YES,,
financedata,ashareprofitnotice,18,S_PROFITNOTICE_NI_MIN_DED,"decimal(20,8)",YES,,
financedata,ashareprofitnotice,19,S_PROFITNOTICE_NI_MAX_DED,"decimal(20,8)",YES,,
financedata,ashareprofitnotice,20,S_PROFITNOTICE_NETPROFIT_DED,"decimal(20,8)",YES,,
financedata,ashareprofitnotice,21,S_PROFITNOTICE_BASICEARNMIN,"decimal(20,4)",YES,,
financedata,ashareprofitnotice,22,S_PROFITNOTICE_BASICEARNMAX,"decimal(20,4)",YES,,
financedata,ashareprofitnotice,23,S_PROFITNOTICE_LASTBASICEARN,"decimal(20,4)",YES,,
financedata,ashareprofitnotice,24,OPDATE,date,YES,MUL,
financedata,ashareprofitnotice,25,OPMODE,varchar(1),YES,,
financedata,ashareprofitnotice,26,S_PROFITNOTICE_INCOMEMAX,"decimal(20,8)",YES,,
financedata,ashareprofitnotice,27,ASTYEARDEDUCTEDEARN,"decimal(20,4)",YES,,
financedata,ashareprofitnotice,28,S_PROFITNOTICE_INCOMEMIN,"decimal(20,8)",YES,,
financedata,ashareprofitnotice,29,S_PROFITNOTICE_LASTYEARINCOME,"decimal(20,8)",YES,,
financedata,ashareprofitnotice,30,COMP_ID,varchar(10),YES,,
financedata,ashareprofitnotice,31,DEDUCTEDEARNMIN,"decimal(20,4)",YES,,
financedata,ashareprofitnotice,32,DEDUCTEDSALESMAX,"decimal(20,8)",YES,,
financedata,ashareprofitnotice,33,DEDUCTEDSALESMIN,"decimal(20,8)",YES,,
financedata,ashareprofitnotice,34,DEDUCTEDEARNMAX,"decimal(20,4)",YES,,
financedata,ashareprofitnotice,35,LASTYEARDEDUCTEDSALES,"decimal(20,8)",YES,,
financedata,asharerightissue,1,OBJECT_ID,varchar(100),NO,PRI,
financedata,asharerightissue,2,S_INFO_WINDCODE,varchar(40),YES,MUL,
financedata,asharerightissue,3,S_RIGHTSISSUE_PROGRESS,varchar(10),YES,,
financedata,asharerightissue,4,S_RIGHTSISSUE_PRICE,"decimal(20,4)",YES,,
financedata,asharerightissue,5,S_RIGHTSISSUE_RATIO,"decimal(20,4)",YES,,
financedata,asharerightissue,6,S_RIGHTSISSUE_AMOUNT,"decimal(20,4)",YES,,
financedata,asharerightissue,7,S_RIGHTSISSUE_AMOUNTACT,"decimal(20,4)",YES,,
financedata,asharerightissue,8,S_RIGHTSISSUE_NETCOLLECTION,"decimal(20,4)",YES,,
financedata,asharerightissue,9,S_RIGHTSISSUE_REGDATESHAREB,varchar(8),YES,,
financedata,asharerightissue,10,S_RIGHTSISSUE_EXDIVIDENDDATE,varchar(8),YES,,
financedata,asharerightissue,11,S_RIGHTSISSUE_LISTEDDATE,varchar(8),YES,,
financedata,asharerightissue,12,S_RIGHTSISSUE_PAYSTARTDATE,varchar(8),YES,,
financedata,asharerightissue,13,S_RIGHTSISSUE_PAYENDDATE,varchar(8),YES,,
financedata,asharerightissue,14,S_RIGHTSISSUE_PREPLANDATE,varchar(8),YES,,
financedata,asharerightissue,15,S_RIGHTSISSUE_SMTGANNCEDATE,varchar(8),YES,,
financedata,asharerightissue,16,S_RIGHTSISSUE_PASSDATE,varchar(8),YES,,
financedata,asharerightissue,17,S_RIGHTSISSUE_APPROVEDDATE,varchar(8),YES,,
financedata,asharerightissue,18,S_RIGHTSISSUE_ANNCEDATE,varchar(8),YES,,
financedata,asharerightissue,19,S_RIGHTSISSUE_RESULTDATE,varchar(8),YES,,
financedata,asharerightissue,20,S_RIGHTSISSUE_LISTANNDATE,varchar(8),YES,,
financedata,asharerightissue,21,S_RIGHTSISSUE_GUARANTOR,varchar(8),YES,,
financedata,asharerightissue,22,S_RIGHTSISSUE_GUARTYPE,"decimal(20,4)",YES,,
financedata,asharerightissue,23,S_RIGHTSISSUE_CODE,varchar(10),YES,,
financedata,asharerightissue,24,ANN_DT,varchar(8),YES,MUL,
financedata,asharerightissue,25,S_RIGHTSISSUE_YEAR,varchar(8),YES,,
financedata,asharerightissue,26,S_RIGHTSISSUE_CONTENT,varchar(150),YES,,
financedata,asharerightissue,27,S_RIGHTSISSUE_NAME,varchar(40),YES,,
financedata,asharerightissue,28,S_RATIO_DENOMINATOR,"decimal(20,4)",YES,,
financedata,asharerightissue,29,S_RATIO_MOLECULAR,"decimal(20,4)",YES,,
financedata,asharerightissue,30,S_SUBSCRIPTION_METHOD,varchar(30),YES,,
financedata,asharerightissue,31,S_EXPECTED_FUND_RAISING,"decimal(20,4)",YES,,
financedata,asharerightissue,32,OPDATE,date,YES,MUL,
financedata,asharerightissue,33,OPMODE,varchar(1),YES,,
financedata,asharerightissue,34,S_CIRCULATED_SHARE_NUM1,"decimal(20,4)",YES,,
financedata,asharerightissue,35,S_RIGHTSISSUE_REGDATE_BSHARE,varchar(8),YES,,
financedata,asharerightissue,36,S_LOWER_PRICE_LIMIT,"decimal(20,4)",YES,,
financedata,asharerightissue,37,S_TRANSFER_SHARE_NUM1,"decimal(20,4)",YES,,
financedata,asharerightissue,38,S_HOLDER_HELD_NUMBER,"decimal(20,4)",YES,,
financedata,asharerightissue,39,S_HOLDER_SUBSCRIPTION_METHOD,varchar(100),YES,,
financedata,asharerightissue,40,S_UNDERWRITING_METHOD,varchar(20),YES,,
financedata,asharerightissue,41,S_PRICE_CAP,"decimal(20,4)",YES,,
financedata,asharerightissue,42,S_CIRCULATED_SHARE_NUM,"decimal(20,4)",YES,,
financedata,asharerightissue,43,SEC_ID,varchar(10),YES,,
financedata,asharerightissue,44,S_LEGAL_PERSON_SHARE_NUM1,"decimal(20,4)",YES,,
financedata,asharerightissue,45,S_HOLDER_SUBSCRIPTION_NUMBER1,"decimal(20,4)",YES,,
financedata,asharerightissue,46,S_EMPLOYEE_STOCK_SHARE_NUM1,"decimal(20,4)",YES,,
financedata,asharerightissue,47,S_ALLOTMENT_OBJECT,varchar(40),YES,,
financedata,asharerightissue,48,S_TRANSFER_SHARE_NUM,"decimal(20,4)",YES,,
financedata,asharerightissue,49,S_STATE_OWNED_SHARE_NUM,"decimal(20,4)",YES,,
financedata,asharerightissue,50,S_LEGAL_PERSON_SHARE_NUM,"decimal(20,4)",YES,,
financedata,asharerightissue,51,S_UNDERWRITER_SUBSCRIPTION,"decimal(20,4)",YES,,
financedata,asharerightissue,52,S_STATE_OWNED_SHARE_NUM1,"decimal(20,4)",YES,,
financedata,asharerightissue,53,S_HOLDER_SUBSCRIPTION_NUMBER,"decimal(20,4)",YES,,
financedata,asharerightissue,54,S_EMPLOYEE_STOCK_SHARE_NUM,"decimal(20,4)",YES,,
financedata,asharerightissue,55,S_RIGHTSISSUE_COST,"decimal(20,4)",YES,,
financedata,asharesalessegment,1,OBJECT_ID,varchar(100),NO,PRI,
financedata,asharesalessegment,2,S_INFO_WINDCODE,varchar(40),YES,MUL,
financedata,asharesalessegment,3,REPORT_PERIOD,varchar(8),YES,MUL,
financedata,asharesalessegment,4,CRNCY_CODE,varchar(10),YES,,
financedata,asharesalessegment,5,S_SEGMENT_ITEMCODE,"decimal(9,0)",YES,,
financedata,asharesalessegment,6,S_SEGMENT_ITEM,varchar(100),YES,,
financedata,asharesalessegment,7,S_SEGMENT_SALES,"decimal(20,4)",YES,,
financedata,asharesalessegment,8,S_SEGMENT_PROFIT,"decimal(20,4)",YES,,
financedata,asharesalessegment,9,S_SEGMENT_COST,"decimal(20,4)",YES,,
financedata,asharesalessegment,10,IS_PUBLISHED_VALUE,"decimal(1,0)",YES,,
financedata,asharesalessegment,11,PCT_SEGMENT_SALES,"decimal(20,4)",YES,,
financedata,asharesalessegment,12,PCT_SEGMENT_PROFIT,"decimal(20,4)",YES,,
financedata,asharesalessegment,13,PCT_SEGMENT_COST,"decimal(20,4)",YES,,
financedata,asharesalessegment,14,INC_SEGMENT_SALES,"decimal(20,4)",YES,,
financedata,asharesalessegment,15,INC_SEGMENT_PROFIT,"decimal(20,4)",YES,,
financedata,asharesalessegment,16,INC_SEGMENT_COST,"decimal(20,4)",YES,,
financedata,asharesalessegment,17,GROSS_PROFIT_MARGIN,"decimal(20,4)",YES,,
financedata,asharesalessegment,18,INC_PROFIT_MARGIN,"decimal(20,4)",YES,,
financedata,asharesalessegment,19,S_INFO_COMPCODE,varchar(10),YES,MUL,
financedata,asharesalessegment,20,SUBJECT_CODE,varchar(20),YES,,
financedata,asharesalessegment,21,OPDATE,date,YES,MUL,
financedata,asharesalessegment,22,OPMODE,varchar(1),YES,,
financedata,asharesecnindustriesclass,1,OBJECT_ID,varchar(100),NO,PRI,
financedata,asharesecnindustriesclass,2,S_INFO_WINDCODE,varchar(40),YES,MUL,
financedata,asharesecnindustriesclass,3,SEC_IND_CODE,varchar(50),YES,,
financedata,asharesecnindustriesclass,4,ENTRY_DT,varchar(8),YES,MUL,
financedata,asharesecnindustriesclass,5,REMOVE_DT,varchar(8),YES,,
financedata,asharesecnindustriesclass,6,CUR_SIGN,varchar(10),YES,,
financedata,asharesecnindustriesclass,7,OPDATE,date,YES,MUL,
financedata,asharesecnindustriesclass,8,OPMODE,varchar(1),YES,,
financedata,ashareseo,1,OBJECT_ID,varchar(100),NO,PRI,
financedata,ashareseo,2,S_INFO_WINDCODE,varchar(40),YES,MUL,
financedata,ashareseo,3,S_FELLOW_PROGRESS,"decimal(5,0)",YES,,
financedata,ashareseo,4,S_FELLOW_ISSUETYPE,varchar(10),YES,,
financedata,ashareseo,5,CRNCY_CODE,varchar(10),YES,,
financedata,ashareseo,6,S_FELLOW_PRICE,"decimal(20,4)",YES,,
financedata,ashareseo,7,S_FELLOW_AMOUNT,"decimal(20,4)",YES,,
financedata,ashareseo,8,S_FELLOW_COLLECTION,"decimal(20,4)",YES,,
financedata,ashareseo,9,S_FELLOW_RECORDDATE,varchar(8),YES,,
financedata,ashareseo,10,S_FELLOW_PAYSTARTDATE,varchar(8),YES,,
financedata,ashareseo,11,S_FELLOW_PAYENDDATE,varchar(8),YES,,
financedata,ashareseo,12,S_FELLOW_SUBDATE,varchar(8),YES,,
financedata,ashareseo,13,S_FELLOW_OTCDATE,varchar(8),YES,,
financedata,ashareseo,14,S_FELLOW_LISTDATE,varchar(8),YES,,
financedata,ashareseo,15,S_FELLOW_INSTLISTDATE,varchar(8),YES,,
financedata,ashareseo,16,S_FELLOW_CHANGEDATE,varchar(8),YES,,
financedata,ashareseo,17,S_FELLOW_ROADSHOWDATE,varchar(8),YES,,
financedata,ashareseo,18,S_FELLOW_REFUNDDATE,varchar(8),YES,,
financedata,ashareseo,19,S_FELLOW_UNFROZEDATE,varchar(8),YES,,
financedata,ashareseo,20,S_FELLOW_PREPLANDATE,varchar(8),YES,,
financedata,ashareseo,21,S_FELLOW_SMTGANNCEDATE,varchar(8),YES,,
financedata,ashareseo,22,S_FELLOW_PASSDATE,varchar(8),YES,,
financedata,ashareseo,23,S_FELLOW_APPROVEDDATE,varchar(10),YES,,
financedata,ashareseo,24,S_FELLOW_ANNCEDATE,varchar(8),YES,,
financedata,ashareseo,25,S_FELLOW_RATIOANNCEDATE,varchar(8),YES,,
financedata,ashareseo,26,S_FELLOW_OFFERINGDATE,varchar(8),YES,,
financedata,ashareseo,27,S_FELLOW_LISTANNDATE,varchar(8),YES,,
financedata,ashareseo,28,S_FELLOW_OFFERINGOBJECT,varchar(200),YES,,
financedata,ashareseo,29,S_FELLOW_PRICEUPLIMIT,"decimal(20,4)",YES,,
financedata,ashareseo,30,S_FELLOW_PRICEDOWNLIMIT,"decimal(20,4)",YES,,
financedata,ashareseo,31,S_SEO_CODE,varchar(10),YES,,
financedata,ashareseo,32,S_SEO_NAME,varchar(20),YES,,
financedata,ashareseo,33,S_SEO_PE,"decimal(20,4)",YES,,
financedata,ashareseo,34,S_SEO_AMTBYPLACING,"decimal(20,4)",YES,,
financedata,ashareseo,35,S_SEO_AMTTOJUR,"decimal(20,4)",YES,,
financedata,ashareseo,36,S_SEO_HOLDERSUBSMODE,varchar(30),YES,,
financedata,ashareseo,37,S_SEO_HOLDERSUBSRATE,"decimal(20,4)",YES,,
financedata,ashareseo,38,ANN_DT,varchar(8),YES,MUL,
financedata,ashareseo,39,PRICINGMODE,"decimal(9,0)",YES,,
financedata,ashareseo,40,S_FELLOW_ORGPRICEMIN,"decimal(20,4)",YES,,
financedata,ashareseo,41,S_FELLOW_DISCNTRATIO,"decimal(20,4)",YES,,
financedata,ashareseo,42,S_FELLOW_DATE,varchar(8),YES,,
financedata,ashareseo,43,S_FELLOW_SUBINVITATIONDT,varchar(8),YES,,
financedata,ashareseo,44,S_FELLOW_YEAR,varchar(8),YES,,
financedata,ashareseo,45,S_FELLOW_OBJECTIVE_CODE,"decimal(9,0)",YES,,
financedata,ashareseo,46,PRICINGDATE,varchar(8),YES,,
financedata,ashareseo,47,IS_NO_PUBLIC,"decimal(5,0)",YES,,
financedata,ashareseo,48,EXPENSE,"decimal(20,4)",YES,,
financedata,ashareseo,49,S_RIGHTSISSUE_EXDIVIDENDDATE,varchar(8),YES,,
financedata,ashareseo,50,IS_EXDIVIDEND,"decimal(1,0)",YES,,
financedata,ashareseo,51,SUB_MODE,"decimal(9,0)",YES,,
financedata,ashareseo,52,OLDSPLA_MOLE,"decimal(20,4)",YES,,
financedata,ashareseo,53,OLDSPLA_MODE,varchar(10),YES,,
financedata,ashareseo,54,EXP_COLLECTION,"decimal(20,4)",YES,,
financedata,ashareseo,55,S_FELLOW_TYPE,varchar(100),YES,,
financedata,ashareseo,56,S_FELLOW_OFFERINGOBJECT_DES,varchar(1100),YES,,
financedata,ashareseo,57,EVENT_ID,varchar(40),YES,,
financedata,ashareseo,58,PRICE_CONDITION,varchar(2000),YES,,
financedata,ashareseo,59,PRICE_DT_TYPE,varchar(40),YES,,
financedata,ashareseo,60,ORGPRICE_PCT,"decimal(20,4)",YES,,
financedata,ashareseo,61,ACTPRICE_PCT,"decimal(20,4)",YES,,
financedata,ashareseo,62,APPRVBYSASSC_DT,varchar(8),YES,,
financedata,ashareseo,63,S_FELLOW_INITIAL_PLAN,varchar(8),YES,,
financedata,ashareseo,64,OPDATE,date,YES,MUL,
financedata,ashareseo,65,OPMODE,varchar(1),YES,,
financedata,ashareseo,66,IS_CONTAIN_HOLDER,"decimal(20,4)",YES,,
financedata,ashareseo,67,PRIVATE_PLACEMENT_SHARENUM,"decimal(20,4)",YES,,
financedata,ashareseo,68,ADD_SUBSCRIPTION_ENDDATE,varchar(8),YES,,
financedata,ashareseo,69,ADD_SUBSCRIPTION_STARTDATE,varchar(8),YES,,
financedata,ashareseo,70,SHARE_RECORDDATE,varchar(8),YES,,
financedata,ashareseo,71,LEADUNDERWRITER,varchar(500),YES,,
financedata,ashareseo,72,NUM_SHARES_PREAONLINE,"decimal(20,4)",YES,,
financedata,ashareseo,73,CURRENCY_SUBSCRIPTION_NUM,"decimal(20,4)",YES,,
financedata,ashareseo,74,NON_MONETARY_SUBSCRIPTION_NUM,"decimal(20,4)",YES,,
financedata,ashareseo,75,OLDSPLA_DENOMINATOR,"decimal(20,4)",YES,,
financedata,ashareseo,76,LEADUNDERWRITER_ANN,varchar(500),YES,,
financedata,ashareseo,77,IS_SIMPLE_PROGRAM,"decimal(1,0)",YES,,
financedata,ashareseo,78,NOCURRENCY_SUBSCRIPTION_AMOUNT,"decimal(20,4)",YES,,
financedata,ashareseo,79,S_FELLOW_OBJECTIVE,longtext,YES,,
financedata,ashareseo,80,FUND_VERIFICATION_DATE,varchar(8),YES,,
financedata,ashareseo,81,S_INFO_ASHARECODE,varchar(10),YES,,
financedata,ashareseo,82,CURRENCY_SUBSCRIPTION_AMOUNT,"decimal(20,4)",YES,,
financedata,asharest,1,OBJECT_ID,varchar(100),NO,PRI,
financedata,asharest,2,S_INFO_WINDCODE,varchar(40),YES,MUL,
financedata,asharest,3,S_TYPE_ST,varchar(8),YES,,
financedata,asharest,4,ENTRY_DT,varchar(8),YES,MUL,
financedata,asharest,5,REMOVE_DT,varchar(8),YES,,
financedata,asharest,6,ANN_DT,varchar(8),YES,MUL,
financedata,asharest,7,REASON,varchar(400),YES,,
financedata,asharest,8,OPDATE,date,YES,MUL,
financedata,asharest,9,OPMODE,varchar(1),YES,,
financedata,asharestockrating,1,OBJECT_ID,varchar(100),NO,PRI,
financedata,asharestockrating,2,S_INFO_WINDCODE,varchar(40),YES,MUL,
financedata,asharestockrating,3,S_EST_INSTITUTE,varchar(100),YES,,
financedata,asharestockrating,4,S_EST_RATINGANALYST,varchar(100),YES,,
financedata,asharestockrating,5,S_EST_ESTNEWTIME_INST,varchar(8),YES,,
financedata,asharestockrating,6,S_EST_SCORERATING_INST,"decimal(20,4)",YES,,
financedata,asharestockrating,7,S_EST_PRESCORERATING_INST,"decimal(20,4)",YES,,
financedata,asharestockrating,8,S_EST_LOWPRICE_INST,"decimal(20,4)",YES,,
financedata,asharestockrating,9,S_EST_HIGHPRICE_INST,"decimal(20,4)",YES,,
financedata,asharestockrating,10,S_EST_PRELOWPRICE_INST,"decimal(20,4)",YES,,
financedata,asharestockrating,11,S_EST_PREHIGHPRICE_INST,"decimal(20,4)",YES,,
financedata,asharestockrating,12,ANN_DT,varchar(8),YES,MUL,
financedata,asharestockrating,13,S_EST_RATING_INST,varchar(20),YES,,
financedata,asharestockrating,14,S_EST_PRERATING_INST,varchar(20),YES,,
financedata,asharestockrating,15,S_EST_REPORT_TITLE,varchar(400),YES,,
financedata,asharestockrating,16,S_EST_REPORT_TYPE,"decimal(9,0)",YES,,
financedata,asharestockrating,17,S_EST_RATINGANALYSTID,varchar(200),YES,,
financedata,asharestockrating,18,S_RATING_CHANGE,"decimal(9,0)",YES,,
financedata,asharestockrating,19,S_RATING_VALIDENDDT,varchar(8),YES,,
financedata,asharestockrating,20,OPDATE,date,YES,MUL,
financedata,asharestockrating,21,OPMODE,varchar(1),YES,,
financedata,asharestockrepo,1,OBJECT_ID,varchar(100),NO,PRI,
financedata,asharestockrepo,2,S_INFO_WINDCODE,varchar(40),YES,MUL,
financedata,asharestockrepo,3,EVENT_ID,varchar(38),YES,,
financedata,asharestockrepo,4,ANN_DT,varchar(8),YES,MUL,
financedata,asharestockrepo,5,END_DT,varchar(8),YES,MUL,
financedata,asharestockrepo,6,STATUS,"decimal(9,0)",YES,,
financedata,asharestockrepo,7,EXP_DT,varchar(8),YES,,
financedata,asharestockrepo,8,QTY,"decimal(20,4)",YES,,
financedata,asharestockrepo,9,AMT,"decimal(20,4)",YES,,
financedata,asharestockrepo,10,S_DQ_HIGH,"decimal(20,4)",YES,,
financedata,asharestockrepo,11,S_DQ_LOW,"decimal(20,4)",YES,,
financedata,asharestockrepo,12,CRNCY_CODE,varchar(20),YES,,
financedata,asharestockrepo,13,OPDATE,date,YES,MUL,
financedata,asharestockrepo,14,OPMODE,varchar(1),YES,,
financedata,asharestockrepo,15,SEC_ID,varchar(10),YES,,
financedata,asharestockrepo,16,REPO_TYPECODE,"decimal(9,0)",YES,,
financedata,asharestockrepo,17,REPURCHASE_SHARES_RATIO,"decimal(20,4)",YES,,
financedata,asharestockrepo,18,REPURCHASE_FUNDS_RATIO,"decimal(20,4)",YES,,
financedata,asharestockrepo,19,TOTAL_SHARE_RATIO,"decimal(20,4)",YES,,
financedata,asharestockrepo,20,EXP_QTY,"decimal(20,4)",YES,,
financedata,asharestockrepo,21,STOCK_REPO_OBJECTIVE_CODE,"decimal(9,0)",YES,,
financedata,asharestockrepo,22,S_SHARE_LSTTYPECODE,"decimal(9,0)",YES,,
financedata,ashareswnindustriesclass,1,OBJECT_ID,varchar(100),NO,PRI,
financedata,ashareswnindustriesclass,2,S_INFO_WINDCODE,varchar(40),YES,MUL,
financedata,ashareswnindustriesclass,3,SW_IND_CODE,varchar(50),YES,,
financedata,ashareswnindustriesclass,4,ENTRY_DT,varchar(8),YES,MUL,
financedata,ashareswnindustriesclass,5,REMOVE_DT,varchar(8),YES,,
financedata,ashareswnindustriesclass,6,CUR_SIGN,varchar(10),YES,,
financedata,ashareswnindustriesclass,7,OPDATE,date,YES,MUL,
financedata,ashareswnindustriesclass,8,OPMODE,varchar(1),YES,,
financedata,asharettmhis,1,OBJECT_ID,varchar(100),NO,PRI,
financedata,asharettmhis,2,S_INFO_COMPCODE,varchar(40),YES,,
financedata,asharettmhis,3,ANN_DT,varchar(8),YES,MUL,
financedata,asharettmhis,4,REPORT_PERIOD,varchar(8),YES,MUL,
financedata,asharettmhis,5,STATEMENT_TYPE,varchar(80),YES,,
financedata,asharettmhis,6,TOT_OPER_REV_TTM,"decimal(20,4)",YES,,
financedata,asharettmhis,7,OPER_REV_TTM,"decimal(20,4)",YES,,
financedata,asharettmhis,8,NET_PROFIT_TTM,"decimal(20,4)",YES,,
financedata,asharettmhis,9,NET_PROFIT_PARENT_COMP_TTM,"decimal(20,4)",YES,,
financedata,asharettmhis,10,NET_CASH_FLOWS_OPER_ACT_TTM,"decimal(20,4)",YES,,
financedata,asharettmhis,11,NET_INCR_CASH_CASH_EQU_TTM,"decimal(20,4)",YES,,
financedata,asharettmhis,12,CRNCY_CODE,varchar(10),YES,,
financedata,asharettmhis,13,S_FA_COST_TTM,"decimal(20,4)",YES,,
financedata,asharettmhis,14,S_FA_EXPENSE_TTM,"decimal(20,4)",YES,,
financedata,asharettmhis,15,S_FA_GROSSMARGIN_TTM,"decimal(20,4)",YES,,
financedata,asharettmhis,16,S_FA_OPERATEINCOME_TTM,"decimal(20,4)",YES,,
financedata,asharettmhis,17,S_FA_INVESTINCOME_TTM,"decimal(20,4)",YES,,
financedata,asharettmhis,18,S_FA_OP_TTM,"decimal(20,4)",YES,,
financedata,asharettmhis,19,S_FA_EBT_TTM,"decimal(20,4)",YES,,
financedata,asharettmhis,20,S_FA_GR_TTM,"decimal(20,4)",YES,,
financedata,asharettmhis,21,S_FA_GC_TTM,"decimal(20,4)",YES,,
financedata,asharettmhis,22,S_FA_INVESTCASHFLOW_TTM,"decimal(20,4)",YES,,
financedata,asharettmhis,23,S_FA_FINANCECASHFLOW_TTM,"decimal(20,4)",YES,,
financedata,asharettmhis,24,S_FA_ASSET_MRQ,"decimal(20,4)",YES,,
financedata,asharettmhis,25,S_FA_DEBT_MRQ,"decimal(20,4)",YES,,
financedata,asharettmhis,26,S_FA_TOTALEQUITY_MRQ,"decimal(20,4)",YES,,
financedata,asharettmhis,27,S_FA_EQUITY_MRQ,"decimal(20,4)",YES,,
financedata,asharettmhis,28,S_FA_NETPROFITMARGIN_TTM,"decimal(20,4)",YES,,
financedata,asharettmhis,29,S_FA_GROSSPROFITMARGIN_TTM,"decimal(20,4)",YES,,
financedata,asharettmhis,30,S_FA_EXPENSETOSALES_TTM,"decimal(20,4)",YES,,
financedata,asharettmhis,31,S_FA_PROFITTOGR_TTM,"decimal(20,4)",YES,,
financedata,asharettmhis,32,S_FA_OPERATEEXPENSETOGR_TTM,"decimal(20,4)",YES,,
financedata,asharettmhis,33,S_FA_ADMINEXPENSETOGR_TTM,"decimal(20,4)",YES,,
financedata,asharettmhis,34,S_FA_FINAEXPENSETOGR_TTM,"decimal(20,4)",YES,,
financedata,asharettmhis,35,S_FA_IMPAIRTOGR_TTM,"decimal(20,4)",YES,,
financedata,asharettmhis,36,S_FA_GCTOGR_TTM,"decimal(20,4)",YES,,
financedata,asharettmhis,37,S_FA_OPTOGR_TTM,"decimal(20,4)",YES,,
financedata,asharettmhis,38,S_FA_ROA_TTM,"decimal(20,4)",YES,,
financedata,asharettmhis,39,S_FA_ROA2_TTM,"decimal(20,4)",YES,,
financedata,asharettmhis,40,S_FA_ROE_TTM,"decimal(20,4)",YES,,
financedata,asharettmhis,41,S_FA_OPERATEINCOMETOEBT_TTM,"decimal(20,4)",YES,,
financedata,asharettmhis,42,S_FA_INVESTINCOMETOEBT_TTM,"decimal(20,4)",YES,,
financedata,asharettmhis,43,S_FA_NONOPERATEPROFITTOEBT_TTM,"decimal(20,4)",YES,,
financedata,asharettmhis,44,S_FA_SALESCASHINTOOR_TTM,"decimal(20,4)",YES,,
financedata,asharettmhis,45,S_FA_OCFTOOR_TTM,"decimal(20,4)",YES,,
financedata,asharettmhis,46,S_FA_OCFTOOPERATEINCOME_TTM,"decimal(20,4)",YES,,
financedata,asharettmhis,47,S_FA_DEDUCTEDPROFIT_TTM,"decimal(20,4)",YES,,
financedata,asharettmhis,48,S_FA_EBITDA_TTM_INVERSE,"decimal(20,4)",YES,,
financedata,asharettmhis,49,S_FA_EBITDA_TTM,"decimal(20,4)",YES,,
financedata,asharettmhis,50,S_FA_EBIT_TTM,"decimal(20,4)",YES,,
financedata,asharettmhis,51,FA_ROIC_TTM,"decimal(20,4)",YES,,
financedata,asharettmhis,52,S_FA_SALESCASHIN_TTM,"decimal(20,4)",YES,,
financedata,asharettmhis,53,S_FA_OPERATEEXPENSE_TTM,"decimal(20,4)",YES,,
financedata,asharettmhis,54,S_FA_ADMINEXPENSE_TTM,"decimal(20,4)",YES,,
financedata,asharettmhis,55,S_FA_FINAEXPENSE_TTM,"decimal(20,4)",YES,,
financedata,asharettmhis,56,S_FA_EXPENSE,"decimal(20,4)",YES,,
financedata,asharettmhis,57,S_FA_NONOPERATEPROFIT_TTM,"decimal(20,4)",YES,,
financedata,asharettmhis,58,S_FA_IMPAIRMENT_TTM,"decimal(20,4)",YES,,
financedata,asharettmhis,59,S_FA_EBIT_TTM_INVERSE,"decimal(20,4)",YES,,
financedata,asharettmhis,60,S_FA_INVESTCAPITAL_MRQ,"decimal(20,4)",YES,,
financedata,asharettmhis,61,FA_ROIC_TTM2,"decimal(20,4)",YES,,
financedata,asharettmhis,62,S_STM_BSMRQ,"decimal(20,4)",YES,,
financedata,asharettmhis,63,S_FA_NONOPPROFIT_TTM,"decimal(20,4)",YES,,
financedata,asharettmhis,64,S_FA_PREFINEXP_OP_TTM,"decimal(20,4)",YES,,
financedata,asharettmhis,65,S_FA_OPTOEBT_TTM,"decimal(20,4)",YES,,
financedata,asharettmhis,66,S_FA_NOPTOEBT_TTM,"decimal(20,4)",YES,,
financedata,asharettmhis,67,S_FA_TAXTOEBT_TTM,"decimal(20,4)",YES,,
financedata,asharettmhis,68,S_FA_OPTOOR_TTM,"decimal(20,4)",YES,,
financedata,asharettmhis,69,S_FA_EBTTOOR_TTM,"decimal(20,4)",YES,,
financedata,asharettmhis,70,S_FA_PREFINEXPOPTOOR_TTM,"decimal(20,4)",YES,,
financedata,asharettmhis,71,S_FA_NETPROFITTOOR_TTM,"decimal(20,4)",YES,,
financedata,asharettmhis,72,S_FA_PREFINEXPOPTOEBT_TTM,"decimal(20,4)",YES,,
financedata,asharettmhis,73,S_FA_OCFTOOP_TTM,"decimal(20,4)",YES,,
financedata,asharettmhis,74,ROA_EXCLMININTINC_TTM,"decimal(20,4)",YES,,
financedata,asharettmhis,75,S_FA_DEBTTOASSETS_MRQ,"decimal(20,4)",YES,,
financedata,asharettmhis,76,INT_EXP_TTM,"decimal(20,4)",YES,,
financedata,asharettmhis,77,INC_TAX_TTM,"decimal(20,4)",YES,,
financedata,asharettmhis,78,MINORITY_INT_TTM,"decimal(20,4)",YES,,
financedata,asharettmhis,79,CONTINUOUS_NET_OP_TTM,"decimal(20,4)",YES,,
financedata,asharettmhis,80,NONCONTINUOUS_NET_OP_TTM,"decimal(20,4)",YES,,
financedata,asharettmhis,81,NONNETOPTOTAXPROFIT,"decimal(20,4)",YES,,
financedata,asharettmhis,82,NETOPTOTAXPROFIT,"decimal(20,4)",YES,,
financedata,asharettmhis,83,S_INFO_WINDCODE,varchar(40),YES,MUL,
financedata,asharettmhis,84,OPDATE,date,YES,MUL,
financedata,asharettmhis,85,OPMODE,varchar(1),YES,,
financedata,asharevaluationindicator,1,OBJECT_ID,varchar(100),NO,PRI,
financedata,asharevaluationindicator,2,S_INFO_ASHARECODE,varchar(10),YES,,
financedata,asharevaluationindicator,3,TRADE_DT,varchar(8),YES,MUL,
financedata,asharevaluationindicator,4,S_VAL_EV,"decimal(20,4)",YES,,
financedata,asharevaluationindicator,5,S_VAL_MV_ARD,"decimal(20,4)",YES,,
financedata,asharevaluationindicator,6,S_VAL_PE_DEDUCTED_TTM,"decimal(20,4)",YES,,
financedata,asharevaluationindicator,7,S_VAL_PE_TTM,"decimal(20,4)",YES,,
financedata,asharevaluationindicator,8,S_VAL_PE_DEDUCTED_LYR,"decimal(20,4)",YES,,
financedata,asharevaluationindicator,9,S_VAL_PE_LYR_ARD,"decimal(20,4)",YES,,
financedata,asharevaluationindicator,10,S_VAL_PS_TTM,"decimal(20,4)",YES,,
financedata,asharevaluationindicator,11,S_VAL_PS_LYR_ARD,"decimal(20,4)",YES,,
financedata,asharevaluationindicator,12,S_VAL_PCF_NCFTTM,"decimal(20,4)",YES,,
financedata,asharevaluationindicator,13,S_VAL_PCF_NFLYR_ARD,"decimal(20,4)",YES,,
financedata,asharevaluationindicator,14,S_VAL_PCF_OCFTTM,"decimal(20,4)",YES,,
financedata,asharevaluationindicator,15,S_VAL_PCF_OCFLYR_ARD,"decimal(20,4)",YES,,
financedata,asharevaluationindicator,16,PB_MRQ,"decimal(20,4)",YES,,
financedata,asharevaluationindicator,17,S_VAL_PB_LF,"decimal(20,4)",YES,,
financedata,asharevaluationindicator,18,S_VAL_DIVIDENDYIELD2,"decimal(20,4)",YES,,
financedata,asharevaluationindicator,19,S_VAL_PER,"decimal(20,4)",YES,,
financedata,asharevaluationindicator,20,S_INFO_WINDCODE,varchar(40),YES,MUL,
financedata,asharevaluationindicator,21,OPDATE,date,YES,MUL,
financedata,asharevaluationindicator,22,OPMODE,varchar(1),YES,,
financedata,ashareyield,1,OBJECT_ID,varchar(100),NO,PRI,
financedata,ashareyield,2,S_INFO_WINDCODE,varchar(40),YES,MUL,
financedata,ashareyield,3,TRADE_DT,varchar(8),YES,MUL,
financedata,ashareyield,4,PCT_CHANGE_D,"decimal(22,4)",YES,,
financedata,ashareyield,5,PCT_CHANGE_W,"decimal(22,4)",YES,,
financedata,ashareyield,6,PCT_CHANGE_M,"decimal(22,4)",YES,,
financedata,ashareyield,7,VOLUME_W,"decimal(22,4)",YES,,
financedata,ashareyield,8,VOLUME_M,"decimal(22,4)",YES,,
financedata,ashareyield,9,AMOUNT_W,"decimal(22,4)",YES,,
financedata,ashareyield,10,AMOUNT_M,"decimal(22,4)",YES,,
financedata,ashareyield,11,TURNOVER_D,"decimal(22,4)",YES,,
financedata,ashareyield,12,TURNOVER_D_FLOAT,"decimal(22,4)",YES,,
financedata,ashareyield,13,TURNOVER_W,"decimal(22,4)",YES,,
financedata,ashareyield,14,TURNOVER_W_FLOAT,"decimal(22,4)",YES,,
financedata,ashareyield,15,TURNOVER_W_AVE,"decimal(22,4)",YES,,
financedata,ashareyield,16,TURNOVER_W_AVE_FLOAT,"decimal(22,4)",YES,,
financedata,ashareyield,17,TURNOVER_M,"decimal(22,4)",YES,,
financedata,ashareyield,18,TURNOVER_M_FLOAT,"decimal(22,4)",YES,,
financedata,ashareyield,19,TURNOVER_M_AVE,"decimal(22,4)",YES,,
financedata,ashareyield,20,TURNOVER_M_AVE_FLOAT,"decimal(22,4)",YES,,
financedata,ashareyield,21,PCT_CHANGE_AVE_100W,"decimal(22,4)",YES,,
financedata,ashareyield,22,STD_DEVIATION_100W,"decimal(22,4)",YES,,
financedata,ashareyield,23,VARIANCE_100W,"decimal(22,4)",YES,,
financedata,ashareyield,24,PCT_CHANGE_AVE_24M,"decimal(22,4)",YES,,
financedata,ashareyield,25,STD_DEVIATION_24M,"decimal(22,4)",YES,,
financedata,ashareyield,26,VARIANCE_24M,"decimal(22,4)",YES,,
financedata,ashareyield,27,PCT_CHANGE_AVE_60M,"decimal(22,4)",YES,,
financedata,ashareyield,28,STD_DEVIATION_60M,"decimal(22,4)",YES,,
financedata,ashareyield,29,VARIANCE_60M,"decimal(22,4)",YES,,
financedata,ashareyield,30,BETA_DAY_1Y,"decimal(22,8)",YES,,
financedata,ashareyield,31,BETA_DAY_2Y,"decimal(22,8)",YES,,
financedata,ashareyield,32,ALPHA_DAY_1Y,"decimal(22,8)",YES,,
financedata,ashareyield,33,ALPHA_DAY_2Y,"decimal(22,8)",YES,,
financedata,ashareyield,34,BETA_100W,"decimal(22,8)",YES,,
financedata,ashareyield,35,ALPHA_100W,"decimal(22,8)",YES,,
financedata,ashareyield,36,BETA_24M,"decimal(22,8)",YES,,
financedata,ashareyield,37,BETA_60M,"decimal(22,8)",YES,,
financedata,ashareyield,38,ALPHA_24M,"decimal(22,8)",YES,,
financedata,ashareyield,39,ALPHA_60M,"decimal(22,8)",YES,,
financedata,ashareyield,40,OPDATE,date,YES,MUL,
financedata,ashareyield,41,OPMODE,varchar(1),YES,,
financedata,aswsindexcloseweight,1,OBJECT_ID,varchar(100),NO,PRI,
financedata,aswsindexcloseweight,2,S_INFO_WINDCODE,varchar(40),YES,MUL,
financedata,aswsindexcloseweight,3,S_CON_WINDCODE,varchar(40),YES,MUL,
financedata,aswsindexcloseweight,4,TRADE_DT,varchar(8),YES,MUL,
financedata,aswsindexcloseweight,5,I_WEIGHT,"decimal(20,4)",YES,,
financedata,aswsindexcloseweight,6,OPDATE,date,YES,MUL,
financedata,aswsindexcloseweight,7,OPMODE,varchar(1),YES,,
financedata,aswsindexeod,1,OBJECT_ID,varchar(100),NO,PRI,
financedata,aswsindexeod,2,S_INFO_WINDCODE,varchar(40),YES,MUL,
financedata,aswsindexeod,3,TRADE_DT,varchar(8),YES,MUL,
financedata,aswsindexeod,4,S_DQ_PRECLOSE,"decimal(20,4)",YES,,
financedata,aswsindexeod,5,S_DQ_OPEN,"decimal(20,4)",YES,,
financedata,aswsindexeod,6,S_DQ_HIGH,"decimal(20,4)",YES,,
financedata,aswsindexeod,7,S_DQ_LOW,"decimal(20,4)",YES,,
financedata,aswsindexeod,8,S_DQ_CLOSE,"decimal(20,4)",YES,,
financedata,aswsindexeod,9,S_DQ_VOLUME,"decimal(20,4)",YES,,
financedata,aswsindexeod,10,S_DQ_AMOUNT,"decimal(20,4)",YES,,
financedata,aswsindexeod,11,S_VAL_PE,"decimal(20,4)",YES,,
financedata,aswsindexeod,12,S_VAL_PB,"decimal(20,4)",YES,,
financedata,aswsindexeod,13,S_DQ_MV,"decimal(20,4)",YES,,
financedata,aswsindexeod,14,S_VAL_MV,"decimal(20,4)",YES,,
financedata,aswsindexeod,15,OPDATE,date,YES,MUL,
financedata,aswsindexeod,16,OPMODE,varchar(1),YES,,
financedata,bondanninf,1,OBJECT_ID,varchar(100),NO,PRI,
financedata,bondanninf,2,S_INFO_WINDCODE,varchar(40),YES,MUL,
financedata,bondanninf,3,N_INFO_STOCKID,varchar(10),YES,,
financedata,bondanninf,4,N_INFO_COMPANYID,varchar(10),YES,,
financedata,bondanninf,5,ANN_DT,date,YES,MUL,
financedata,bondanninf,6,N_INFO_TITLE,varchar(1024),YES,,
financedata,bondanninf,7,N_INFO_FCODE,varchar(200),YES,,
financedata,bondanninf,8,N_INFO_FTXT,longtext,YES,,
financedata,bondanninf,9,N_INFO_ANNLINK,longtext,YES,,
financedata,bondanninf,10,N_INFO_WINDLINK,varchar(1024),YES,,
financedata,bondanninf,11,ID,"decimal(11,0)",YES,,
financedata,bondanninf,12,N_INFO_ANNLINK_NEW,longtext,YES,,
financedata,bondanninf,13,N_INFO_ANNLINK1,varchar(1024),YES,,
financedata,bondanninf,14,N_INFO_WINDLINK1,varchar(1024),YES,,
financedata,bondanninf,15,N_INFO_ANNLINK_NEW1,varchar(1024),YES,,
financedata,bondanninf,16,OPDATE,date,YES,MUL,
financedata,bondanninf,17,OPMODE,varchar(1),YES,,
financedata,cbindexeodprices,1,OBJECT_ID,varchar(100),NO,PRI,
financedata,cbindexeodprices,2,S_INFO_WINDCODE,varchar(40),YES,MUL,
financedata,cbindexeodprices,3,TRADE_DT,varchar(8),YES,MUL,
financedata,cbindexeodprices,4,CRNCY_CODE,varchar(10),YES,,
financedata,cbindexeodprices,5,S_DQ_PRECLOSE,"decimal(20,4)",YES,,
financedata,cbindexeodprices,6,S_DQ_OPEN,"decimal(20,4)",YES,,
financedata,cbindexeodprices,7,S_DQ_HIGH,"decimal(20,4)",YES,,
financedata,cbindexeodprices,8,S_DQ_LOW,"decimal(20,4)",YES,,
financedata,cbindexeodprices,9,S_DQ_CLOSE,"decimal(20,4)",YES,,
financedata,cbindexeodprices,10,S_DQ_CHANGE,"decimal(20,4)",YES,,
financedata,cbindexeodprices,11,S_DQ_PCTCHANGE,"decimal(20,4)",YES,,
financedata,cbindexeodprices,12,S_DQ_VOLUME,"decimal(20,4)",YES,,
financedata,cbindexeodprices,13,S_DQ_AMOUNT,"decimal(20,4)",YES,,
financedata,cbindexeodprices,14,SEC_ID,varchar(10),YES,,
financedata,cbindexeodprices,15,OPDATE,date,YES,MUL,
financedata,cbindexeodprices,16,OPMODE,varchar(1),YES,,
financedata,cbindexweight,1,OBJECT_ID,varchar(100),NO,PRI,
financedata,cbindexweight,2,S_INFO_WINDCODE,varchar(40),YES,MUL,
financedata,cbindexweight,3,S_CON_WINDCODE,varchar(40),YES,MUL,
financedata,cbindexweight,4,TRADE_DT,varchar(8),YES,MUL,
financedata,cbindexweight,5,I_WEIGHT,"decimal(20,8)",YES,,
financedata,cbindexweight,6,OPDATE,date,YES,MUL,
financedata,cbindexweight,7,OPMODE,varchar(1),YES,,
financedata,cbondamount,1,OBJECT_ID,varchar(100),NO,PRI,
financedata,cbondamount,2,S_INFO_WINDCODE,varchar(40),YES,MUL,
financedata,cbondamount,3,S_INFO_ENDDATE,varchar(8),YES,,
financedata,cbondamount,4,B_INFO_CHANGEREASON,"decimal(9,0)",YES,,
financedata,cbondamount,5,B_INFO_OUTSTANDINGBALANCE,"decimal(20,8)",YES,,
financedata,cbondamount,6,OPDATE,date,YES,MUL,
financedata,cbondamount,7,OPMODE,varchar(1),YES,,
financedata,cbondanalysiscnbd1,1,OBJECT_ID,varchar(100),NO,PRI,
financedata,cbondanalysiscnbd1,2,S_INFO_WINDCODE,varchar(40),YES,MUL,
financedata,cbondanalysiscnbd1,3,TRADE_DT,varchar(8),YES,MUL,
financedata,cbondanalysiscnbd1,4,B_ANAL_MATU_CNBD,"decimal(20,4)",YES,,
financedata,cbondanalysiscnbd1,5,B_ANAL_DIRTY_CNBD,"decimal(20,4)",YES,,
financedata,cbondanalysiscnbd1,6,B_ANAL_ACCRINT_CNBD,"decimal(20,4)",YES,,
financedata,cbondanalysiscnbd1,7,B_ANAL_NET_CNBD,"decimal(20,4)",YES,,
financedata,cbondanalysiscnbd1,8,B_ANAL_YIELD_CNBD,"decimal(20,4)",YES,,
financedata,cbondanalysiscnbd1,9,B_ANAL_MODIDURA_CNBD,"decimal(20,4)",YES,,
financedata,cbondanalysiscnbd1,10,B_ANAL_CNVXTY_CNBD,"decimal(20,4)",YES,,
financedata,cbondanalysiscnbd1,11,B_ANAL_VOBP_CNBD,"decimal(20,4)",YES,,
financedata,cbondanalysiscnbd1,12,B_ANAL_SPRDURA_CNBD,"decimal(20,4)",YES,,
financedata,cbondanalysiscnbd1,13,B_ANAL_SPRCNXT_CNBD,"decimal(20,4)",YES,,
financedata,cbondanalysiscnbd1,14,B_ANAL_ACCRINTCLOSE_CNBD,"decimal(20,4)",YES,,
financedata,cbondanalysiscnbd1,15,B_ANAL_PRICE,"decimal(20,4)",YES,,
financedata,cbondanalysiscnbd1,16,B_ANAL_NETPRICE,"decimal(20,4)",YES,,
financedata,cbondanalysiscnbd1,17,B_ANAL_YIELD,"decimal(20,4)",YES,,
financedata,cbondanalysiscnbd1,18,B_ANAL_MODIFIEDDURATION,"decimal(20,4)",YES,,
financedata,cbondanalysiscnbd1,19,B_ANAL_CONVEXITY,"decimal(20,4)",YES,,
financedata,cbondanalysiscnbd1,20,B_ANAL_BPVALUE,"decimal(20,4)",YES,,
financedata,cbondanalysiscnbd1,21,B_ANAL_SDURATION,"decimal(20,4)",YES,,
financedata,cbondanalysiscnbd1,22,B_ANAL_SCNVXTY,"decimal(20,4)",YES,,
financedata,cbondanalysiscnbd1,23,B_ANAL_INTERESTDURATION_CNBD,"decimal(20,4)",YES,,
financedata,cbondanalysiscnbd1,24,B_ANAL_INTERESTCNVXTY_CNBD,"decimal(20,4)",YES,,
financedata,cbondanalysiscnbd1,25,B_ANAL_INTERESTDURATION,"decimal(20,4)",YES,,
financedata,cbondanalysiscnbd1,26,B_ANAL_INTERESTCNVXTY,"decimal(20,4)",YES,,
financedata,cbondanalysiscnbd1,27,B_ANAL_PRICE_CNBD,"decimal(20,4)",YES,,
financedata,cbondanalysiscnbd1,28,B_ANAL_BPYIELD,"decimal(20,4)",YES,,
financedata,cbondanalysiscnbd1,29,B_ANAL_EXCHANGE,varchar(40),YES,,
financedata,cbondanalysiscnbd1,30,B_ANAL_CREDIBILITY,varchar(40),YES,,
financedata,cbondanalysiscnbd1,31,B_ANAL_RESIDUALPRI,"decimal(20,4)",YES,,
financedata,cbondanalysiscnbd1,32,B_ANAL_EXERCISE_RATE,"decimal(20,6)",YES,,
financedata,cbondanalysiscnbd1,33,B_ANAL_PRIORITY,"decimal(1,0)",YES,,
financedata,cbondanalysiscnbd1,34,OPDATE,date,YES,MUL,
financedata,cbondanalysiscnbd1,35,OPMODE,varchar(1),YES,,
financedata,cbondanalysiscnbd2,1,OBJECT_ID,varchar(100),NO,PRI,
financedata,cbondanalysiscnbd2,2,S_INFO_WINDCODE,varchar(40),YES,MUL,
financedata,cbondanalysiscnbd2,3,TRADE_DT,varchar(8),YES,MUL,
financedata,cbondanalysiscnbd2,4,B_ANAL_MATU_CNBD,"decimal(20,4)",YES,,
financedata,cbondanalysiscnbd2,5,B_ANAL_DIRTY_CNBD,"decimal(20,4)",YES,,
financedata,cbondanalysiscnbd2,6,B_ANAL_ACCRINT_CNBD,"decimal(20,4)",YES,,
financedata,cbondanalysiscnbd2,7,B_ANAL_NET_CNBD,"decimal(20,4)",YES,,
financedata,cbondanalysiscnbd2,8,B_ANAL_YIELD_CNBD,"decimal(20,4)",YES,,
financedata,cbondanalysiscnbd2,9,B_ANAL_MODIDURA_CNBD,"decimal(20,4)",YES,,
financedata,cbondanalysiscnbd2,10,B_ANAL_CNVXTY_CNBD,"decimal(20,4)",YES,,
financedata,cbondanalysiscnbd2,11,B_ANAL_VOBP_CNBD,"decimal(20,4)",YES,,
financedata,cbondanalysiscnbd2,12,B_ANAL_SPRDURA_CNBD,"decimal(20,4)",YES,,
financedata,cbondanalysiscnbd2,13,B_ANAL_SPRCNXT_CNBD,"decimal(20,4)",YES,,
financedata,cbondanalysiscnbd2,14,B_ANAL_ACCRINTCLOSE_CNBD,"decimal(20,4)",YES,,
financedata,cbondanalysiscnbd2,15,B_ANAL_PRICE,"decimal(20,4)",YES,,
financedata,cbondanalysiscnbd2,16,B_ANAL_NETPRICE,"decimal(20,4)",YES,,
financedata,cbondanalysiscnbd2,17,B_ANAL_YIELD,"decimal(20,4)",YES,,
financedata,cbondanalysiscnbd2,18,B_ANAL_MODIFIEDDURATION,"decimal(20,4)",YES,,
financedata,cbondanalysiscnbd2,19,B_ANAL_CONVEXITY,"decimal(20,4)",YES,,
financedata,cbondanalysiscnbd2,20,B_ANAL_BPVALUE,"decimal(20,4)",YES,,
financedata,cbondanalysiscnbd2,21,B_ANAL_SDURATION,"decimal(20,4)",YES,,
financedata,cbondanalysiscnbd2,22,B_ANAL_SCNVXTY,"decimal(20,4)",YES,,
financedata,cbondanalysiscnbd2,23,B_ANAL_INTERESTDURATION_CNBD,"decimal(20,4)",YES,,
financedata,cbondanalysiscnbd2,24,B_ANAL_INTERESTCNVXTY_CNBD,"decimal(20,4)",YES,,
financedata,cbondanalysiscnbd2,25,B_ANAL_INTERESTDURATION,"decimal(20,4)",YES,,
financedata,cbondanalysiscnbd2,26,B_ANAL_INTERESTCNVXTY,"decimal(20,4)",YES,,
financedata,cbondanalysiscnbd2,27,B_ANAL_PRICE_CNBD,"decimal(20,4)",YES,,
financedata,cbondanalysiscnbd2,28,B_ANAL_BPYIELD,"decimal(20,4)",YES,,
financedata,cbondanalysiscnbd2,29,B_ANAL_EXCHANGE,varchar(40),YES,,
financedata,cbondanalysiscnbd2,30,B_ANAL_CREDIBILITY,varchar(40),YES,,
financedata,cbondanalysiscnbd2,31,B_ANAL_RESIDUALPRI,"decimal(20,4)",YES,,
financedata,cbondanalysiscnbd2,32,B_ANAL_EXERCISE_RATE,"decimal(20,6)",YES,,
financedata,cbondanalysiscnbd2,33,B_ANAL_PRIORITY,"decimal(1,0)",YES,,
financedata,cbondanalysiscnbd2,34,OPDATE,date,YES,MUL,
financedata,cbondanalysiscnbd2,35,OPMODE,varchar(1),YES,,
financedata,cbondanalysiscnbd3,1,OBJECT_ID,varchar(100),NO,PRI,
financedata,cbondanalysiscnbd3,2,S_INFO_WINDCODE,varchar(40),YES,MUL,
financedata,cbondanalysiscnbd3,3,TRADE_DT,varchar(8),YES,MUL,
financedata,cbondanalysiscnbd3,4,B_ANAL_MATU_CNBD,"decimal(20,4)",YES,,
financedata,cbondanalysiscnbd3,5,B_ANAL_DIRTY_CNBD,"decimal(20,4)",YES,,
financedata,cbondanalysiscnbd3,6,B_ANAL_ACCRINT_CNBD,"decimal(20,4)",YES,,
financedata,cbondanalysiscnbd3,7,B_ANAL_NET_CNBD,"decimal(20,4)",YES,,
financedata,cbondanalysiscnbd3,8,B_ANAL_YIELD_CNBD,"decimal(20,4)",YES,,
financedata,cbondanalysiscnbd3,9,B_ANAL_MODIDURA_CNBD,"decimal(20,4)",YES,,
financedata,cbondanalysiscnbd3,10,B_ANAL_CNVXTY_CNBD,"decimal(20,4)",YES,,
financedata,cbondanalysiscnbd3,11,B_ANAL_VOBP_CNBD,"decimal(20,4)",YES,,
financedata,cbondanalysiscnbd3,12,B_ANAL_SPRDURA_CNBD,"decimal(20,4)",YES,,
financedata,cbondanalysiscnbd3,13,B_ANAL_SPRCNXT_CNBD,"decimal(20,4)",YES,,
financedata,cbondanalysiscnbd3,14,B_ANAL_ACCRINTCLOSE_CNBD,"decimal(20,4)",YES,,
financedata,cbondanalysiscnbd3,15,B_ANAL_PRICE,"decimal(20,4)",YES,,
financedata,cbondanalysiscnbd3,16,B_ANAL_NETPRICE,"decimal(20,4)",YES,,
financedata,cbondanalysiscnbd3,17,B_ANAL_YIELD,"decimal(20,4)",YES,,
financedata,cbondanalysiscnbd3,18,B_ANAL_MODIFIEDDURATION,"decimal(20,4)",YES,,
financedata,cbondanalysiscnbd3,19,B_ANAL_CONVEXITY,"decimal(20,4)",YES,,
financedata,cbondanalysiscnbd3,20,B_ANAL_BPVALUE,"decimal(20,4)",YES,,
financedata,cbondanalysiscnbd3,21,B_ANAL_SDURATION,"decimal(20,4)",YES,,
financedata,cbondanalysiscnbd3,22,B_ANAL_SCNVXTY,"decimal(20,4)",YES,,
financedata,cbondanalysiscnbd3,23,B_ANAL_INTERESTDURATION_CNBD,"decimal(20,4)",YES,,
financedata,cbondanalysiscnbd3,24,B_ANAL_INTERESTCNVXTY_CNBD,"decimal(20,4)",YES,,
financedata,cbondanalysiscnbd3,25,B_ANAL_INTERESTDURATION,"decimal(20,4)",YES,,
financedata,cbondanalysiscnbd3,26,B_ANAL_INTERESTCNVXTY,"decimal(20,4)",YES,,
financedata,cbondanalysiscnbd3,27,B_ANAL_PRICE_CNBD,"decimal(20,4)",YES,,
financedata,cbondanalysiscnbd3,28,B_ANAL_BPYIELD,"decimal(20,4)",YES,,
financedata,cbondanalysiscnbd3,29,B_ANAL_EXCHANGE,varchar(40),YES,,
financedata,cbondanalysiscnbd3,30,B_ANAL_CREDIBILITY,varchar(40),YES,,
financedata,cbondanalysiscnbd3,31,B_ANAL_RESIDUALPRI,"decimal(20,4)",YES,,
financedata,cbondanalysiscnbd3,32,B_ANAL_EXERCISE_RATE,"decimal(20,6)",YES,,
financedata,cbondanalysiscnbd3,33,B_ANAL_PRIORITY,"decimal(1,0)",YES,,
financedata,cbondanalysiscnbd3,34,OPDATE,date,YES,MUL,
financedata,cbondanalysiscnbd3,35,OPMODE,varchar(1),YES,,
financedata,cbondanalysiscnbd4,1,OBJECT_ID,varchar(100),NO,PRI,
financedata,cbondanalysiscnbd4,2,S_INFO_WINDCODE,varchar(40),YES,MUL,
financedata,cbondanalysiscnbd4,3,TRADE_DT,varchar(8),YES,MUL,
financedata,cbondanalysiscnbd4,4,B_ANAL_MATU_CNBD,"decimal(20,4)",YES,,
financedata,cbondanalysiscnbd4,5,B_ANAL_DIRTY_CNBD,"decimal(20,4)",YES,,
financedata,cbondanalysiscnbd4,6,B_ANAL_ACCRINT_CNBD,"decimal(20,4)",YES,,
financedata,cbondanalysiscnbd4,7,B_ANAL_NET_CNBD,"decimal(20,4)",YES,,
financedata,cbondanalysiscnbd4,8,B_ANAL_YIELD_CNBD,"decimal(20,4)",YES,,
financedata,cbondanalysiscnbd4,9,B_ANAL_MODIDURA_CNBD,"decimal(20,4)",YES,,
financedata,cbondanalysiscnbd4,10,B_ANAL_CNVXTY_CNBD,"decimal(20,4)",YES,,
financedata,cbondanalysiscnbd4,11,B_ANAL_VOBP_CNBD,"decimal(20,4)",YES,,
financedata,cbondanalysiscnbd4,12,B_ANAL_SPRDURA_CNBD,"decimal(20,4)",YES,,
financedata,cbondanalysiscnbd4,13,B_ANAL_SPRCNXT_CNBD,"decimal(20,4)",YES,,
financedata,cbondanalysiscnbd4,14,B_ANAL_ACCRINTCLOSE_CNBD,"decimal(20,4)",YES,,
financedata,cbondanalysiscnbd4,15,B_ANAL_PRICE,"decimal(20,4)",YES,,
financedata,cbondanalysiscnbd4,16,B_ANAL_NETPRICE,"decimal(20,4)",YES,,
financedata,cbondanalysiscnbd4,17,B_ANAL_YIELD,"decimal(20,4)",YES,,
financedata,cbondanalysiscnbd4,18,B_ANAL_MODIFIEDDURATION,"decimal(20,4)",YES,,
financedata,cbondanalysiscnbd4,19,B_ANAL_CONVEXITY,"decimal(20,4)",YES,,
financedata,cbondanalysiscnbd4,20,B_ANAL_BPVALUE,"decimal(20,4)",YES,,
financedata,cbondanalysiscnbd4,21,B_ANAL_SDURATION,"decimal(20,4)",YES,,
financedata,cbondanalysiscnbd4,22,B_ANAL_SCNVXTY,"decimal(20,4)",YES,,
financedata,cbondanalysiscnbd4,23,B_ANAL_INTERESTDURATION_CNBD,"decimal(20,4)",YES,,
financedata,cbondanalysiscnbd4,24,B_ANAL_INTERESTCNVXTY_CNBD,"decimal(20,4)",YES,,
financedata,cbondanalysiscnbd4,25,B_ANAL_INTERESTDURATION,"decimal(20,4)",YES,,
financedata,cbondanalysiscnbd4,26,B_ANAL_INTERESTCNVXTY,"decimal(20,4)",YES,,
financedata,cbondanalysiscnbd4,27,B_ANAL_PRICE_CNBD,"decimal(20,4)",YES,,
financedata,cbondanalysiscnbd4,28,B_ANAL_BPYIELD,"decimal(20,4)",YES,,
financedata,cbondanalysiscnbd4,29,B_ANAL_EXCHANGE,varchar(40),YES,,
financedata,cbondanalysiscnbd4,30,B_ANAL_CREDIBILITY,varchar(40),YES,,
financedata,cbondanalysiscnbd4,31,B_ANAL_RESIDUALPRI,"decimal(20,4)",YES,,
financedata,cbondanalysiscnbd4,32,B_ANAL_EXERCISE_RATE,"decimal(20,6)",YES,,
financedata,cbondanalysiscnbd4,33,B_ANAL_PRIORITY,"decimal(1,0)",YES,,
financedata,cbondanalysiscnbd4,34,OPDATE,date,YES,MUL,
financedata,cbondanalysiscnbd4,35,OPMODE,varchar(1),YES,,
financedata,cbondanalysiscnbd5,1,OBJECT_ID,varchar(100),NO,PRI,
financedata,cbondanalysiscnbd5,2,S_INFO_WINDCODE,varchar(40),YES,MUL,
financedata,cbondanalysiscnbd5,3,TRADE_DT,varchar(8),YES,MUL,
financedata,cbondanalysiscnbd5,4,B_ANAL_MATU_CNBD,"decimal(20,4)",YES,,
financedata,cbondanalysiscnbd5,5,B_ANAL_DIRTY_CNBD,"decimal(20,4)",YES,,
financedata,cbondanalysiscnbd5,6,B_ANAL_ACCRINT_CNBD,"decimal(20,4)",YES,,
financedata,cbondanalysiscnbd5,7,B_ANAL_NET_CNBD,"decimal(20,4)",YES,,
financedata,cbondanalysiscnbd5,8,B_ANAL_YIELD_CNBD,"decimal(20,4)",YES,,
financedata,cbondanalysiscnbd5,9,B_ANAL_MODIDURA_CNBD,"decimal(20,4)",YES,,
financedata,cbondanalysiscnbd5,10,B_ANAL_CNVXTY_CNBD,"decimal(20,4)",YES,,
financedata,cbondanalysiscnbd5,11,B_ANAL_VOBP_CNBD,"decimal(20,4)",YES,,
financedata,cbondanalysiscnbd5,12,B_ANAL_SPRDURA_CNBD,"decimal(20,4)",YES,,
financedata,cbondanalysiscnbd5,13,B_ANAL_SPRCNXT_CNBD,"decimal(20,4)",YES,,
financedata,cbondanalysiscnbd5,14,B_ANAL_ACCRINTCLOSE_CNBD,"decimal(20,4)",YES,,
financedata,cbondanalysiscnbd5,15,B_ANAL_PRICE,"decimal(20,4)",YES,,
financedata,cbondanalysiscnbd5,16,B_ANAL_NETPRICE,"decimal(20,4)",YES,,
financedata,cbondanalysiscnbd5,17,B_ANAL_YIELD,"decimal(20,4)",YES,,
financedata,cbondanalysiscnbd5,18,B_ANAL_MODIFIEDDURATION,"decimal(20,4)",YES,,
financedata,cbondanalysiscnbd5,19,B_ANAL_CONVEXITY,"decimal(20,4)",YES,,
financedata,cbondanalysiscnbd5,20,B_ANAL_BPVALUE,"decimal(20,4)",YES,,
financedata,cbondanalysiscnbd5,21,B_ANAL_SDURATION,"decimal(20,4)",YES,,
financedata,cbondanalysiscnbd5,22,B_ANAL_SCNVXTY,"decimal(20,4)",YES,,
financedata,cbondanalysiscnbd5,23,B_ANAL_INTERESTDURATION_CNBD,"decimal(20,4)",YES,,
financedata,cbondanalysiscnbd5,24,B_ANAL_INTERESTCNVXTY_CNBD,"decimal(20,4)",YES,,
financedata,cbondanalysiscnbd5,25,B_ANAL_INTERESTDURATION,"decimal(20,4)",YES,,
financedata,cbondanalysiscnbd5,26,B_ANAL_INTERESTCNVXTY,"decimal(20,4)",YES,,
financedata,cbondanalysiscnbd5,27,B_ANAL_PRICE_CNBD,"decimal(20,4)",YES,,
financedata,cbondanalysiscnbd5,28,B_ANAL_BPYIELD,"decimal(20,4)",YES,,
financedata,cbondanalysiscnbd5,29,B_ANAL_EXCHANGE,varchar(40),YES,,
financedata,cbondanalysiscnbd5,30,B_ANAL_CREDIBILITY,varchar(40),YES,,
financedata,cbondanalysiscnbd5,31,B_ANAL_RESIDUALPRI,"decimal(20,4)",YES,,
financedata,cbondanalysiscnbd5,32,B_ANAL_EXERCISE_RATE,"decimal(20,6)",YES,,
financedata,cbondanalysiscnbd5,33,B_ANAL_PRIORITY,"decimal(1,0)",YES,,
financedata,cbondanalysiscnbd5,34,OPDATE,date,YES,MUL,
financedata,cbondanalysiscnbd5,35,OPMODE,varchar(1),YES,,
financedata,cbondanalysiscnbd6,1,OBJECT_ID,varchar(100),NO,PRI,
financedata,cbondanalysiscnbd6,2,S_INFO_WINDCODE,varchar(40),YES,MUL,
financedata,cbondanalysiscnbd6,3,TRADE_DT,varchar(8),YES,MUL,
financedata,cbondanalysiscnbd6,4,B_ANAL_MATU_CNBD,"decimal(20,4)",YES,,
financedata,cbondanalysiscnbd6,5,B_ANAL_DIRTY_CNBD,"decimal(20,4)",YES,,
financedata,cbondanalysiscnbd6,6,B_ANAL_ACCRINT_CNBD,"decimal(20,4)",YES,,
financedata,cbondanalysiscnbd6,7,B_ANAL_NET_CNBD,"decimal(20,4)",YES,,
financedata,cbondanalysiscnbd6,8,B_ANAL_YIELD_CNBD,"decimal(20,4)",YES,,
financedata,cbondanalysiscnbd6,9,B_ANAL_MODIDURA_CNBD,"decimal(20,4)",YES,,
financedata,cbondanalysiscnbd6,10,B_ANAL_CNVXTY_CNBD,"decimal(20,4)",YES,,
financedata,cbondanalysiscnbd6,11,B_ANAL_VOBP_CNBD,"decimal(20,4)",YES,,
financedata,cbondanalysiscnbd6,12,B_ANAL_SPRDURA_CNBD,"decimal(20,4)",YES,,
financedata,cbondanalysiscnbd6,13,B_ANAL_SPRCNXT_CNBD,"decimal(20,4)",YES,,
financedata,cbondanalysiscnbd6,14,B_ANAL_ACCRINTCLOSE_CNBD,"decimal(20,4)",YES,,
financedata,cbondanalysiscnbd6,15,B_ANAL_PRICE,"decimal(20,4)",YES,,
financedata,cbondanalysiscnbd6,16,B_ANAL_NETPRICE,"decimal(20,4)",YES,,
financedata,cbondanalysiscnbd6,17,B_ANAL_YIELD,"decimal(20,4)",YES,,
financedata,cbondanalysiscnbd6,18,B_ANAL_MODIFIEDDURATION,"decimal(20,4)",YES,,
financedata,cbondanalysiscnbd6,19,B_ANAL_CONVEXITY,"decimal(20,4)",YES,,
financedata,cbondanalysiscnbd6,20,B_ANAL_BPVALUE,"decimal(20,4)",YES,,
financedata,cbondanalysiscnbd6,21,B_ANAL_SDURATION,"decimal(20,4)",YES,,
financedata,cbondanalysiscnbd6,22,B_ANAL_SCNVXTY,"decimal(20,4)",YES,,
financedata,cbondanalysiscnbd6,23,B_ANAL_INTERESTDURATION_CNBD,"decimal(20,4)",YES,,
financedata,cbondanalysiscnbd6,24,B_ANAL_INTERESTCNVXTY_CNBD,"decimal(20,4)",YES,,
financedata,cbondanalysiscnbd6,25,B_ANAL_INTERESTDURATION,"decimal(20,4)",YES,,
financedata,cbondanalysiscnbd6,26,B_ANAL_INTERESTCNVXTY,"decimal(20,4)",YES,,
financedata,cbondanalysiscnbd6,27,B_ANAL_PRICE_CNBD,"decimal(20,4)",YES,,
financedata,cbondanalysiscnbd6,28,B_ANAL_BPYIELD,"decimal(20,4)",YES,,
financedata,cbondanalysiscnbd6,29,B_ANAL_EXCHANGE,varchar(40),YES,,
financedata,cbondanalysiscnbd6,30,B_ANAL_CREDIBILITY,varchar(40),YES,,
financedata,cbondanalysiscnbd6,31,B_ANAL_RESIDUALPRI,"decimal(20,4)",YES,,
financedata,cbondanalysiscnbd6,32,B_ANAL_EXERCISE_RATE,"decimal(20,6)",YES,,
financedata,cbondanalysiscnbd6,33,B_ANAL_PRIORITY,"decimal(1,0)",YES,,
financedata,cbondanalysiscnbd6,34,OPDATE,date,YES,MUL,
financedata,cbondanalysiscnbd6,35,OPMODE,varchar(1),YES,,
financedata,cbondanalysiscnbd7,1,OBJECT_ID,varchar(100),NO,PRI,
financedata,cbondanalysiscnbd7,2,S_INFO_WINDCODE,varchar(40),YES,MUL,
financedata,cbondanalysiscnbd7,3,TRADE_DT,varchar(8),YES,MUL,
financedata,cbondanalysiscnbd7,4,B_ANAL_MATU_CNBD,"decimal(20,4)",YES,,
financedata,cbondanalysiscnbd7,5,B_ANAL_DIRTY_CNBD,"decimal(20,4)",YES,,
financedata,cbondanalysiscnbd7,6,B_ANAL_ACCRINT_CNBD,"decimal(20,4)",YES,,
financedata,cbondanalysiscnbd7,7,B_ANAL_NET_CNBD,"decimal(20,4)",YES,,
financedata,cbondanalysiscnbd7,8,B_ANAL_YIELD_CNBD,"decimal(20,4)",YES,,
financedata,cbondanalysiscnbd7,9,B_ANAL_MODIDURA_CNBD,"decimal(20,4)",YES,,
financedata,cbondanalysiscnbd7,10,B_ANAL_CNVXTY_CNBD,"decimal(20,4)",YES,,
financedata,cbondanalysiscnbd7,11,B_ANAL_VOBP_CNBD,"decimal(20,4)",YES,,
financedata,cbondanalysiscnbd7,12,B_ANAL_SPRDURA_CNBD,"decimal(20,4)",YES,,
financedata,cbondanalysiscnbd7,13,B_ANAL_SPRCNXT_CNBD,"decimal(20,4)",YES,,
financedata,cbondanalysiscnbd7,14,B_ANAL_ACCRINTCLOSE_CNBD,"decimal(20,4)",YES,,
financedata,cbondanalysiscnbd7,15,B_ANAL_PRICE,"decimal(20,4)",YES,,
financedata,cbondanalysiscnbd7,16,B_ANAL_NETPRICE,"decimal(20,4)",YES,,
financedata,cbondanalysiscnbd7,17,B_ANAL_YIELD,"decimal(20,4)",YES,,
financedata,cbondanalysiscnbd7,18,B_ANAL_MODIFIEDDURATION,"decimal(20,4)",YES,,
financedata,cbondanalysiscnbd7,19,B_ANAL_CONVEXITY,"decimal(20,4)",YES,,
financedata,cbondanalysiscnbd7,20,B_ANAL_BPVALUE,"decimal(20,4)",YES,,
financedata,cbondanalysiscnbd7,21,B_ANAL_SDURATION,"decimal(20,4)",YES,,
financedata,cbondanalysiscnbd7,22,B_ANAL_SCNVXTY,"decimal(20,4)",YES,,
financedata,cbondanalysiscnbd7,23,B_ANAL_INTERESTDURATION_CNBD,"decimal(20,4)",YES,,
financedata,cbondanalysiscnbd7,24,B_ANAL_INTERESTCNVXTY_CNBD,"decimal(20,4)",YES,,
financedata,cbondanalysiscnbd7,25,B_ANAL_INTERESTDURATION,"decimal(20,4)",YES,,
financedata,cbondanalysiscnbd7,26,B_ANAL_INTERESTCNVXTY,"decimal(20,4)",YES,,
financedata,cbondanalysiscnbd7,27,B_ANAL_PRICE_CNBD,"decimal(20,4)",YES,,
financedata,cbondanalysiscnbd7,28,B_ANAL_BPYIELD,"decimal(20,4)",YES,,
financedata,cbondanalysiscnbd7,29,B_ANAL_EXCHANGE,varchar(40),YES,,
financedata,cbondanalysiscnbd7,30,B_ANAL_CREDIBILITY,varchar(40),YES,,
financedata,cbondanalysiscnbd7,31,B_ANAL_RESIDUALPRI,"decimal(20,4)",YES,,
financedata,cbondanalysiscnbd7,32,B_ANAL_EXERCISE_RATE,"decimal(20,6)",YES,,
financedata,cbondanalysiscnbd7,33,B_ANAL_PRIORITY,"decimal(1,0)",YES,,
financedata,cbondanalysiscnbd7,34,OPDATE,date,YES,MUL,
financedata,cbondanalysiscnbd7,35,OPMODE,varchar(1),YES,,
financedata,cbondanalysiscnbd8,1,OBJECT_ID,varchar(100),NO,PRI,
financedata,cbondanalysiscnbd8,2,S_INFO_WINDCODE,varchar(40),YES,MUL,
financedata,cbondanalysiscnbd8,3,TRADE_DT,varchar(8),YES,MUL,
financedata,cbondanalysiscnbd8,4,B_ANAL_MATU_CNBD,"decimal(20,4)",YES,,
financedata,cbondanalysiscnbd8,5,B_ANAL_DIRTY_CNBD,"decimal(20,4)",YES,,
financedata,cbondanalysiscnbd8,6,B_ANAL_ACCRINT_CNBD,"decimal(20,4)",YES,,
financedata,cbondanalysiscnbd8,7,B_ANAL_NET_CNBD,"decimal(20,4)",YES,,
financedata,cbondanalysiscnbd8,8,B_ANAL_YIELD_CNBD,"decimal(20,4)",YES,,
financedata,cbondanalysiscnbd8,9,B_ANAL_MODIDURA_CNBD,"decimal(20,4)",YES,,
financedata,cbondanalysiscnbd8,10,B_ANAL_CNVXTY_CNBD,"decimal(20,4)",YES,,
financedata,cbondanalysiscnbd8,11,B_ANAL_VOBP_CNBD,"decimal(20,4)",YES,,
financedata,cbondanalysiscnbd8,12,B_ANAL_SPRDURA_CNBD,"decimal(20,4)",YES,,
financedata,cbondanalysiscnbd8,13,B_ANAL_SPRCNXT_CNBD,"decimal(20,4)",YES,,
financedata,cbondanalysiscnbd8,14,B_ANAL_ACCRINTCLOSE_CNBD,"decimal(20,4)",YES,,
financedata,cbondanalysiscnbd8,15,B_ANAL_PRICE,"decimal(20,4)",YES,,
financedata,cbondanalysiscnbd8,16,B_ANAL_NETPRICE,"decimal(20,4)",YES,,
financedata,cbondanalysiscnbd8,17,B_ANAL_YIELD,"decimal(20,4)",YES,,
financedata,cbondanalysiscnbd8,18,B_ANAL_MODIFIEDDURATION,"decimal(20,4)",YES,,
financedata,cbondanalysiscnbd8,19,B_ANAL_CONVEXITY,"decimal(20,4)",YES,,
financedata,cbondanalysiscnbd8,20,B_ANAL_BPVALUE,"decimal(20,4)",YES,,
financedata,cbondanalysiscnbd8,21,B_ANAL_SDURATION,"decimal(20,4)",YES,,
financedata,cbondanalysiscnbd8,22,B_ANAL_SCNVXTY,"decimal(20,4)",YES,,
financedata,cbondanalysiscnbd8,23,B_ANAL_INTERESTDURATION_CNBD,"decimal(20,4)",YES,,
financedata,cbondanalysiscnbd8,24,B_ANAL_INTERESTCNVXTY_CNBD,"decimal(20,4)",YES,,
financedata,cbondanalysiscnbd8,25,B_ANAL_INTERESTDURATION,"decimal(20,4)",YES,,
financedata,cbondanalysiscnbd8,26,B_ANAL_INTERESTCNVXTY,"decimal(20,4)",YES,,
financedata,cbondanalysiscnbd8,27,B_ANAL_PRICE_CNBD,"decimal(20,4)",YES,,
financedata,cbondanalysiscnbd8,28,B_ANAL_BPYIELD,"decimal(20,4)",YES,,
financedata,cbondanalysiscnbd8,29,B_ANAL_EXCHANGE,varchar(40),YES,,
financedata,cbondanalysiscnbd8,30,B_ANAL_CREDIBILITY,varchar(40),YES,,
financedata,cbondanalysiscnbd8,31,B_ANAL_RESIDUALPRI,"decimal(20,4)",YES,,
financedata,cbondanalysiscnbd8,32,B_ANAL_EXERCISE_RATE,"decimal(20,6)",YES,,
financedata,cbondanalysiscnbd8,33,B_ANAL_PRIORITY,"decimal(1,0)",YES,,
financedata,cbondanalysiscnbd8,34,OPDATE,date,YES,MUL,
financedata,cbondanalysiscnbd8,35,OPMODE,varchar(1),YES,,
financedata,cbondcall,1,OBJECT_ID,varchar(100),NO,PRI,
financedata,cbondcall,2,S_INFO_WINDCODE,varchar(40),YES,MUL,
financedata,cbondcall,3,B_INFO_REDEMPTIONDATE,varchar(8),YES,,
financedata,cbondcall,4,B_INFO_REDEMPTIONPRICE,"decimal(20,4)",YES,,
financedata,cbondcall,5,B_INFO_CALLANNOUNCEMENTDATE,varchar(8),YES,,
financedata,cbondcall,6,B_INFO_CALLEXDATE,varchar(8),YES,,
financedata,cbondcall,7,B_INFO_CALLAMOUNT,"decimal(20,4)",YES,,
financedata,cbondcall,8,B_INFO_CALLOUTSTANDING,"decimal(20,4)",YES,,
financedata,cbondcall,9,B_REDEMPTIONDATE,varchar(8),YES,,
financedata,cbondcall,10,B_INFO_CALL_REASON,varchar(1000),YES,,
financedata,cbondcall,11,B_INFO_CALL_ARRIVAL_DAY,varchar(8),YES,,
financedata,cbondcall,12,B_INFO_CALL_RECORD_DAY,varchar(8),YES,,
financedata,cbondcall,13,OPDATE,date,YES,MUL,
financedata,cbondcall,14,OPMODE,varchar(1),YES,,
financedata,cbondcf,1,OBJECT_ID,varchar(100),NO,PRI,
financedata,cbondcf,2,S_INFO_WINDCODE,varchar(40),YES,MUL,
financedata,cbondcf,3,B_INFO_CARRYDATE,varchar(8),YES,,
financedata,cbondcf,4,B_INFO_ENDDATE,varchar(8),YES,,
financedata,cbondcf,5,B_INFO_COUPONRATE,"decimal(22,6)",YES,,
financedata,cbondcf,6,B_INFO_PAYMENTDATE,varchar(8),YES,,
financedata,cbondcf,7,B_INFO_PAYMENTINTEREST,"decimal(22,12)",YES,,
financedata,cbondcf,8,B_INFO_PAYMENTPARVALUE,"decimal(22,12)",YES,,
financedata,cbondcf,9,B_INFO_PAYMENTSUM,"decimal(22,12)",YES,,
financedata,cbondcf,10,OPDATE,date,YES,MUL,
financedata,cbondcf,11,OPMODE,varchar(1),YES,,
financedata,cbondconvertiblepacterms,1,OBJECT_ID,varchar(38),NO,PRI,
financedata,cbondconvertiblepacterms,2,S_INFO_WINDCODE,varchar(40),YES,MUL,
financedata,cbondconvertiblepacterms,3,MAND_PUTPERIOD,varchar(100),YES,,
financedata,cbondconvertiblepacterms,4,MAND_PUTPRICE,"decimal(20,4)",YES,,
financedata,cbondconvertiblepacterms,5,MAND_PUTSTARTDT,varchar(8),YES,,
financedata,cbondconvertiblepacterms,6,MAND_PUTENDDT,varchar(8),YES,,
financedata,cbondconvertiblepacterms,7,MANDPUT_TEXT,varchar(2000),YES,,
financedata,cbondconvertiblepacterms,8,IS_MUPCONTAININT,"decimal(5,0)",YES,,
financedata,cbondconvertiblepacterms,9,CON_PUTSTARTDT,varchar(8),YES,,
financedata,cbondconvertiblepacterms,10,CON_PUTENDDT,varchar(8),YES,,
financedata,cbondconvertiblepacterms,11,MAX_PUTTRIPER,"decimal(5,0)",YES,,
financedata,cbondconvertiblepacterms,12,PUTTRIPERIOD,"decimal(5,0)",YES,,
financedata,cbondconvertiblepacterms,13,ADD_PUTCON,varchar(2000),YES,,
financedata,cbondconvertiblepacterms,14,ADD_PUTPRIINS,varchar(500),YES,,
financedata,cbondconvertiblepacterms,15,PUTNUMBER_INS,varchar(200),YES,,
financedata,cbondconvertiblepacterms,16,PUTPRO_PERIOD,"decimal(20,4)",YES,,
financedata,cbondconvertiblepacterms,17,PUTNO_PERY,"decimal(20,4)",YES,,
financedata,cbondconvertiblepacterms,18,IS_PUTITEM,"decimal(5,0)",YES,,
financedata,cbondconvertiblepacterms,19,IS_TERMPUTITEM,"decimal(5,0)",YES,,
financedata,cbondconvertiblepacterms,20,IS_MANDPUTITEM,"decimal(5,0)",YES,,
financedata,cbondconvertiblepacterms,21,IS_TIMEPUTITEM,"decimal(5,0)",YES,,
financedata,cbondconvertiblepacterms,22,TIMEPUT_NO,"decimal(20,4)",YES,,
financedata,cbondconvertiblepacterms,23,TIMEPUTITEM,varchar(800),YES,,
financedata,cbondconvertiblepacterms,24,TERM_PUTPRICE,"decimal(20,4)",YES,,
financedata,cbondconvertiblepacterms,25,CON_CALLSTARTDT,varchar(8),YES,,
financedata,cbondconvertiblepacterms,26,CON_CALLENDDT,varchar(8),YES,,
financedata,cbondconvertiblepacterms,27,CALLTRICON_INS,varchar(1000),YES,,
financedata,cbondconvertiblepacterms,28,MAX_CALLTRIPER,"decimal(5,0)",YES,,
financedata,cbondconvertiblepacterms,29,CALLTRIPER,"decimal(5,0)",YES,,
financedata,cbondconvertiblepacterms,30,CALLNUMBER_INS,varchar(200),YES,,
financedata,cbondconvertiblepacterms,31,IS_CALLITEM,"decimal(5,0)",YES,,
financedata,cbondconvertiblepacterms,32,CALLPRO_PERIOD,"decimal(20,4)",YES,,
financedata,cbondconvertiblepacterms,33,CALLNO_PERY,"decimal(20,4)",YES,,
financedata,cbondconvertiblepacterms,34,IS_TIMECALLITEM,"decimal(5,0)",YES,,
financedata,cbondconvertiblepacterms,35,TIMECALL_NO,"decimal(20,4)",YES,,
financedata,cbondconvertiblepacterms,36,TIMECALL_TEXT,varchar(800),YES,,
financedata,cbondconvertiblepacterms,37,EXPIRED_REDEMPTION_PRICE,"decimal(20,4)",YES,,
financedata,cbondconvertiblepacterms,38,PUTTRICONDESC,varchar(1000),YES,,
financedata,cbondconvertiblepacterms,39,COMPENSATIONINTEREST,"decimal(20,4)",YES,,
financedata,cbondconvertiblepacterms,40,OPDATE,date,YES,MUL,
financedata,cbondconvertiblepacterms,41,OPMODE,varchar(1),YES,,
financedata,cbondconvprice,1,OBJECT_ID,varchar(100),NO,PRI,
financedata,cbondconvprice,2,S_INFO_WINDCODE,varchar(40),YES,MUL,
financedata,cbondconvprice,3,S_INFO_ENDDATE,varchar(8),YES,,
financedata,cbondconvprice,4,B_INFO_ANNOUNCEMENTDATE,varchar(8),YES,,
financedata,cbondconvprice,5,CB_ANAL_CONVPRICE,"decimal(20,4)",YES,,
financedata,cbondconvprice,6,B_INFO_CHANGEREASON,varchar(1000),YES,,
financedata,cbondconvprice,7,OPDATE,date,YES,MUL,
financedata,cbondconvprice,8,OPMODE,varchar(1),YES,,
financedata,cbondcurvecnbd,1,OBJECT_ID,varchar(100),NO,PRI,
financedata,cbondcurvecnbd,2,TRADE_DT,varchar(8),YES,MUL,
financedata,cbondcurvecnbd,3,B_ANAL_CURVENUMBER,"decimal(10,0)",YES,,
financedata,cbondcurvecnbd,4,B_ANAL_CURVENAME,varchar(200),YES,,
financedata,cbondcurvecnbd,5,B_ANAL_CURVETYPE,varchar(80),YES,,
financedata,cbondcurvecnbd,6,B_ANAL_CURVETERM,"decimal(20,4)",YES,,
financedata,cbondcurvecnbd,7,B_ANAL_YIELD,"decimal(20,4)",YES,,
financedata,cbondcurvecnbd,8,B_ANAL_BASE_YIELD,"decimal(20,4)",YES,,
financedata,cbondcurvecnbd,9,B_ANAL_YIELD_TOTAL,"decimal(20,4)",YES,,
financedata,cbondcurvecnbd,10,OPDATE,date,YES,MUL,
financedata,cbondcurvecnbd,11,OPMODE,varchar(1),YES,,
financedata,cbondcurvememberscnbd,1,OBJECT_ID,varchar(100),NO,PRI,
financedata,cbondcurvememberscnbd,2,TRADE_DT,varchar(8),YES,MUL,
financedata,cbondcurvememberscnbd,3,B_ANAL_CURVENUMBER,"decimal(10,0)",YES,,
financedata,cbondcurvememberscnbd,4,B_ANAL_CURVENAME,varchar(200),YES,,
financedata,cbondcurvememberscnbd,5,S_INFO_WINDCODE,varchar(40),YES,MUL,
financedata,cbondcurvememberscnbd,6,CNBD_CREDITRATING,varchar(300),YES,,
financedata,cbondcurvememberscnbd,7,OPDATE,date,YES,MUL,
financedata,cbondcurvememberscnbd,8,OPMODE,varchar(1),YES,,
financedata,cbonddescription,1,OBJECT_ID,varchar(100),NO,PRI,
financedata,cbonddescription,2,S_INFO_WINDCODE,varchar(40),YES,MUL,
financedata,cbonddescription,3,B_INFO_FULLNAME,varchar(500),YES,,
financedata,cbonddescription,4,B_INFO_ISSUER,varchar(100),YES,,
financedata,cbonddescription,5,B_ISSUE_ANNOUNCEMENT,varchar(8),YES,,
financedata,cbonddescription,6,B_ISSUE_FIRSTISSUE,varchar(8),YES,,
financedata,cbonddescription,7,B_ISSUE_LASTISSUE,varchar(8),YES,,
financedata,cbonddescription,8,B_ISSUE_AMOUNTPLAN,"decimal(26,10)",YES,,
financedata,cbonddescription,9,B_ISSUE_AMOUNTACT,"decimal(26,10)",YES,,
financedata,cbonddescription,10,B_INFO_ISSUEPRICE,"decimal(20,4)",YES,,
financedata,cbonddescription,11,B_INFO_PAR,"decimal(20,0)",YES,,
financedata,cbonddescription,12,B_INFO_COUPONRATE,"decimal(22,6)",YES,,
financedata,cbonddescription,13,B_INFO_SPREAD,"decimal(20,4)",YES,,
financedata,cbonddescription,14,B_INFO_CARRYDATE,varchar(8),YES,,
financedata,cbonddescription,15,B_INFO_ENDDATE,varchar(8),YES,,
financedata,cbonddescription,16,B_INFO_MATURITYDATE,varchar(8),YES,,
financedata,cbonddescription,17,B_INFO_TERM_YEAR_,"decimal(20,4)",YES,,
financedata,cbonddescription,18,B_INFO_TERM_DAY_,"decimal(20,4)",YES,,
financedata,cbonddescription,19,B_INFO_PAYMENTDATE,varchar(8),YES,,
financedata,cbonddescription,20,B_INFO_PAYMENTTYPE,"decimal(9,0)",YES,,
financedata,cbonddescription,21,B_INFO_INTERESTFREQUENCY,varchar(20),YES,,
financedata,cbonddescription,22,B_INFO_FORM,varchar(10),YES,,
financedata,cbonddescription,23,B_INFO_COUPON,"decimal(9,0)",YES,,
financedata,cbonddescription,24,B_INFO_INTERESTTYPE,"decimal(9,0)",YES,,
financedata,cbonddescription,25,B_INFO_ACT,"decimal(20,4)",YES,,
financedata,cbonddescription,26,B_ISSUE_FEE,"decimal(20,4)",YES,,
financedata,cbonddescription,27,B_REDEMPTION_FEERATION,"decimal(20,4)",YES,,
financedata,cbonddescription,28,B_INFO_TAXRATE,"decimal(20,4)",YES,,
financedata,cbonddescription,29,CRNCY_CODE,varchar(10),YES,,
financedata,cbonddescription,30,S_INFO_NAME,varchar(100),YES,MUL,
financedata,cbonddescription,31,S_INFO_EXCHMARKET,varchar(10),YES,,
financedata,cbonddescription,32,B_INFO_GUARANTOR,varchar(100),YES,,
financedata,cbonddescription,33,B_INFO_GUARTYPE,"decimal(9,0)",YES,,
financedata,cbonddescription,34,B_INFO_LISTDATE,varchar(8),YES,,
financedata,cbonddescription,35,B_INFO_YEARSNUMBER,"decimal(20,0)",YES,,
financedata,cbonddescription,36,S_DIV_RECORDDATE,varchar(8),YES,,
financedata,cbonddescription,37,B_INFO_CODEBYPLACING,varchar(10),YES,,
financedata,cbonddescription,38,B_INFO_DELISTDATE,varchar(8),YES,,
financedata,cbonddescription,39,B_INFO_ISSUETYPE,"decimal(9,0)",YES,,
financedata,cbonddescription,40,B_INFO_GUARINTRODUCTION,varchar(1000),YES,,
financedata,cbonddescription,41,B_INFO_BGNDBYPLACING,varchar(8),YES,,
financedata,cbonddescription,42,B_INFO_ENDDBYPLACING,varchar(8),YES,,
financedata,cbonddescription,43,B_INFO_AMOUNTBYPLACING,"decimal(26,10)",YES,,
financedata,cbonddescription,44,B_INFO_UNDERWRITINGCODE,"decimal(9,0)",YES,,
financedata,cbonddescription,45,B_INFO_ISSUERCODE,varchar(100),YES,,
financedata,cbonddescription,46,B_INFO_FORMERCODE,varchar(40),YES,,
financedata,cbonddescription,47,B_INFO_COUPONTXT,varchar(2000),YES,,
financedata,cbonddescription,48,IS_FAILURE,"decimal(5,0)",YES,,
financedata,cbonddescription,49,IS_CROSSMARKET,"decimal(5,0)",YES,,
financedata,cbonddescription,50,B_INFO_COUPONDATETXT,varchar(2000),YES,,
financedata,cbonddescription,51,B_INFO_SUBORDINATEORNOT,"decimal(5,0)",YES,,
financedata,cbonddescription,52,B_TENDRST_REFERYIELD,"decimal(20,4)",YES,,
financedata,cbonddescription,53,B_INFO_CURPAR,"decimal(20,4)",YES,,
financedata,cbonddescription,54,S_INFO_FORMERWINDCODE,varchar(40),YES,,
financedata,cbonddescription,55,IS_CORPORATE_BOND,"decimal(5,0)",YES,,
financedata,cbonddescription,56,B_INFO_ISSUERTYPE,varchar(100),YES,,
financedata,cbonddescription,57,B_INFO_SPECIALBONDTYPE,varchar(40),YES,,
financedata,cbonddescription,58,IS_PAYADVANCED,varchar(1),YES,,
financedata,cbonddescription,59,IS_CALLABLE,varchar(1),YES,,
financedata,cbonddescription,60,IS_CHOOSERIGHT,varchar(1),YES,,
financedata,cbonddescription,61,IS_NETPRICE,"decimal(1,0)",YES,,
financedata,cbonddescription,62,IS_ACT_DAYS,"decimal(1,0)",YES,,
financedata,cbonddescription,63,IS_INCBONDS,"decimal(5,0)",YES,,
financedata,cbonddescription,64,ISSUE_OBJECT,varchar(100),YES,,
financedata,cbonddescription,65,B_INFO_ACTUALBENCHMARK,varchar(8),YES,,
financedata,cbonddescription,66,REGISTER_FILE_TYPE_CODE,"decimal(9,0)",YES,,
financedata,cbonddescription,67,REGISTER_FILE_NUMBER,varchar(1000),YES,,
financedata,cbonddescription,68,LIST_ANN_DATE,varchar(8),YES,,
financedata,cbonddescription,69,REIMBURSEMENT,varchar(20),YES,,
financedata,cbonddescription,70,BOND_RATING,varchar(10),YES,,
financedata,cbonddescription,71,ANN_DATE,varchar(8),YES,MUL,
financedata,cbonddescription,72,B_ISSUE_AMOUNT_MAX,"decimal(24,8)",YES,,
financedata,cbonddescription,73,B_INFO_GUARANTEE_ID,varchar(100),YES,,
financedata,cbonddescription,74,B_INFO_PINYIN,varchar(40),YES,,
financedata,cbonddescription,75,TRADE_TYPE_CODE,"decimal(9,0)",YES,,
financedata,cbonddescription,76,IS_TAXFREE,varchar(4),YES,,
financedata,cbonddescription,77,IS_INRIGHT,varchar(2),YES,,
financedata,cbonddescription,78,ACCOUNTTREATMENT_TYPE,"decimal(9,0)",YES,,
financedata,cbonddescription,79,OPDATE,date,YES,MUL,
financedata,cbonddescription,80,OPMODE,varchar(1),YES,,
financedata,cbonddescription,81,B_INFO_GUARANTEESETTLEMENT,"decimal(5,0)",YES,,
financedata,cbonddescription,82,RELEASE_YEAR,varchar(8),YES,,
financedata,cbonddescription,83,TAX_PAYER,"decimal(9,0)",YES,,
financedata,cbonddescription,84,LATEST_COUPONRATE,"decimal(20,4)",YES,,
financedata,cbonddescription,85,B_INFO_OUTSTANDINGBALANCE,"decimal(20,4)",YES,,
financedata,cbonddescription,86,SEC_ID,varchar(10),YES,,
financedata,cbondeodprices,1,OBJECT_ID,varchar(100),NO,PRI,
financedata,cbondeodprices,2,S_INFO_WINDCODE,varchar(40),YES,MUL,
financedata,cbondeodprices,3,TRADE_DT,varchar(8),YES,MUL,
financedata,cbondeodprices,4,CRNCY_CODE,varchar(10),YES,,
financedata,cbondeodprices,5,S_DQ_PRECLOSE,"decimal(20,4)",YES,,
financedata,cbondeodprices,6,S_DQ_OPEN,"decimal(20,4)",YES,,
financedata,cbondeodprices,7,S_DQ_HIGH,"decimal(20,4)",YES,,
financedata,cbondeodprices,8,S_DQ_LOW,"decimal(20,4)",YES,,
financedata,cbondeodprices,9,S_DQ_CLOSE,"decimal(20,4)",YES,,
financedata,cbondeodprices,10,S_DQ_CHANGE,"decimal(20,4)",YES,,
financedata,cbondeodprices,11,S_DQ_PCTCHANGE,"decimal(20,4)",YES,,
financedata,cbondeodprices,12,S_DQ_VOLUME,"decimal(20,4)",YES,,
financedata,cbondeodprices,13,S_DQ_AMOUNT,"decimal(20,4)",YES,,
financedata,cbondeodprices,14,S_DQ_AVGPRICE,"decimal(20,4)",YES,,
financedata,cbondeodprices,15,S_DQ_TRADESTATUS,varchar(10),YES,,
financedata,cbondeodprices,16,OPDATE,date,YES,MUL,
financedata,cbondeodprices,17,OPMODE,varchar(1),YES,,
financedata,cbondfutureseodprices,1,OBJECT_ID,varchar(100),NO,PRI,
financedata,cbondfutureseodprices,2,S_INFO_WINDCODE,varchar(40),YES,MUL,
financedata,cbondfutureseodprices,3,TRADE_DT,varchar(8),YES,MUL,
financedata,cbondfutureseodprices,4,S_DQ_PRESETTLE,"decimal(20,4)",YES,,
financedata,cbondfutureseodprices,5,S_DQ_OPEN,"decimal(20,4)",YES,,
financedata,cbondfutureseodprices,6,S_DQ_HIGH,"decimal(20,4)",YES,,
financedata,cbondfutureseodprices,7,S_DQ_LOW,"decimal(20,4)",YES,,
financedata,cbondfutureseodprices,8,S_DQ_CLOSE,"decimal(20,4)",YES,,
financedata,cbondfutureseodprices,9,S_DQ_SETTLE,"decimal(20,4)",YES,,
financedata,cbondfutureseodprices,10,S_DQ_VOLUME,"decimal(20,4)",YES,,
financedata,cbondfutureseodprices,11,S_DQ_AMOUNT,"decimal(20,4)",YES,,
financedata,cbondfutureseodprices,12,S_DQ_OI,"decimal(20,4)",YES,,
financedata,cbondfutureseodprices,13,S_DQ_CHANGE,"decimal(20,4)",YES,,
financedata,cbondfutureseodprices,14,S_DQ_CCCODE,varchar(20),YES,,
financedata,cbondfutureseodprices,15,FS_INFO_TYPE,varchar(10),YES,,
financedata,cbondfutureseodprices,16,OPDATE,date,YES,MUL,
financedata,cbondfutureseodprices,17,OPMODE,varchar(1),YES,,
financedata,cbondindexeodcnbd,1,OBJECT_ID,varchar(100),NO,PRI,
financedata,cbondindexeodcnbd,2,S_INFO_WINDCODE,varchar(40),YES,MUL,
financedata,cbondindexeodcnbd,3,TRADE_DT,varchar(8),YES,MUL,
financedata,cbondindexeodcnbd,4,S_DQ_CLOSE,"decimal(20,4)",YES,,
financedata,cbondindexeodcnbd,5,S_VAL_PE,"decimal(20,6)",YES,,
financedata,cbondindexeodcnbd,6,AVGMVDURATION,"decimal(20,4)",YES,,
financedata,cbondindexeodcnbd,7,AVGCF,"decimal(20,4)",YES,,
financedata,cbondindexeodcnbd,8,AVG_VALUE_CONVEXITY,"decimal(20,4)",YES,,
financedata,cbondindexeodcnbd,9,AVG_CASH_CONVEXITY,"decimal(20,4)",YES,,
financedata,cbondindexeodcnbd,10,AVG_CASH_YTM,"decimal(20,4)",YES,,
financedata,cbondindexeodcnbd,11,AVG_MATU,"decimal(20,4)",YES,,
financedata,cbondindexeodcnbd,12,AVG_DIVIDEND_RATE,"decimal(20,4)",YES,,
financedata,cbondindexeodcnbd,13,AVG_VOBP,"decimal(20,4)",YES,,
financedata,cbondindexeodcnbd,14,PENDING_TERM_CODE,"decimal(9,0)",YES,,
financedata,cbondindexeodcnbd,15,SPOT_SETTLEMENT,"decimal(20,4)",YES,,
financedata,cbondindexeodcnbd,16,AVG_VALUE_YTM,"decimal(20,4)",YES,,
financedata,cbondindexeodcnbd,17,OPDATE,date,YES,MUL,
financedata,cbondindexeodcnbd,18,OPMODE,varchar(1),YES,,
financedata,cbondindustrywind,1,OBJECT_ID,varchar(100),NO,PRI,
financedata,cbondindustrywind,2,S_INFO_WINDCODE,varchar(40),YES,MUL,
financedata,cbondindustrywind,3,S_INFO_INDUSTRYCODE,varchar(20),YES,,
financedata,cbondindustrywind,4,S_INFO_INDUSTRYNAME,varchar(100),YES,,
financedata,cbondindustrywind,5,S_INFO_INDUSTRYCODE2,varchar(20),YES,,
financedata,cbondindustrywind,6,S_INFO_INDUSTRYNAME2,varchar(100),YES,,
financedata,cbondindustrywind,7,OPDATE,date,YES,MUL,
financedata,cbondindustrywind,8,OPMODE,varchar(1),YES,,
financedata,cbondissuer,1,OBJECT_ID,varchar(100),NO,PRI,
financedata,cbondissuer,2,S_INFO_WINDCODE,varchar(40),YES,MUL,
financedata,cbondissuer,3,S_INFO_COMPNAME,varchar(200),YES,,
financedata,cbondissuer,4,S_INFO_COMPCODE,varchar(10),YES,MUL,
financedata,cbondissuer,5,USED,"decimal(1,0)",YES,,
financedata,cbondissuer,6,S_INFO_COMPIND_CODE1,varchar(50),YES,,
financedata,cbondissuer,7,S_INFO_COMPIND_NAME1,varchar(100),YES,,
financedata,cbondissuer,8,S_INFO_COMPIND_CODE2,varchar(50),YES,,
financedata,cbondissuer,9,S_INFO_COMPIND_NAME2,varchar(100),YES,,
financedata,cbondissuer,10,S_INFO_COMPIND_CODE3,varchar(50),YES,,
financedata,cbondissuer,11,S_INFO_COMPIND_NAME3,varchar(100),YES,,
financedata,cbondissuer,12,S_INFO_COMPIND_CODE4,varchar(50),YES,,
financedata,cbondissuer,13,S_INFO_COMPIND_NAME4,varchar(100),YES,,
financedata,cbondissuer,14,S_INFO_COMPREGADDRESS,varchar(200),YES,,
financedata,cbondissuer,15,S_INFO_COMPTYPE,varchar(40),YES,,
financedata,cbondissuer,16,S_INFO_LISTCOMPORNOT,"decimal(1,0)",YES,,
financedata,cbondissuer,17,S_INFO_EFFECTIVE_DT,varchar(8),YES,,
financedata,cbondissuer,18,S_INFO_INVALID_DT,varchar(8),YES,,
financedata,cbondissuer,19,B_AGENCY_GUARANTORNATURE,varchar(40),YES,,
financedata,cbondissuer,20,IS_FIN_INST,"decimal(1,0)",YES,,
financedata,cbondissuer,21,S_INFO_TYPECODE,"decimal(9,0)",YES,,
financedata,cbondissuer,22,OPDATE,date,YES,MUL,
financedata,cbondissuer,23,OPMODE,varchar(1),YES,,
financedata,cbondissuer,24,S_INFO_COMPIND_NEWCODE2,varchar(50),YES,,
financedata,cbondissuer,25,S_INFO_COMPIND_NEWNAME1,varchar(100),YES,,
financedata,cbondissuer,26,S_INFO_COMPIND_NEWCODE3,varchar(50),YES,,
financedata,cbondissuer,27,SEC_ID,varchar(10),YES,,
financedata,cbondissuer,28,S_INFO_COMPIND_NEWNAME4,varchar(100),YES,,
financedata,cbondissuer,29,S_INFO_COMPIND_NEWNAME2,varchar(100),YES,,
financedata,cbondissuer,30,S_INFO_COMPIND_NEWCODE1,varchar(50),YES,,
financedata,cbondissuer,31,S_INFO_COMPTYPECODE,varchar(20),YES,,
financedata,cbondissuer,32,S_INFO_COMPIND_NEWNAME3,varchar(100),YES,,
financedata,cbondissuer,33,S_INFO_COMPIND_NEWCODE4,varchar(50),YES,,
financedata,cbondissuerrating,1,OBJECT_ID,varchar(100),NO,PRI,
financedata,cbondissuerrating,2,S_INFO_COMPNAME,varchar(100),YES,,
financedata,cbondissuerrating,3,ANN_DT,varchar(8),YES,MUL,
financedata,cbondissuerrating,4,B_RATE_STYLE,varchar(100),YES,,
financedata,cbondissuerrating,5,B_INFO_CREDITRATING,varchar(40),YES,,
financedata,cbondissuerrating,6,B_RATE_RATINGOUTLOOK,"decimal(9,0)",YES,,
financedata,cbondissuerrating,7,B_INFO_CREDITRATINGAGENCY,varchar(10),YES,,
financedata,cbondissuerrating,8,S_INFO_COMPCODE,varchar(10),YES,MUL,
financedata,cbondissuerrating,9,B_INFO_CREDITRATINGEXPLAIN,varchar(1000),YES,,
financedata,cbondissuerrating,10,B_INFO_PRECREDITRATING,varchar(40),YES,,
financedata,cbondissuerrating,11,B_CREDITRATING_CHANGE,varchar(10),YES,,
financedata,cbondissuerrating,12,B_INFO_ISSUERRATETYPE,"decimal(9,0)",YES,,
financedata,cbondissuerrating,13,ANN_DT2,varchar(8),YES,,
financedata,cbondissuerrating,14,OPDATE,date,YES,MUL,
financedata,cbondissuerrating,15,OPMODE,varchar(1),YES,,
financedata,cbondissuerrating,16,DATETRMNTNSUBJRATG,varchar(8),YES,,
financedata,cbondissuerrating,17,RATING_VALIDITY_PERIOD,varchar(8),YES,,
financedata,cbondnindustrywind,1,OBJECT_ID,varchar(200),NO,PRI,
financedata,cbondnindustrywind,2,S_INFO_WINDCODE,varchar(40),YES,MUL,
financedata,cbondnindustrywind,3,SEC_IND_CODE,varchar(50),YES,,
financedata,cbondnindustrywind,4,ENTRY_DT,varchar(8),YES,MUL,
financedata,cbondnindustrywind,5,REMOVE_DT,varchar(8),YES,,
financedata,cbondnindustrywind,6,CUR_SIGN,"decimal(1,0)",YES,,
financedata,cbondnindustrywind,7,OPDATE,date,YES,MUL,
financedata,cbondnindustrywind,8,OPMODE,varchar(1),YES,,
financedata,cbondrating,1,OBJECT_ID,varchar(100),NO,PRI,
financedata,cbondrating,2,S_INFO_WINDCODE,varchar(40),YES,MUL,
financedata,cbondrating,3,ANN_DT,varchar(8),YES,MUL,
financedata,cbondrating,4,B_RATE_STYLE,varchar(100),YES,,
financedata,cbondrating,5,B_INFO_CREDITRATING,varchar(40),YES,,
financedata,cbondrating,6,B_INFO_CREDITRATINGAGENCY,varchar(10),YES,,
financedata,cbondrating,7,B_INFO_CREDITRATINGEXPLAIN,varchar(1000),YES,,
financedata,cbondrating,8,B_INFO_PRECREDITRATING,varchar(40),YES,,
financedata,cbondrating,9,B_CREDITRATING_CHANGE,varchar(10),YES,,
financedata,cbondrating,10,ANN_DT2,varchar(8),YES,,
financedata,cbondrating,11,OPDATE,date,YES,MUL,
financedata,cbondrating,12,OPMODE,varchar(1),YES,,
financedata,cbondriskreturnindicator,1,OBJECT_ID,varchar(100),NO,PRI,
financedata,cbondriskreturnindicator,2,S_INFO_WINDCODE,varchar(40),YES,MUL,
financedata,cbondriskreturnindicator,3,TRADE_DT,varchar(8),YES,MUL,
financedata,cbondriskreturnindicator,4,B_INFO_OUTSTANDINGBALANCE,"decimal(20,4)",YES,,
financedata,cbondriskreturnindicator,5,B_INFO_DAY,"decimal(16,0)",YES,,
financedata,cbondriskreturnindicator,6,B_INFO_TERMNOTE1,varchar(100),YES,,
financedata,cbondriskreturnindicator,7,B_INFO_WEIGHTEDRT,"decimal(20,4)",YES,,
financedata,cbondriskreturnindicator,8,B_INFO_WEIGHTEDRT2,"decimal(20,4)",YES,,
financedata,cbondriskreturnindicator,9,B_ANAL_PRECUPN,varchar(8),YES,,
financedata,cbondriskreturnindicator,10,B_ANAL_NXCUPN,varchar(8),YES,,
financedata,cbondriskreturnindicator,11,B_ANAL_DAILYCF,"decimal(20,4)",YES,,
financedata,cbondriskreturnindicator,12,B_DAILYCF_INT,"decimal(20,4)",YES,,
financedata,cbondriskreturnindicator,13,B_DAILYCF_PRIN,"decimal(20,4)",YES,,
financedata,cbondriskreturnindicator,14,B_CALC_ACCRINT,"decimal(20,4)",YES,,
financedata,cbondriskreturnindicator,15,OPDATE,date,YES,MUL,
financedata,cbondriskreturnindicator,16,OPMODE,varchar(1),YES,,
financedata,cbondtradingsuspension,1,OBJECT_ID,varchar(100),NO,PRI,
financedata,cbondtradingsuspension,2,S_INFO_WINDCODE,varchar(40),YES,MUL,
financedata,cbondtradingsuspension,3,S_DQ_SUSPENDDATE,varchar(8),YES,,
financedata,cbondtradingsuspension,4,S_DQ_SUSPENDTYPE,"decimal(9,0)",YES,,
financedata,cbondtradingsuspension,5,S_DQ_RESUMPDATE,varchar(8),YES,,
financedata,cbondtradingsuspension,6,S_DQ_CHANGEREASON,varchar(400),YES,,
financedata,cbondtradingsuspension,7,S_DQ_CHANGEREASON_CODE,"decimal(9,0)",YES,,
financedata,cbondtradingsuspension,8,S_DQ_RESUMPTIME,varchar(200),YES,,
financedata,cbondtradingsuspension,9,OPDATE,date,YES,MUL,
financedata,cbondtradingsuspension,10,OPMODE,varchar(1),YES,,
financedata,ccbondconversion,1,OBJECT_ID,varchar(100),NO,PRI,
financedata,ccbondconversion,2,S_INFO_WINDCODE,varchar(40),YES,MUL,
financedata,ccbondconversion,3,ANN_DT,varchar(8),YES,MUL,
financedata,ccbondconversion,4,CONV_CODE,varchar(10),YES,,
financedata,ccbondconversion,5,CONV_NAME,varchar(10),YES,,
financedata,ccbondconversion,6,CONV_PRICE,"decimal(20,4)",YES,,
financedata,ccbondconversion,7,CRNCY_CODE,varchar(10),YES,,
financedata,ccbondconversion,8,CONV_STARTDATE,varchar(8),YES,,
financedata,ccbondconversion,9,CONV_ENDDATE,varchar(8),YES,,
financedata,ccbondconversion,10,TRADE_DT_LAST,varchar(8),YES,,
financedata,ccbondconversion,11,FORCED_CONV_DATE,varchar(8),YES,,
financedata,ccbondconversion,12,FORCED_CONV_PRICE,"decimal(20,4)",YES,,
financedata,ccbondconversion,13,REL_CONV_MONTH,"decimal(20,4)",YES,,
financedata,ccbondconversion,14,ISFORCED,"decimal(5,0)",YES,,
financedata,ccbondconversion,15,FORCED_CONV_REASON,varchar(500),YES,,
financedata,ccbondconversion,16,OPDATE,date,YES,MUL,
financedata,ccbondconversion,17,OPMODE,varchar(1),YES,,
financedata,ccbondconversionreset,1,OBJECT_ID,varchar(100),NO,PRI,
financedata,ccbondconversionreset,2,S_INFO_WINDCODE,varchar(40),YES,MUL,
financedata,ccbondconversionreset,3,START_DT,varchar(8),YES,MUL,
financedata,ccbondconversionreset,4,END_DT,varchar(8),YES,MUL,
financedata,ccbondconversionreset,5,MAX_PERIOD,"decimal(5,0)",YES,,
financedata,ccbondconversionreset,6,PERIOD,"decimal(5,0)",YES,,
financedata,ccbondconversionreset,7,TRIGGERRATIO,"decimal(20,4)",YES,,
financedata,ccbondconversionreset,8,MIN_PRICE,varchar(800),YES,,
financedata,ccbondconversionreset,9,IS_AVG,"decimal(5,0)",YES,,
financedata,ccbondconversionreset,10,TIMESLIMIT,varchar(40),YES,,
financedata,ccbondconversionreset,11,IS_TIMES,"decimal(5,0)",YES,,
financedata,ccbondconversionreset,12,TIMES,"decimal(20,4)",YES,,
financedata,ccbondconversionreset,13,TIMES_ITEM,varchar(800),YES,,
financedata,ccbondconversionreset,14,EXITRESET_PCT,"decimal(20,4)",YES,,
financedata,ccbondconversionreset,15,IS_EXITRESET,"decimal(1,0)",YES,,
financedata,ccbondconversionreset,16,CORRECTIONTYPE_CODE,"decimal(9,0)",YES,,
financedata,ccbondconversionreset,17,OPDATE,date,YES,MUL,
financedata,ccbondconversionreset,18,OPMODE,varchar(1),YES,,
financedata,ccbondissuance,1,OBJECT_ID,varchar(100),NO,PRI,
financedata,ccbondissuance,2,S_INFO_WINDCODE,varchar(40),YES,MUL,
financedata,ccbondissuance,3,CRNCY_CODE,varchar(10),YES,,
financedata,ccbondissuance,4,ANN_DT,varchar(8),YES,MUL,
financedata,ccbondissuance,5,CB_INFO_PREPLANDATE,varchar(8),YES,,
financedata,ccbondissuance,6,CB_INFO_SMTGANNCEDATE,varchar(8),YES,,
financedata,ccbondissuance,7,CB_ISSUE_ANNCELSTDATE,varchar(8),YES,,
financedata,ccbondissuance,8,CB_INFO_LISTEDDATE,varchar(8),YES,,
financedata,ccbondissuance,9,CB_INFO_LISTDATE,varchar(20),YES,,
financedata,ccbondissuance,10,CB_INFO_ISSEPARATION,"decimal(1,0)",YES,,
financedata,ccbondissuance,11,CB_INFO_DISTRIBUTO,varchar(1000),YES,,
financedata,ccbondissuance,12,CB_INFO_RECOMMENDER,varchar(200),YES,,
financedata,ccbondissuance,13,CB_CLAUSE_ISCHAINTEREST,"decimal(5,0)",YES,,
financedata,ccbondissuance,14,CB_CLAUSE_ISCOMINTEREST,"decimal(5,0)",YES,,
financedata,ccbondissuance,15,CB_CLAUSE_COMINTEREST,"decimal(20,4)",YES,,
financedata,ccbondissuance,16,CB_CLAUSE_COMINTERESTITEM,varchar(600),YES,,
financedata,ccbondissuance,17,CB_CLAUSE_CONVERSIONITEM,varchar(1000),YES,,
financedata,ccbondissuance,18,CB_CLAUSE_CONVCHANGEITEM,varchar(1300),YES,,
financedata,ccbondissuance,19,CB_CLAUSE_CONVMONTH,varchar(1000),YES,,
financedata,ccbondissuance,20,CB_CLAUSE_INICONVPRICE,"decimal(20,4)",YES,,
financedata,ccbondissuance,21,CB_CLAUSE_INICONVPROPORTION,"decimal(20,4)",YES,,
financedata,ccbondissuance,22,CB_CLAUSE_CALLITEM,varchar(1300),YES,,
financedata,ccbondissuance,23,CB_CLAUSE_RESET_ITEM,varchar(2000),YES,,
financedata,ccbondissuance,24,CB_CLAUSE_RESETITEM,varchar(1400),YES,,
financedata,ccbondissuance,25,CB_CLAUSE_RATIONITEM,varchar(2000),YES,,
financedata,ccbondissuance,26,CB_LIST_PASSDATE,varchar(8),YES,,
financedata,ccbondissuance,27,CB_LIST_PERMITDATE,varchar(8),YES,,
financedata,ccbondissuance,28,CB_LIST_ANNOUNCEDATE,varchar(8),YES,,
financedata,ccbondissuance,29,CB_LIST_ANNOCEDATE,varchar(8),YES,,
financedata,ccbondissuance,30,CB_LIST_TYPE,varchar(40),YES,,
financedata,ccbondissuance,31,CB_LIST_FEE,"decimal(20,4)",YES,,
financedata,ccbondissuance,32,CB_LIST_RATIONDATE,varchar(8),YES,,
financedata,ccbondissuance,33,CB_LIST_RATIONCHKINDATE,varchar(8),YES,,
financedata,ccbondissuance,34,CB_LIST_RATIONPAYMTDATE,varchar(8),YES,,
financedata,ccbondissuance,35,CB_LIST_RATIONCODE,varchar(10),YES,,
financedata,ccbondissuance,36,CB_LIST_RATIONNAME,varchar(40),YES,,
financedata,ccbondissuance,37,CB_LIST_RATIONPRICE,"decimal(20,4)",YES,,
financedata,ccbondissuance,38,CB_LIST_RATIONRATIODE,"decimal(20,4)",YES,,
financedata,ccbondissuance,39,CB_LIST_RATIONRATIOMO,"decimal(20,4)",YES,,
financedata,ccbondissuance,40,CB_LIST_RATIONVOL,"decimal(20,4)",YES,,
financedata,ccbondissuance,41,CB_LIST_ORIGINALS,"decimal(20,4)",YES,,
financedata,ccbondissuance,42,CB_LIST_DTONL,varchar(8),YES,,
financedata,ccbondissuance,43,CB_LIST_PCHASECODEONL,varchar(10),YES,,
financedata,ccbondissuance,44,CB_LIST_PCHNAMEONL,varchar(40),YES,,
financedata,ccbondissuance,45,CB_LIST_PCHPRICEONL,"decimal(20,4)",YES,,
financedata,ccbondissuance,46,CB_LIST_ISSUEVOLONL,"decimal(20,4)",YES,,
financedata,ccbondissuance,47,CB_LIST_CODEONL,"decimal(20,4)",YES,,
financedata,ccbondissuance,48,CB_LIST_EXCESSPCHONL,"decimal(20,4)",YES,,
financedata,ccbondissuance,49,CB_RESULT_EFSUBSCRPOFF,"decimal(20,4)",YES,,
financedata,ccbondissuance,50,CB_RESULT_SUCRATEOFF,"decimal(20,4)",YES,,
financedata,ccbondissuance,51,CB_LIST_DATEINSTOFF,varchar(8),YES,,
financedata,ccbondissuance,52,CB_LIST_VOLINSTOFF,"decimal(20,4)",YES,,
financedata,ccbondissuance,53,CB_RESULT_SUCRATEON,"decimal(20,10)",YES,,
financedata,ccbondissuance,54,CB_LIST_EFFECTPCHVOLOFF,"decimal(20,4)",YES,,
financedata,ccbondissuance,55,CB_LIST_EFFPCHOF,"decimal(20,4)",YES,,
financedata,ccbondissuance,56,CB_LIST_SUCRATEOFF,"decimal(20,4)",YES,,
financedata,ccbondissuance,57,CB_LIST_PRERATIONVOL,"decimal(20,4)",YES,,
financedata,ccbondissuance,58,S_INFO_COMPCODE,varchar(40),YES,MUL,
financedata,ccbondissuance,59,CB_LIST_ISSUESIZE,"decimal(20,4)",YES,,
financedata,ccbondissuance,60,CB_LIST_ISSUEQUANTITY,"decimal(20,4)",YES,,
financedata,ccbondissuance,61,SEC_ID,varchar(10),YES,,
financedata,ccbondissuance,62,MINUNLINE_NO,"decimal(20,4)",YES,,
financedata,ccbondissuance,63,DEPUNLINE_RATIO,varchar(8),YES,,
financedata,ccbondissuance,64,MAXUNLINE_NO,"decimal(20,4)",YES,,
financedata,ccbondissuance,65,UNLINE_UD,varchar(40),YES,,
financedata,ccbondissuance,66,IS_CONVERTIBLE_BONDS,"decimal(1,0)",YES,,
financedata,ccbondissuance,67,MINUNLINE_PUBLIC,"decimal(20,4)",YES,,
financedata,ccbondissuance,68,MAXUNLINE_PUBLIC,"decimal(20,4)",YES,,
financedata,ccbondissuance,69,B_INFO_TERM_YEAR_,"decimal(10,0)",YES,,
financedata,ccbondissuance,70,B_INFO_INTERESTTYPE,varchar(20),YES,,
financedata,ccbondissuance,71,B_INFO_COUPONRATE,"decimal(20,4)",YES,,
financedata,ccbondissuance,72,B_INFO_INTERESTFREQUENCY,varchar(20),YES,,
financedata,ccbondissuance,73,CB_RESULT_SUCRATEON2,"decimal(24,8)",YES,,
financedata,ccbondissuance,74,B_INFO_COUPONTXT,varchar(1000),YES,,
financedata,ccbondissuance,75,S_RATIOANNCEDATE,varchar(8),YES,,
financedata,ccbondissuance,76,S_RATIODATE,varchar(8),YES,,
financedata,ccbondissuance,77,FIRSTPRELANDATE,varchar(8),YES,,
financedata,ccbondissuance,78,LEADUNDERWRITER,varchar(500),YES,,
financedata,ccbondissuance,79,COUNTERGUAR_INTRODUCTION,varchar(2000),YES,,
financedata,ccbondissuance,80,OPDATE,date,YES,MUL,
financedata,ccbondissuance,81,OPMODE,varchar(1),YES,,
financedata,ccbondredemptionpricerate,1,OBJECT_ID,varchar(100),NO,PRI,
financedata,ccbondredemptionpricerate,2,B_INFO_WINDCODE,varchar(40),YES,,
financedata,ccbondredemptionpricerate,3,B_INFO_REDEMPTIONPRICE,"decimal(20,4)",YES,,
financedata,ccbondredemptionpricerate,4,B_INFO_BGNDT,varchar(8),YES,,
financedata,ccbondredemptionpricerate,5,B_INFO_ENDDT,varchar(8),YES,,
financedata,ccbondredemptionpricerate,6,B_INFO_TRNSRT,"decimal(20,4)",YES,,
financedata,ccbondredemptionpricerate,7,OPDATE,date,YES,MUL,
financedata,ccbondredemptionpricerate,8,OPMODE,varchar(1),YES,,
financedata,ccbondrepurchasepricerate,1,OBJECT_ID,varchar(100),NO,PRI,
financedata,ccbondrepurchasepricerate,2,B_INFO_WINDCODE,varchar(40),YES,,
financedata,ccbondrepurchasepricerate,3,B_INFO_REPURCHASEPRICE,"decimal(20,4)",YES,,
financedata,ccbondrepurchasepricerate,4,B_INFO_BGNDT,varchar(8),YES,,
financedata,ccbondrepurchasepricerate,5,B_INFO_ENDDT,varchar(8),YES,,
financedata,ccbondrepurchasepricerate,6,B_INFO_TRNSRT,"decimal(20,4)",YES,,
financedata,ccbondrepurchasepricerate,7,OPDATE,date,YES,MUL,
financedata,ccbondrepurchasepricerate,8,OPMODE,varchar(1),YES,,
financedata,ccbondvaluation,1,OBJECT_ID,varchar(100),NO,PRI,
financedata,ccbondvaluation,2,S_INFO_WINDCODE,varchar(40),YES,MUL,
financedata,ccbondvaluation,3,TRADE_DT,varchar(8),YES,MUL,
financedata,ccbondvaluation,4,CB_ANAL_ACCRUEDDAYS,"decimal(20,4)",YES,,
financedata,ccbondvaluation,5,CB_ANAL_ACCRUEDINTEREST,"decimal(20,4)",YES,,
financedata,ccbondvaluation,6,CB_ANAL_PTM,"decimal(20,4)",YES,,
financedata,ccbondvaluation,7,CB_ANAL_CURYIELD,"decimal(20,4)",YES,,
financedata,ccbondvaluation,8,CB_ANAL_YTM,"decimal(20,4)",YES,,
financedata,ccbondvaluation,9,CB_ANAL_STRBVALUE,"decimal(20,4)",YES,,
financedata,ccbondvaluation,10,CB_ANAL_STRBPREMIUM,"decimal(20,4)",YES,,
financedata,ccbondvaluation,11,CB_ANAL_STRBPREMIUMRATIO,"decimal(20,4)",YES,,
financedata,ccbondvaluation,12,CB_ANAL_CONVPRICE,"decimal(20,4)",YES,,
financedata,ccbondvaluation,13,CB_ANAL_CONVRATIO,"decimal(20,6)",YES,,
financedata,ccbondvaluation,14,CB_ANAL_CONVVALUE,"decimal(20,4)",YES,,
financedata,ccbondvaluation,15,CB_ANAL_CONVPREMIUM,"decimal(20,4)",YES,,
financedata,ccbondvaluation,16,CB_ANAL_CONVPREMIUMRATIO,"decimal(20,4)",YES,,
financedata,ccbondvaluation,17,CB_ANAL_PARITYBASEPRICE,"decimal(20,4)",YES,,
financedata,ccbondvaluation,18,CB_ANAL_DILUTERATE,"decimal(20,8)",YES,,
financedata,ccbondvaluation,19,CB_ANAL_IMPLIEDVOL,"decimal(20,8)",YES,,
financedata,ccbondvaluation,20,OPDATE,date,YES,MUL,
financedata,ccbondvaluation,21,OPMODE,varchar(1),YES,,
financedata,ccbondvaluation,22,SEC_ID,varchar(10),YES,,
financedata,ccommodityfutureseodprices,1,OBJECT_ID,varchar(100),NO,PRI,
financedata,ccommodityfutureseodprices,2,S_INFO_WINDCODE,varchar(40),YES,MUL,
financedata,ccommodityfutureseodprices,3,TRADE_DT,varchar(8),YES,MUL,
financedata,ccommodityfutureseodprices,4,S_DQ_PRESETTLE,"decimal(20,4)",YES,,
financedata,ccommodityfutureseodprices,5,S_DQ_OPEN,"decimal(20,4)",YES,,
financedata,ccommodityfutureseodprices,6,S_DQ_HIGH,"decimal(20,4)",YES,,
financedata,ccommodityfutureseodprices,7,S_DQ_LOW,"decimal(20,4)",YES,,
financedata,ccommodityfutureseodprices,8,S_DQ_CLOSE,"decimal(20,4)",YES,,
financedata,ccommodityfutureseodprices,9,S_DQ_SETTLE,"decimal(20,4)",YES,,
financedata,ccommodityfutureseodprices,10,S_DQ_VOLUME,"decimal(20,4)",YES,,
financedata,ccommodityfutureseodprices,11,S_DQ_AMOUNT,"decimal(20,4)",YES,,
financedata,ccommodityfutureseodprices,12,S_DQ_OI,"decimal(20,4)",YES,,
financedata,ccommodityfutureseodprices,13,S_DQ_CHANGE,"decimal(20,4)",YES,,
financedata,ccommodityfutureseodprices,14,S_DQ_OICHANGE,"decimal(20,4)",YES,,
financedata,ccommodityfutureseodprices,15,FS_INFO_TYPE,varchar(10),YES,,
financedata,ccommodityfutureseodprices,16,OPDATE,date,YES,MUL,
financedata,ccommodityfutureseodprices,17,OPMODE,varchar(1),YES,,
financedata,cfundholdrestrictedcirculation,1,OBJECT_ID,varchar(38),NO,PRI,
financedata,cfundholdrestrictedcirculation,2,F_INFO_WINDCODE,varchar(40),YES,MUL,
financedata,cfundholdrestrictedcirculation,3,ENDDATE,varchar(8),YES,,
financedata,cfundholdrestrictedcirculation,4,F_INFO_RESTRICTEDCODE,varchar(20),YES,,
financedata,cfundholdrestrictedcirculation,5,PLACING_METHOD,varchar(40),YES,,
financedata,cfundholdrestrictedcirculation,6,PLACING_DATE,varchar(8),YES,,
financedata,cfundholdrestrictedcirculation,7,CIRCULATION_DATE,varchar(8),YES,,
financedata,cfundholdrestrictedcirculation,8,INVESTMENT_AMOUNT,"decimal(20,4)",YES,,
financedata,cfundholdrestrictedcirculation,9,YEAR_END_VALUATION,"decimal(20,4)",YES,,
financedata,cfundholdrestrictedcirculation,10,PLACING_QUANTITY,"decimal(20,4)",YES,,
financedata,cfundholdrestrictedcirculation,11,COST_TO_NET_WORTH,"decimal(20,4)",YES,,
financedata,cfundholdrestrictedcirculation,12,BOOK_VALUE_NET_WORTH,"decimal(20,4)",YES,,
financedata,cfundholdrestrictedcirculation,13,RESTRICTED_TYPE,varchar(60),YES,,
financedata,cfundholdrestrictedcirculation,14,OPDATE,date,YES,MUL,
financedata,cfundholdrestrictedcirculation,15,OPMODE,varchar(1),YES,,
financedata,cfundpchredm,1,OBJECT_ID,varchar(38),NO,PRI,
financedata,cfundpchredm,2,F_INFO_WINDCODE,varchar(40),YES,MUL,
financedata,cfundpchredm,3,F_INFO_ISSUEDATE,varchar(8),YES,,
financedata,cfundpchredm,4,F_INFO_SETUPDATE,varchar(8),YES,,
financedata,cfundpchredm,5,F_INFO_INVSHARE,"decimal(20,4)",YES,,
financedata,cfundpchredm,6,F_INFO_INVTOTRTO,"decimal(24,6)",YES,,
financedata,cfundpchredm,7,F_INFO_ISSUETYPE,"decimal(9,0)",YES,,
financedata,cfundpchredm,8,F_INFO_ISSUE_OBJECT,"decimal(9,0)",YES,,
financedata,cfundpchredm,9,F_INFO_SUB_MODE,"decimal(9,0)",YES,,
financedata,cfundpchredm,10,F_INFO_APPROVED_DATE,varchar(8),YES,,
financedata,cfundpchredm,11,F_INFO_TRADE,"decimal(1,0)",YES,,
financedata,cfundpchredm,12,F_INFO_FUNDMANAGEMENTCOMP,"decimal(1,0)",YES,,
financedata,cfundpchredm,13,F_INFO_SUSREDMDAY1,"decimal(20,4)",YES,,
financedata,cfundpchredm,14,F_INFO_SUSPCHDAY,"decimal(20,4)",YES,,
financedata,cfundpchredm,15,F_INFO_SUSREDMDAY2,"decimal(20,4)",YES,,
financedata,cfundpchredm,16,F_INFO_SUSREDMDAY3,"decimal(20,4)",YES,,
financedata,cfundpchredm,17,F_INFO_SUSPCHDAY1,"decimal(20,4)",YES,,
financedata,cfundpchredm,18,F_INFO_SUSREDMDAY4,"decimal(20,4)",YES,,
financedata,cfundpchredm,19,F_INFO_TYPECODE,"decimal(9,0)",YES,,
financedata,cfundpchredm,20,F_INFO_TDSETMTYPECODE,"decimal(9,0)",YES,,
financedata,cfundpchredm,21,F_INFO_VALMETCODE,"decimal(9,0)",YES,,
financedata,cfundpchredm,22,F_MINM_HOLDING_PRD,"decimal(20,4)",YES,,
financedata,cfundpchredm,23,OPDATE,date,YES,MUL,
financedata,cfundpchredm,24,OPMODE,varchar(1),YES,,
financedata,cfundportfoliochanges,1,OBJECT_ID,varchar(38),NO,PRI,
financedata,cfundportfoliochanges,2,F_INFO_WINDCODE,varchar(40),YES,MUL,
financedata,cfundportfoliochanges,3,ANN_DT,varchar(8),YES,MUL,
financedata,cfundportfoliochanges,4,REPORT_PERIOD,varchar(8),YES,MUL,
financedata,cfundportfoliochanges,5,S_INFO_WINDCODE,varchar(40),YES,MUL,
financedata,cfundportfoliochanges,6,CHANGE_TYPE,varchar(10),YES,,
financedata,cfundportfoliochanges,7,ACCUMULATED_AMOUNT,"decimal(20,4)",YES,,
financedata,cfundportfoliochanges,8,BEGIN_NET_ASSET_RATIO,"decimal(20,4)",YES,,
financedata,cfundportfoliochanges,9,OPDATE,date,YES,MUL,
financedata,cfundportfoliochanges,10,OPMODE,varchar(1),YES,,
financedata,cfundpreviousname,1,OBJECT_ID,varchar(38),NO,PRI,
financedata,cfundpreviousname,2,S_INFO_WINDCODE,varchar(40),YES,MUL,
financedata,cfundpreviousname,3,BEGINDATE,varchar(8),YES,,
financedata,cfundpreviousname,4,ENDDATE,varchar(8),YES,,
financedata,cfundpreviousname,5,ANN_DT,varchar(8),YES,MUL,
financedata,cfundpreviousname,6,S_INFO_NAME,varchar(50),YES,MUL,
financedata,cfundpreviousname,7,CHANGEREASON,"decimal(9,0)",YES,,
financedata,cfundpreviousname,8,OPDATE,date,YES,MUL,
financedata,cfundpreviousname,9,OPMODE,varchar(1),YES,,
financedata,cfundratesensitive,1,OBJECT_ID,varchar(38),NO,PRI,
financedata,cfundratesensitive,2,F_INFO_WINDCODE,varchar(40),YES,MUL,
financedata,cfundratesensitive,3,REPORT_PERIOD,varchar(8),YES,MUL,
financedata,cfundratesensitive,4,PRICE_FLUNCUATION,"decimal(20,4)",YES,,
financedata,cfundratesensitive,5,CHANGE_AMOUNT,"decimal(20,4)",YES,,
financedata,cfundratesensitive,6,TYPE_CODE,"decimal(9,0)",YES,,
financedata,cfundratesensitive,7,OPDATE,date,YES,MUL,
financedata,cfundratesensitive,8,OPMODE,varchar(1),YES,,
financedata,cfundstylecoefficient,1,OBJECT_ID,varchar(100),NO,PRI,
financedata,cfundstylecoefficient,2,S_INFO_WINDCODE,varchar(40),YES,MUL,
financedata,cfundstylecoefficient,3,S_CHANGE_DATE,varchar(8),YES,,
financedata,cfundstylecoefficient,4,DATE_CLOSING_DATE,varchar(8),YES,,
financedata,cfundstylecoefficient,5,STYLE_COEFFICIENT,"decimal(20,4)",YES,,
financedata,cfundstylecoefficient,6,GROWTH_Z,"decimal(20,4)",YES,,
financedata,cfundstylecoefficient,7,VALUE_Z,"decimal(20,4)",YES,,
financedata,cfundstylecoefficient,8,AVG_MARKET_VALUE,"decimal(20,4)",YES,,
financedata,cfundstylecoefficient,9,GROSS_OPER_REV,"decimal(20,4)",YES,,
financedata,cfundstylecoefficient,10,GROSS_OPER_NETPROFIT,"decimal(20,4)",YES,,
financedata,cfundstylecoefficient,11,VALUE_COEFFICIENT,"decimal(20,4)",YES,,
financedata,cfundstylecoefficient,12,OPDATE,date,YES,MUL,
financedata,cfundstylecoefficient,13,OPMODE,varchar(1),YES,,
financedata,cfundstylethreshold,1,OBJECT_ID,varchar(100),NO,PRI,
financedata,cfundstylethreshold,2,S_CHANGE_DATE,varchar(8),YES,,
financedata,cfundstylethreshold,3,THRESHOLD_LARGE_STOCK,"decimal(20,4)",YES,,
financedata,cfundstylethreshold,4,THRESHOLD_MID_STOCK,"decimal(20,4)",YES,,
financedata,cfundstylethreshold,5,THRESHOLD_GROWTH_STOCK,"decimal(20,4)",YES,,
financedata,cfundstylethreshold,6,THRESHOLD_VALUE_STOCK,"decimal(20,4)",YES,,
financedata,cfundstylethreshold,7,DATE_CLOSING_DATE,varchar(8),YES,,
financedata,cfundstylethreshold,8,OPDATE,date,YES,MUL,
financedata,cfundstylethreshold,9,OPMODE,varchar(1),YES,,
financedata,cfundwindindexmembers,1,OBJECT_ID,varchar(38),NO,PRI,
financedata,cfundwindindexmembers,2,S_CON_CODE,varchar(16),YES,,
financedata,cfundwindindexmembers,3,S_CON_NAME,varchar(100),YES,,
financedata,cfundwindindexmembers,4,S_INFO_WINDCODE,varchar(40),YES,MUL,
financedata,cfundwindindexmembers,5,OPDATE,date,YES,MUL,
financedata,cfundwindindexmembers,6,OPMODE,varchar(1),YES,,
financedata,cfundwindindexmembers,7,S_CON_INDATE,varchar(8),YES,MUL,
financedata,cfundwindindexmembers,8,CUR_SIGN,"decimal(1,0)",YES,,
financedata,cfundwindindexmembers,9,S_CON_OUTDATE,varchar(8),YES,,
financedata,cfuturescalendar,1,OBJECT_ID,varchar(100),NO,PRI,
financedata,cfuturescalendar,2,TRADE_DAYS,varchar(8),YES,,
financedata,cfuturescalendar,3,S_INFO_EXCHMARKET,varchar(40),YES,,
financedata,cfuturescalendar,4,OPDATE,date,YES,MUL,
financedata,cfuturescalendar,5,OPMODE,varchar(1),YES,,
financedata,cfuturesdescription,1,OBJECT_ID,varchar(100),NO,PRI,
financedata,cfuturesdescription,2,S_INFO_WINDCODE,varchar(40),YES,MUL,
financedata,cfuturesdescription,3,S_INFO_CODE,varchar(40),YES,,
financedata,cfuturesdescription,4,S_INFO_NAME,varchar(100),YES,MUL,
financedata,cfuturesdescription,5,S_INFO_ENAME,varchar(200),YES,,
financedata,cfuturesdescription,6,FS_INFO_SCCODE,varchar(50),YES,,
financedata,cfuturesdescription,7,FS_INFO_TYPE,"decimal(1,0)",YES,,
financedata,cfuturesdescription,8,FS_INFO_CCTYPE,"decimal(9,0)",YES,,
financedata,cfuturesdescription,9,S_INFO_EXCHMARKET,varchar(10),YES,,
financedata,cfuturesdescription,10,S_INFO_LISTDATE,varchar(8),YES,,
financedata,cfuturesdescription,11,S_INFO_DELISTDATE,varchar(8),YES,,
financedata,cfuturesdescription,12,FS_INFO_DLMONTH,varchar(8),YES,,
financedata,cfuturesdescription,13,FS_INFO_LPRICE,"decimal(20,4)",YES,,
financedata,cfuturesdescription,14,FS_INFO_LTDLDATE,varchar(8),YES,,
financedata,cfuturesdescription,15,S_INFO_FULLNAME,varchar(100),YES,,
financedata,cfuturesdescription,16,S_INFO_VOUCHERDATE,varchar(8),YES,,
financedata,cfuturesdescription,17,S_INFO_PAYMENTDATE,varchar(8),YES,,
financedata,cfuturesdescription,18,OPDATE,date,YES,MUL,
financedata,cfuturesdescription,19,OPMODE,varchar(1),YES,,
financedata,chinaclosedfundeodprice,1,OBJECT_ID,varchar(100),NO,PRI,
financedata,chinaclosedfundeodprice,2,S_INFO_WINDCODE,varchar(40),YES,MUL,
financedata,chinaclosedfundeodprice,3,TRADE_DT,varchar(8),YES,MUL,
financedata,chinaclosedfundeodprice,4,CRNCY_CODE,varchar(10),YES,,
financedata,chinaclosedfundeodprice,5,S_DQ_PRECLOSE,"decimal(20,4)",YES,,
financedata,chinaclosedfundeodprice,6,S_DQ_OPEN,"decimal(20,4)",YES,,
financedata,chinaclosedfundeodprice,7,S_DQ_HIGH,"decimal(20,4)",YES,,
financedata,chinaclosedfundeodprice,8,S_DQ_LOW,"decimal(20,4)",YES,,
financedata,chinaclosedfundeodprice,9,S_DQ_CLOSE,"decimal(20,4)",YES,,
financedata,chinaclosedfundeodprice,10,S_DQ_CHANGE,"decimal(20,4)",YES,,
financedata,chinaclosedfundeodprice,11,S_DQ_PCTCHANGE,"decimal(20,4)",YES,,
financedata,chinaclosedfundeodprice,12,S_DQ_VOLUME,"decimal(20,4)",YES,,
financedata,chinaclosedfundeodprice,13,S_DQ_AMOUNT,"decimal(20,4)",YES,,
financedata,chinaclosedfundeodprice,14,S_DQ_ADJPRECLOSE,"decimal(20,4)",YES,,
financedata,chinaclosedfundeodprice,15,S_DQ_ADJOPEN,"decimal(20,4)",YES,,
financedata,chinaclosedfundeodprice,16,S_DQ_ADJHIGH,"decimal(20,4)",YES,,
financedata,chinaclosedfundeodprice,17,S_DQ_ADJLOW,"decimal(20,4)",YES,,
financedata,chinaclosedfundeodprice,18,S_DQ_ADJCLOSE,"decimal(20,4)",YES,,
financedata,chinaclosedfundeodprice,19,S_DQ_ADJFACTOR,"decimal(20,6)",YES,,
financedata,chinaclosedfundeodprice,20,TRADES_COUNT,"decimal(20,4)",YES,,
financedata,chinaclosedfundeodprice,21,DISCOUNT_RATE,"decimal(20,6)",YES,,
financedata,chinaclosedfundeodprice,22,S_DQ_AVGPRICE,"decimal(20,4)",YES,,
financedata,chinaclosedfundeodprice,23,OPDATE,date,YES,MUL,
financedata,chinaclosedfundeodprice,24,OPMODE,varchar(1),YES,,
financedata,chinaetfinvestclass,1,OBJECT_ID,varchar(38),NO,PRI,
financedata,chinaetfinvestclass,2,S_INFO_SECTOR,varchar(16),YES,,
financedata,chinaetfinvestclass,3,S_INFO_NAME,varchar(100),YES,MUL,
financedata,chinaetfinvestclass,4,S_INFO_WINDCODE,varchar(40),YES,MUL,
financedata,chinaetfinvestclass,5,OPDATE,date,YES,MUL,
financedata,chinaetfinvestclass,6,OPMODE,varchar(1),YES,,
financedata,chinaetfpchredmlist,1,OBJECT_ID,varchar(100),NO,PRI,
financedata,chinaetfpchredmlist,2,S_INFO_WINDCODE,varchar(40),YES,MUL,
financedata,chinaetfpchredmlist,3,TRADE_DT,varchar(8),YES,MUL,
financedata,chinaetfpchredmlist,4,F_INFO_CASHDIF,"decimal(20,4)",YES,,
financedata,chinaetfpchredmlist,5,F_INFO_MINPRASET,"decimal(20,4)",YES,,
financedata,chinaetfpchredmlist,6,F_INFO_ESTICASH,"decimal(20,4)",YES,,
financedata,chinaetfpchredmlist,7,F_INFO_CASHSUBUPLIMIT,"decimal(20,4)",YES,,
financedata,chinaetfpchredmlist,8,F_INFO_MINPRUNITS,"decimal(20,4)",YES,,
financedata,chinaetfpchredmlist,9,F_INFO_PRPERMIT,"decimal(1,0)",YES,,
financedata,chinaetfpchredmlist,10,F_INFO_CONNUM,"decimal(20,4)",YES,,
financedata,chinaetfpchredmlist,11,F_INFO_PURCHASE_CAP,"decimal(20,4)",YES,,
financedata,chinaetfpchredmlist,12,F_INFO_REDEMPTION_CAP,"decimal(20,4)",YES,,
financedata,chinaetfpchredmlist,13,OPDATE,date,YES,MUL,
financedata,chinaetfpchredmlist,14,OPMODE,varchar(1),YES,,
financedata,chinaetfpchredmmembers,1,OBJECT_ID,varchar(100),NO,PRI,
financedata,chinaetfpchredmmembers,2,S_INFO_WINDCODE,varchar(40),YES,MUL,
financedata,chinaetfpchredmmembers,3,TRADE_DT,varchar(8),YES,MUL,
financedata,chinaetfpchredmmembers,4,S_CON_WINDCODE,varchar(40),YES,MUL,
financedata,chinaetfpchredmmembers,5,S_CON_STOCKNUMBER,"decimal(20,4)",YES,,
financedata,chinaetfpchredmmembers,6,F_INFO_CASHSUBSIGN,"decimal(1,0)",YES,,
financedata,chinaetfpchredmmembers,7,F_INFO_CASUBPREMRA,"decimal(20,4)",YES,,
financedata,chinaetfpchredmmembers,8,F_INFO_CASUBAMOUNT,"decimal(20,4)",YES,,
financedata,chinaetfpchredmmembers,9,CASUBPREDISC,"decimal(20,4)",YES,,
financedata,chinaetfpchredmmembers,10,REDMCASUBAMOUNT,"decimal(20,4)",YES,,
financedata,chinaetfpchredmmembers,11,OPDATE,date,YES,MUL,
financedata,chinaetfpchredmmembers,12,OPMODE,varchar(1),YES,,
financedata,chinafeederfund,1,OBJECT_ID,varchar(100),NO,PRI,
financedata,chinafeederfund,2,S_INFO_WINDCODE,varchar(40),YES,MUL,
financedata,chinafeederfund,3,F_INFO_FEEDER_WINDCODE,varchar(40),YES,,
financedata,chinafeederfund,4,F_INFO_WINDCODE,varchar(40),YES,MUL,
financedata,chinafeederfund,5,OPDATE,date,YES,MUL,
financedata,chinafeederfund,6,OPMODE,varchar(1),YES,,
financedata,chinamfperformance,1,OBJECT_ID,varchar(100),NO,PRI,
financedata,chinamfperformance,2,S_INFO_WINDCODE,varchar(40),YES,MUL,
financedata,chinamfperformance,3,TRADE_DT,varchar(8),YES,MUL,
financedata,chinamfperformance,4,F_AVGRETURN_THISWEEK,"decimal(20,6)",YES,,
financedata,chinamfperformance,5,F_AVGRETURN_THISMONTH,"decimal(20,6)",YES,,
financedata,chinamfperformance,6,F_AVGRETURN_THISQUARTER,"decimal(20,6)",YES,,
financedata,chinamfperformance,7,F_AVGRETURN_WEEK,"decimal(20,6)",YES,,
financedata,chinamfperformance,8,F_AVGRETURN_MONTH,"decimal(20,6)",YES,,
financedata,chinamfperformance,9,F_AVGRETURN_QUARTER,"decimal(20,6)",YES,,
financedata,chinamfperformance,10,F_AVGRETURN_HALFYEAR,"decimal(20,6)",YES,,
financedata,chinamfperformance,11,F_AVGRETURN_THISYEAR,"decimal(20,6)",YES,,
financedata,chinamfperformance,12,F_AVGRETURN_YEAR,"decimal(20,6)",YES,,
financedata,chinamfperformance,13,F_AVGRETURN_TWOYEA,"decimal(20,6)",YES,,
financedata,chinamfperformance,14,F_AVGRETURN_THREEYEAR,"decimal(20,6)",YES,,
financedata,chinamfperformance,15,F_AVGRETURN_FOURYEAR,"decimal(20,6)",YES,,
financedata,chinamfperformance,16,F_AVGRETURN_FIVEYEAR,"decimal(20,6)",YES,,
financedata,chinamfperformance,17,F_AVGRETURN_SIXYEAR,"decimal(20,6)",YES,,
financedata,chinamfperformance,18,F_AVGRETURN_SINCEFOUND,"decimal(20,6)",YES,,
financedata,chinamfperformance,19,F_ANNUALYEILD,"decimal(20,6)",YES,,
financedata,chinamfperformance,20,F_TRACKDEV_THISDAY,"decimal(20,6)",YES,,
financedata,chinamfperformance,21,F_SFRETURN_THISYEAR,"decimal(20,6)",YES,,
financedata,chinamfperformance,22,F_SFRANK_THISYEAR,"decimal(20,0)",YES,,
financedata,chinamfperformance,23,F_SFRETURN_RECENTQUARTER,"decimal(20,6)",YES,,
financedata,chinamfperformance,24,F_SFRANK_RECENTQUARTER,"decimal(20,0)",YES,,
financedata,chinamfperformance,25,F_SFRETURN_RECENTHALFYEAR,"decimal(20,6)",YES,,
financedata,chinamfperformance,26,F_SFRANK_RECENTHALFYEAR,"decimal(20,0)",YES,,
financedata,chinamfperformance,27,F_SFRETURN_RECENTYEAR,"decimal(20,6)",YES,,
financedata,chinamfperformance,28,F_SFRANK_RECENTYEAR,"decimal(20,0)",YES,,
financedata,chinamfperformance,29,F_SFRETURN_RECENTTWOYEAR,"decimal(20,6)",YES,,
financedata,chinamfperformance,30,F_SFRANK_RECENTTWOYEAR,"decimal(20,0)",YES,,
financedata,chinamfperformance,31,F_SFRETURN_RECENTTHREEYEAR,"decimal(20,6)",YES,,
financedata,chinamfperformance,32,F_SFRANK_RECENTTHREEYEAR,"decimal(20,0)",YES,,
financedata,chinamfperformance,33,F_SFRETURN_RECENTFIVEYEAR,"decimal(20,6)",YES,,
financedata,chinamfperformance,34,F_SFRANK_RECENTFIVEYEAR,"decimal(20,0)",YES,,
financedata,chinamfperformance,35,F_SFRETURN_SINCEFOUND,"decimal(20,6)",YES,,
financedata,chinamfperformance,36,F_SFRANK_SINCEFOUND,"decimal(20,0)",YES,,
financedata,chinamfperformance,37,F_SFANNUALYEILD,"decimal(20,6)",YES,,
financedata,chinamfperformance,38,F_SFRANK_ANNUALYEILD,"decimal(20,0)",YES,,
financedata,chinamfperformance,39,F_STDARDDEV_HALFYEAR,"decimal(20,6)",YES,,
financedata,chinamfperformance,40,F_STDARDDEV_YEAR,"decimal(20,6)",YES,,
financedata,chinamfperformance,41,F_STDARDDEV_TWOYEAR,"decimal(20,6)",YES,,
financedata,chinamfperformance,42,F_STDARDDEV_THREEYEAR,"decimal(20,6)",YES,,
financedata,chinamfperformance,43,F_STDARDDEV_FIVEYEAR,"decimal(20,6)",YES,,
financedata,chinamfperformance,44,F_STDARDDEV_SINCEFOUND,"decimal(20,6)",YES,,
financedata,chinamfperformance,45,F_SHARPRATIO_HALFYEAR,"decimal(20,6)",YES,,
financedata,chinamfperformance,46,F_SHARPRATIO_YEAR,"decimal(20,6)",YES,,
financedata,chinamfperformance,47,F_SHARPRATIO_TWOYEAR,"decimal(20,6)",YES,,
financedata,chinamfperformance,48,F_SHARPRATIO_THREEYEAR,"decimal(20,6)",YES,,
financedata,chinamfperformance,49,F_SFRETURN_RECENTWEEK,"decimal(20,6)",YES,,
financedata,chinamfperformance,50,F_SFRANK_RECENTWEEK,"decimal(20,0)",YES,,
financedata,chinamfperformance,51,F_SFRETURN_RECENTMONTH,"decimal(20,6)",YES,,
financedata,chinamfperformance,52,F_SFRANK_RECENTMONTH,"decimal(20,0)",YES,,
financedata,chinamfperformance,53,F_FUNDTYPE,varchar(50),YES,,
financedata,chinamfperformance,54,F_AVGRETURN_DAY,"decimal(20,6)",YES,,
financedata,chinamfperformance,55,F_SFRANK_THISYEART,varchar(50),YES,,
financedata,chinamfperformance,56,F_SFRANK_RECENTQUARTERT,varchar(50),YES,,
financedata,chinamfperformance,57,F_SFRANK_RECENTHALFYEART,varchar(50),YES,,
financedata,chinamfperformance,58,F_SFRANK_RECENTYEART,varchar(50),YES,,
financedata,chinamfperformance,59,F_SFRANK_RECENTTWOYEART,varchar(50),YES,,
financedata,chinamfperformance,60,F_SFRANK_RECENTTHREEYEART,varchar(50),YES,,
financedata,chinamfperformance,61,F_SFRANK_RECENTFIVEYEART,varchar(50),YES,,
financedata,chinamfperformance,62,F_SFRANK_SINCEFOUNDT,varchar(50),YES,,
financedata,chinamfperformance,63,F_SFRANK_ANNUALYEILDT,varchar(50),YES,,
financedata,chinamfperformance,64,F_SFRANK_RECENTWEEKT,varchar(50),YES,,
financedata,chinamfperformance,65,F_SFRANK_RECENTMONTHT,varchar(50),YES,,
financedata,chinamfperformance,66,F_BETA_6M,"decimal(20,8)",YES,,
financedata,chinamfperformance,67,F_BETA_1Y,"decimal(20,8)",YES,,
financedata,chinamfperformance,68,F_BETA_2Y,"decimal(20,8)",YES,,
financedata,chinamfperformance,69,F_BETA_3Y,"decimal(20,8)",YES,,
financedata,chinamfperformance,70,F_ALPHA_6M,"decimal(20,8)",YES,,
financedata,chinamfperformance,71,F_ALPHA_1Y,"decimal(20,8)",YES,,
financedata,chinamfperformance,72,F_ALPHA_2Y,"decimal(20,8)",YES,,
financedata,chinamfperformance,73,F_ALPHA_3Y,"decimal(20,8)",YES,,
financedata,chinamfperformance,74,F_SFRETURN_DAY,"decimal(20,6)",YES,,
financedata,chinamfperformance,75,F_SFRANK_DAY,"decimal(20,0)",YES,,
financedata,chinamfperformance,76,F_SFRANK_DAYT,varchar(50),YES,,
financedata,chinamfperformance,77,F_ANNUALYEILD_SINCEFOUND,"decimal(20,6)",YES,,
financedata,chinamfperformance,78,F_MAXDOWNSIDE_QUARTER,"decimal(20,8)",YES,,
financedata,chinamfperformance,79,F_MAXDOWNSIDE_HALFYEAR,"decimal(20,8)",YES,,
financedata,chinamfperformance,80,F_MAXDOWNSIDE_YEAR,"decimal(20,8)",YES,,
financedata,chinamfperformance,81,F_MAXDOWNSIDE_TWOYEAR,"decimal(20,8)",YES,,
financedata,chinamfperformance,82,F_MAXDOWNSIDE_THREEYEAR,"decimal(20,8)",YES,,
financedata,chinamfperformance,83,F_MAXDOWNSIDE_THISYEART,"decimal(20,8)",YES,,
financedata,chinamfperformance,84,F_MAXDOWNSIDE_SINCEFOUND,"decimal(20,8)",YES,,
financedata,chinamfperformance,85,F_MAXDOWNSIDE_THISWEEK,"decimal(20,8)",YES,,
financedata,chinamfperformance,86,F_MAXDOWNSIDE_THISMONTH,"decimal(20,8)",YES,,
financedata,chinamfperformance,87,F_INFORATIO_THISWEEK,"decimal(20,8)",YES,,
financedata,chinamfperformance,88,F_INFORATIO_THISMONTH,"decimal(20,8)",YES,,
financedata,chinamfperformance,89,F_INFORATIO_QUARTER,"decimal(20,8)",YES,,
financedata,chinamfperformance,90,F_INFORATIO_HALFYEAR,"decimal(20,8)",YES,,
financedata,chinamfperformance,91,F_INFORATIO_YEAR,"decimal(20,8)",YES,,
financedata,chinamfperformance,92,F_INFORATIO_TWOYEAR,"decimal(20,8)",YES,,
financedata,chinamfperformance,93,F_INFORATIO_THREEYEAR,"decimal(20,8)",YES,,
financedata,chinamfperformance,94,F_INFORATIO_FIVEYEAR,"decimal(20,8)",YES,,
financedata,chinamfperformance,95,F_INFORATIO_THISYEART,"decimal(20,8)",YES,,
financedata,chinamfperformance,96,F_INFORATIO_SINCEFOUND,"decimal(20,8)",YES,,
financedata,chinamfperformance,97,F_SHARPRATIO_SINCEFOUND,"decimal(20,6)",YES,,
financedata,chinamfperformance,98,F_SHARPRATIO_ONEMONTH,"decimal(20,8)",YES,,
financedata,chinamfperformance,99,F_SHARPRATIO_RECENTQUARTERT,"decimal(20,8)",YES,,
financedata,chinamfperformance,100,F_SHARPRATIO_THISYEAR,"decimal(20,8)",YES,,
financedata,chinamfperformance,101,BETA_ONEMONTH,"decimal(20,8)",YES,,
financedata,chinamfperformance,102,BETA_RECENTQUARTERT,"decimal(20,8)",YES,,
financedata,chinamfperformance,103,BETA_THISYEAR,"decimal(20,8)",YES,,
financedata,chinamfperformance,104,BETA_SINCEFOUND,"decimal(20,8)",YES,,
financedata,chinamfperformance,105,ALPHA_ONEMONTH,"decimal(20,8)",YES,,
financedata,chinamfperformance,106,ALPHA_RECENTQUARTERT,"decimal(20,8)",YES,,
financedata,chinamfperformance,107,ALPHA_THISYEAR,"decimal(20,8)",YES,,
financedata,chinamfperformance,108,ALPHA_SINCEFOUND,"decimal(20,8)",YES,,
financedata,chinamfperformance,109,F_STDARDDEV_ONEMONTH,"decimal(20,8)",YES,,
financedata,chinamfperformance,110,F_STDARDDEV_RECENTQUARTERT,"decimal(20,8)",YES,,
financedata,chinamfperformance,111,F_STDARDDEV_THISYEAR,"decimal(20,8)",YES,,
financedata,chinamfperformance,112,F_SFRANK_SINCETQUARTER,varchar(20),YES,,
financedata,chinamfperformance,113,OPDATE,date,YES,MUL,
financedata,chinamfperformance,114,OPMODE,varchar(1),YES,,
financedata,chinamutualfundassetportfolio,1,OBJECT_ID,varchar(100),NO,PRI,
financedata,chinamutualfundassetportfolio,2,S_INFO_WINDCODE,varchar(40),YES,MUL,
financedata,chinamutualfundassetportfolio,3,F_PRT_ENDDATE,varchar(8),YES,MUL,
financedata,chinamutualfundassetportfolio,4,CRNCY_CODE,varchar(10),YES,,
financedata,chinamutualfundassetportfolio,5,F_PRT_TOTALASSET,"decimal(20,4)",YES,,
financedata,chinamutualfundassetportfolio,6,F_PRT_NETASSET,"decimal(20,4)",YES,,
financedata,chinamutualfundassetportfolio,7,F_PRT_STOCKVALUE,"decimal(20,4)",YES,,
financedata,chinamutualfundassetportfolio,8,F_PRT_STOCKTONAV,"decimal(20,4)",YES,,
financedata,chinamutualfundassetportfolio,9,F_PRT_PASVSTKVALUE,"decimal(15,2)",YES,,
financedata,chinamutualfundassetportfolio,10,F_PRT_PASVSTKTONAV,"decimal(20,4)",YES,,
financedata,chinamutualfundassetportfolio,11,F_PRT_POSVSTKVALUE,"decimal(20,4)",YES,,
financedata,chinamutualfundassetportfolio,12,F_PRT_POSVSTKTONAV,"decimal(20,4)",YES,,
financedata,chinamutualfundassetportfolio,13,F_PRT_GOVBOND,"decimal(20,4)",YES,,
financedata,chinamutualfundassetportfolio,14,F_PRT_GOVBONDTONAV,"decimal(20,4)",YES,,
financedata,chinamutualfundassetportfolio,15,F_PRT_CASH,"decimal(20,4)",YES,,
financedata,chinamutualfundassetportfolio,16,F_PRT_CASHTONAV,"decimal(20,4)",YES,,
financedata,chinamutualfundassetportfolio,17,F_PRT_GOVCASHVALUE,"decimal(20,4)",YES,,
financedata,chinamutualfundassetportfolio,18,F_PRT_GOVCASHTONAV,"decimal(20,4)",YES,,
financedata,chinamutualfundassetportfolio,19,F_PRT_BDVALUE_NOGOV,"decimal(20,4)",YES,,
financedata,chinamutualfundassetportfolio,20,F_PRT_BDTONAV_NOGOV,"decimal(20,4)",YES,,
financedata,chinamutualfundassetportfolio,21,F_PRT_FINANBOND,"decimal(20,4)",YES,,
financedata,chinamutualfundassetportfolio,22,F_PRT_FINANBONDTONAV,"decimal(20,4)",YES,,
financedata,chinamutualfundassetportfolio,23,F_PRT_COVERTBOND,"decimal(15,2)",YES,,
financedata,chinamutualfundassetportfolio,24,F_PRT_COVERTBONDTONAV,"decimal(20,4)",YES,,
financedata,chinamutualfundassetportfolio,25,F_PRT_CORPBOND,"decimal(20,4)",YES,,
financedata,chinamutualfundassetportfolio,26,F_PRT_CORPBONDTONAV,"decimal(20,4)",YES,,
financedata,chinamutualfundassetportfolio,27,F_PRT_BONDVALUE,"decimal(20,4)",YES,,
financedata,chinamutualfundassetportfolio,28,F_PRT_BONDTONAV,"decimal(20,4)",YES,,
financedata,chinamutualfundassetportfolio,29,F_PRT_CTRBANKBILL,"decimal(20,4)",YES,,
financedata,chinamutualfundassetportfolio,30,F_PRT_CTRBANKBILLTONAV,"decimal(20,4)",YES,,
financedata,chinamutualfundassetportfolio,31,F_PRT_WARRANTVALUE,"decimal(20,4)",YES,,
financedata,chinamutualfundassetportfolio,32,F_PRT_WARRANTONAV,"decimal(20,4)",YES,,
financedata,chinamutualfundassetportfolio,33,F_PRT_ABSVALUE,"decimal(20,4)",YES,,
financedata,chinamutualfundassetportfolio,34,F_PRT_ABSVALUETONAV,"decimal(20,4)",YES,,
financedata,chinamutualfundassetportfolio,35,F_PRT_POLIFINANBDVALUE,"decimal(20,4)",YES,,
financedata,chinamutualfundassetportfolio,36,F_PRT_POLIFINANBDTONAV,"decimal(20,4)",YES,,
financedata,chinamutualfundassetportfolio,37,F_PRT_FUNDVALUE,"decimal(20,4)",YES,,
financedata,chinamutualfundassetportfolio,38,F_PRT_FUNDTONAV,"decimal(20,4)",YES,,
financedata,chinamutualfundassetportfolio,39,F_PRT_MMVALUE,"decimal(20,4)",YES,,
financedata,chinamutualfundassetportfolio,40,F_PRT_MMTONAV,"decimal(20,4)",YES,,
financedata,chinamutualfundassetportfolio,41,F_PRT_OTHER,"decimal(20,4)",YES,,
financedata,chinamutualfundassetportfolio,42,F_PRT_OTHERTONAV,"decimal(20,4)",YES,,
financedata,chinamutualfundassetportfolio,43,F_PRT_DEBCREBALANCE,"decimal(20,4)",YES,,
financedata,chinamutualfundassetportfolio,44,F_MMF_AVGPTM,"decimal(20,4)",YES,,
financedata,chinamutualfundassetportfolio,45,F_MMF_REVERSEREPO,"decimal(20,4)",YES,,
financedata,chinamutualfundassetportfolio,46,F_MMF_REPO,"decimal(20,4)",YES,,
financedata,chinamutualfundassetportfolio,47,F_PRT_STOCKTOTOT,"decimal(20,4)",YES,,
financedata,chinamutualfundassetportfolio,48,F_PRT_BONDTOTOT,"decimal(20,4)",YES,,
financedata,chinamutualfundassetportfolio,49,F_PRT_CASHTOTOT,"decimal(20,4)",YES,,
financedata,chinamutualfundassetportfolio,50,F_PRT_OTHERTOTOT,"decimal(20,4)",YES,,
financedata,chinamutualfundassetportfolio,51,F_PRT_WARRANTOTOT,"decimal(20,4)",YES,,
financedata,chinamutualfundassetportfolio,52,F_PRT_FUNDTOTOT,"decimal(20,4)",YES,,
financedata,chinamutualfundassetportfolio,53,F_PRT_MMTOTOT,"decimal(20,4)",YES,,
financedata,chinamutualfundassetportfolio,54,F_PRT_STOCKTONAVCHANGE,"decimal(20,4)",YES,,
financedata,chinamutualfundassetportfolio,55,F_PRT_BONDTONAVCHANGE,"decimal(20,4)",YES,,
financedata,chinamutualfundassetportfolio,56,F_PRT_CASHTONAVCHANGE,"decimal(20,4)",YES,,
financedata,chinamutualfundassetportfolio,57,F_PRT_OTHERTOTOTCHANGE,"decimal(20,4)",YES,,
financedata,chinamutualfundassetportfolio,58,F_PRT_CPVALUE,"decimal(20,4)",YES,,
financedata,chinamutualfundassetportfolio,59,F_PRT_MTNVALUE,"decimal(20,4)",YES,,
financedata,chinamutualfundassetportfolio,60,F_PRT_CDS,"decimal(20,4)",YES,,
financedata,chinamutualfundassetportfolio,61,F_PRT_HKSTOCKVALUE,"decimal(20,4)",YES,,
financedata,chinamutualfundassetportfolio,62,F_PRT_HKSTOCKTONAV,"decimal(20,4)",YES,,
financedata,chinamutualfundassetportfolio,63,F_ANN_DATE,varchar(8),YES,,
financedata,chinamutualfundassetportfolio,64,F_PRT_REVERSEREPOTOTOT,"decimal(20,4)",YES,,
financedata,chinamutualfundassetportfolio,65,F_PRT_REVERSEREPOTONAV,"decimal(20,4)",YES,,
financedata,chinamutualfundassetportfolio,66,OPDATE,date,YES,MUL,
financedata,chinamutualfundassetportfolio,67,OPMODE,varchar(1),YES,,
financedata,chinamutualfundbenchmark,1,OBJECT_ID,varchar(100),NO,PRI,
financedata,chinamutualfundbenchmark,2,S_INFO_WINDCODE,varchar(40),YES,MUL,
financedata,chinamutualfundbenchmark,3,S_INFO_INDEXWINDCODE,varchar(40),YES,MUL,
financedata,chinamutualfundbenchmark,4,S_INFO_BGNDT,varchar(8),YES,,
financedata,chinamutualfundbenchmark,5,S_INFO_ENDDT,varchar(8),YES,,
financedata,chinamutualfundbenchmark,6,S_INFO_INDEXWEG,"decimal(20,4)",YES,,
financedata,chinamutualfundbenchmark,7,S_INFO_OPERATORS,varchar(20),YES,,
financedata,chinamutualfundbenchmark,8,S_INFO_CONSTANT,"decimal(20,4)",YES,,
financedata,chinamutualfundbenchmark,9,S_INFO_AFTERTAXORNOT,"decimal(1,0)",YES,,
financedata,chinamutualfundbenchmark,10,CUR_SIGN,"decimal(1,0)",YES,,
financedata,chinamutualfundbenchmark,11,ANN_DT,varchar(8),YES,MUL,
financedata,chinamutualfundbenchmark,12,S_INFO_FXCODE,varchar(40),YES,,
financedata,chinamutualfundbenchmark,13,S_INC_SEQUENCE,"decimal(2,0)",YES,,
financedata,chinamutualfundbenchmark,14,SEC_ID,varchar(10),YES,,
financedata,chinamutualfundbenchmark,15,SEC_ID2,varchar(10),YES,,
financedata,chinamutualfundbenchmark,16,OPDATE,date,YES,MUL,
financedata,chinamutualfundbenchmark,17,OPMODE,varchar(1),YES,,
financedata,chinamutualfundbenchmarkeod,1,OBJECT_ID,varchar(100),NO,PRI,
financedata,chinamutualfundbenchmarkeod,2,S_INFO_WINDCODE,varchar(40),YES,MUL,
financedata,chinamutualfundbenchmarkeod,3,TRADE_DT,varchar(8),YES,MUL,
financedata,chinamutualfundbenchmarkeod,4,S_DQ_CLOSE,"decimal(20,8)",YES,,
financedata,chinamutualfundbenchmarkeod,5,S_DQ_PCTCHANGE,"decimal(20,8)",YES,,
financedata,chinamutualfundbenchmarkeod,6,OPDATE,date,YES,MUL,
financedata,chinamutualfundbenchmarkeod,7,OPMODE,varchar(1),YES,,
financedata,chinamutualfundbondportfolio,1,OBJECT_ID,varchar(100),NO,PRI,
financedata,chinamutualfundbondportfolio,2,S_INFO_WINDCODE,varchar(40),YES,MUL,
financedata,chinamutualfundbondportfolio,3,F_PRT_ENDDATE,varchar(8),YES,MUL,
financedata,chinamutualfundbondportfolio,4,CRNCY_CODE,varchar(10),YES,,
financedata,chinamutualfundbondportfolio,5,S_INFO_BONDWINDCODE,varchar(40),YES,,
financedata,chinamutualfundbondportfolio,6,F_PRT_BDVALUE,"decimal(20,4)",YES,,
financedata,chinamutualfundbondportfolio,7,F_PRT_BDQUANTITY,"decimal(20,4)",YES,,
financedata,chinamutualfundbondportfolio,8,F_PRT_BDVALUETONAV,"decimal(20,4)",YES,,
financedata,chinamutualfundbondportfolio,9,F_ANN_DATE,varchar(8),YES,,
financedata,chinamutualfundbondportfolio,10,OPDATE,date,YES,MUL,
financedata,chinamutualfundbondportfolio,11,OPMODE,varchar(1),YES,,
financedata,chinamutualfunddescription,1,OBJECT_ID,varchar(100),NO,PRI,
financedata,chinamutualfunddescription,2,F_INFO_WINDCODE,varchar(40),YES,MUL,
financedata,chinamutualfunddescription,3,F_INFO_FRONT_CODE,varchar(40),YES,,
financedata,chinamutualfunddescription,4,F_INFO_BACKEND_CODE,varchar(40),YES,,
financedata,chinamutualfunddescription,5,F_INFO_FULLNAME,varchar(100),YES,,
financedata,chinamutualfunddescription,6,F_INFO_NAME,varchar(100),YES,MUL,
financedata,chinamutualfunddescription,7,F_INFO_CORP_FUNDMANAGEMENTCOMP,varchar(100),YES,,
financedata,chinamutualfunddescription,8,F_INFO_CUSTODIANBANK,varchar(100),YES,,
financedata,chinamutualfunddescription,9,F_INFO_FIRSTINVESTTYPE,varchar(40),YES,,
financedata,chinamutualfunddescription,10,F_INFO_SETUPDATE,varchar(8),YES,,
financedata,chinamutualfunddescription,11,F_INFO_MATURITYDATE,varchar(8),YES,,
financedata,chinamutualfunddescription,12,F_ISSUE_TOTALUNIT,"decimal(26,10)",YES,,
financedata,chinamutualfunddescription,13,F_INFO_MANAGEMENTFEERATIO,"decimal(20,4)",YES,,
financedata,chinamutualfunddescription,14,F_INFO_CUSTODIANFEERATIO,"decimal(20,4)",YES,,
financedata,chinamutualfunddescription,15,CRNY_CODE,varchar(10),YES,,
financedata,chinamutualfunddescription,16,F_INFO_PTMYEAR,"decimal(20,4)",YES,,
financedata,chinamutualfunddescription,17,F_ISSUE_OEF_STARTDATEINST,varchar(8),YES,,
financedata,chinamutualfunddescription,18,F_ISSUE_OEF_DNDDATEINST,varchar(8),YES,,
financedata,chinamutualfunddescription,19,F_INFO_PARVALUE,"decimal(20,4)",YES,,
financedata,chinamutualfunddescription,20,F_INFO_TRUSTTYPE,varchar(40),YES,,
financedata,chinamutualfunddescription,21,F_INFO_TRUSTEE,varchar(100),YES,,
financedata,chinamutualfunddescription,22,F_PCHREDM_PCHSTARTDATE,varchar(8),YES,,
financedata,chinamutualfunddescription,23,F_INFO_REDMSTARTDATE,varchar(8),YES,,
financedata,chinamutualfunddescription,24,F_INFO_MINBUYAMOUNT,"decimal(20,6)",YES,,
financedata,chinamutualfunddescription,25,F_INFO_EXPECTEDRATEOFRETURN,"decimal(20,4)",YES,,
financedata,chinamutualfunddescription,26,F_INFO_ISSUINGPLACE,varchar(100),YES,,
financedata,chinamutualfunddescription,27,F_INFO_BENCHMARK,varchar(500),YES,,
financedata,chinamutualfunddescription,28,F_INFO_STATUS,"decimal(9,0)",YES,,
financedata,chinamutualfunddescription,29,F_INFO_RESTRICTEDORNOT,varchar(20),YES,,
financedata,chinamutualfunddescription,30,F_INFO_STRUCTUREDORNOT,"decimal(1,0)",YES,,
financedata,chinamutualfunddescription,31,F_INFO_EXCHMARKET,varchar(10),YES,,
financedata,chinamutualfunddescription,32,F_INFO_FIRSTINVESTSTYLE,varchar(20),YES,MUL,
financedata,chinamutualfunddescription,33,F_INFO_ISSUEDATE,varchar(8),YES,,
financedata,chinamutualfunddescription,34,F_INFO_TYPE,varchar(20),YES,,
financedata,chinamutualfunddescription,35,F_INFO_ISINITIAL,"decimal(5,0)",YES,,
financedata,chinamutualfunddescription,36,F_INFO_PINYIN,varchar(40),YES,,
financedata,chinamutualfunddescription,37,F_INFO_INVESTSCOPE,varchar(3000),YES,,
financedata,chinamutualfunddescription,38,F_INFO_INVESTOBJECT,varchar(1000),YES,,
financedata,chinamutualfunddescription,39,F_INFO_INVESTCONCEPTION,varchar(2000),YES,,
financedata,chinamutualfunddescription,40,F_INFO_DECISION_BASIS,varchar(2000),YES,,
financedata,chinamutualfunddescription,41,IS_INDEXFUND,"decimal(5,0)",YES,,
financedata,chinamutualfunddescription,42,F_INFO_DELISTDATE,varchar(8),YES,,
financedata,chinamutualfunddescription,43,F_INFO_CORP_FUNDMANAGEMENTID,varchar(10),YES,,
financedata,chinamutualfunddescription,44,F_INFO_CUSTODIANBANKID,varchar(40),YES,,
financedata,chinamutualfunddescription,45,MAX_NUM_HOLDER,"decimal(20,4)",YES,,
financedata,chinamutualfunddescription,46,MAX_NUM_COLTARGET,"decimal(20,4)",YES,,
financedata,chinamutualfunddescription,47,INVESTSTRATEGY,longtext,YES,,
financedata,chinamutualfunddescription,48,RISK_RETURN,longtext,YES,,
financedata,chinamutualfunddescription,49,F_PCHREDM_PCHMINAMT,"decimal(20,4)",YES,,
financedata,chinamutualfunddescription,50,F_PCHREDM_PCHMINAMT_EX,"decimal(20,4)",YES,,
financedata,chinamutualfunddescription,51,F_INFO_LISTDATE,varchar(8),YES,,
financedata,chinamutualfunddescription,52,F_INFO_ANNDATE,varchar(8),YES,,
financedata,chinamutualfunddescription,53,F_CLOSED_OPERATION_PERIOD,"decimal(20,4)",YES,,
financedata,chinamutualfunddescription,54,F_CLOSED_OPERATION_INTERVAL,"decimal(20,4)",YES,,
financedata,chinamutualfunddescription,55,F_INFO_REGISTRANT,varchar(10),YES,,
financedata,chinamutualfunddescription,56,F_PERSONAL_STARTDATEIND,varchar(8),YES,,
financedata,chinamutualfunddescription,57,F_PERSONAL_ENDDATEIND,varchar(8),YES,,
financedata,chinamutualfunddescription,58,F_INFO_FUND_ID,varchar(100),YES,,
financedata,chinamutualfunddescription,59,F_SALES_SERVICE_RATE,"decimal(20,4)",YES,,
financedata,chinamutualfunddescription,60,F_INVESTMENT_AREA,varchar(30),YES,,
financedata,chinamutualfunddescription,61,CLOSE_INSTITU_OEF_DOWN,"decimal(20,6)",YES,,
financedata,chinamutualfunddescription,62,CLOSE_INSTITU_OEF_UP,"decimal(20,4)",YES,,
financedata,chinamutualfunddescription,63,S_FELLOW_DISTOR,"decimal(20,4)",YES,,
financedata,chinamutualfunddescription,64,F_PERSONAL_SUBTYPE,varchar(100),YES,,
financedata,chinamutualfunddescription,65,CLOSE_INSTITU_SUBTYPE,varchar(100),YES,,
financedata,chinamutualfunddescription,66,F_INVESTMENT_AREA_DESC,varchar(1000),YES,,
financedata,chinamutualfunddescription,67,CUSTODY_ENDDATE,varchar(8),YES,,
financedata,chinamutualfunddescription,68,FORINS_CUSTODIAN,varchar(200),YES,,
financedata,chinamutualfunddescription,69,LISTEDFUNDORNOT,"decimal(1,0)",YES,,
financedata,chinamutualfunddescription,70,SEC_ID,varchar(10),YES,,
financedata,chinamutualfunddescription,71,OPDATE,date,YES,MUL,
financedata,chinamutualfunddescription,72,OPMODE,varchar(1),YES,,
financedata,chinamutualfundfloatshare,1,OBJECT_ID,varchar(100),NO,PRI,
financedata,chinamutualfundfloatshare,2,S_INFO_WINDCODE,varchar(40),YES,MUL,
financedata,chinamutualfundfloatshare,3,TRADE_DT,varchar(8),YES,MUL,
financedata,chinamutualfundfloatshare,4,F_UNIT_FLOATSHARE,"decimal(20,4)",YES,,
financedata,chinamutualfundfloatshare,5,OPDATE,date,YES,MUL,
financedata,chinamutualfundfloatshare,6,OPMODE,varchar(1),YES,,
financedata,chinamutualfundfloatshare,7,END_DT,varchar(8),YES,MUL,
financedata,chinamutualfundfloatshare,8,SEC_ID,varchar(10),YES,,
financedata,chinamutualfundfloatshare,9,S_INFO_OUTERCODE,varchar(40),YES,,
financedata,chinamutualfundfloatshare,10,S_INFO_INNERCODE,varchar(40),YES,,
financedata,chinamutualfundindportfolio,1,OBJECT_ID,varchar(100),NO,PRI,
financedata,chinamutualfundindportfolio,2,S_INFO_WINDCODE,varchar(40),YES,MUL,
financedata,chinamutualfundindportfolio,3,F_PRT_ENDDATE,varchar(8),YES,MUL,
financedata,chinamutualfundindportfolio,4,S_INFO_CSRCINDUSCODE,varchar(40),YES,,
financedata,chinamutualfundindportfolio,5,F_PRT_INDUSVALUE,"decimal(20,4)",YES,,
financedata,chinamutualfundindportfolio,6,F_PRT_INDUSTONAV,"decimal(20,4)",YES,,
financedata,chinamutualfundindportfolio,7,F_PRT_INDPOSVALUE,"decimal(20,4)",YES,,
financedata,chinamutualfundindportfolio,8,F_PRT_INDPOSPRO,"decimal(20,4)",YES,,
financedata,chinamutualfundindportfolio,9,F_PRT_INDPASSIVEVALUE,"decimal(20,4)",YES,,
financedata,chinamutualfundindportfolio,10,F_PRT_INDPASSIVEPRO,"decimal(20,4)",YES,,
financedata,chinamutualfundindportfolio,11,F_PRT_INDUSTONAVCHANGE,"decimal(20,4)",YES,,
financedata,chinamutualfundindportfolio,12,S_INFO_CSRCINDUSNAME,varchar(50),YES,,
financedata,chinamutualfundindportfolio,13,F_ANN_DATE,varchar(8),YES,,
financedata,chinamutualfundindportfolio,14,OPDATE,date,YES,MUL,
financedata,chinamutualfundindportfolio,15,OPMODE,varchar(1),YES,,
financedata,chinamutualfundissue,1,OBJECT_ID,varchar(100),NO,PRI,
financedata,chinamutualfundissue,2,S_INFO_WINDCODE,varchar(40),YES,MUL,
financedata,chinamutualfundissue,3,F_INFO_CHINESENAME,varchar(100),YES,,
financedata,chinamutualfundissue,4,F_INFO_ENGLISHNAME,varchar(200),YES,,
financedata,chinamutualfundissue,5,F_INFO_SHORTNAME,varchar(50),YES,,
financedata,chinamutualfundissue,6,F_INFO_MGRCOMP,varchar(100),YES,,
financedata,chinamutualfundissue,7,F_INFO_CUSTODIANBANK,varchar(100),YES,,
financedata,chinamutualfundissue,8,F_INFO_TYPE,"decimal(9,0)",YES,,
financedata,chinamutualfundissue,9,F_INFO_INVESTYPE,"decimal(9,0)",YES,,
financedata,chinamutualfundissue,10,F_ISSUE_DATE,varchar(8),YES,,
financedata,chinamutualfundissue,11,F_ISSUE_COLPERIOD,varchar(10),YES,,
financedata,chinamutualfundissue,12,F_ISSUE_MAXCOLSHARE,"decimal(20,4)",YES,,
financedata,chinamutualfundissue,13,F_ISSUE_NETPCHSHARE,"decimal(20,4)",YES,,
financedata,chinamutualfundissue,14,F_ISSUE_NETPCHNUM,"decimal(20,4)",YES,,
financedata,chinamutualfundissue,15,F_INFO_PARVALUE,"decimal(20,4)",YES,,
financedata,chinamutualfundissue,16,F_INFO_PTMYEAR,"decimal(20,4)",YES,,
financedata,chinamutualfundissue,17,F_INFO_MANAFEERATIO,"decimal(20,4)",YES,,
financedata,chinamutualfundissue,18,F_INFO_CUSTFEERATIO,"decimal(20,4)",YES,,
financedata,chinamutualfundissue,19,F_INFO_SALEFEERATIO,"decimal(20,4)",YES,,
financedata,chinamutualfundissue,20,F_INFO_SETUPDATE,varchar(8),YES,,
financedata,chinamutualfundissue,21,F_INFO_MATURITYDATE,varchar(8),YES,,
financedata,chinamutualfundissue,22,F_ISSUE_SHARES,"decimal(20,4)",YES,,
financedata,chinamutualfundissue,23,S_FELLOW_DISTOR,"decimal(20,4)",YES,,
financedata,chinamutualfundissue,24,F_INFO_LISTDATE,varchar(8),YES,,
financedata,chinamutualfundissue,25,F_PCH_STARTDATE,varchar(8),YES,,
financedata,chinamutualfundissue,26,F_REDM_STARTDATE,varchar(8),YES,,
financedata,chinamutualfundissue,27,F_ISSUE_STARTDATEIND,varchar(8),YES,,
financedata,chinamutualfundissue,28,F_ISSUE_ENDDATEIND,varchar(8),YES,,
financedata,chinamutualfundissue,29,F_ISSUE_MINAMTIND,"decimal(20,4)",YES,,
financedata,chinamutualfundissue,30,F_ISSUE_MAXAMTIND,"decimal(20,4)",YES,,
financedata,chinamutualfundissue,31,F_PCHREDM_PCHMINAMT,"decimal(22,6)",YES,,
financedata,chinamutualfundissue,32,F_PCHREDM_REDMMINAMT,"decimal(20,4)",YES,,
financedata,chinamutualfundissue,33,F_PCHREDM_HUGEREDMPRO,"decimal(20,4)",YES,,
financedata,chinamutualfundissue,34,CRNCY_CODE,varchar(10),YES,,
financedata,chinamutualfundissue,35,F_INFO_ISSUEPRICE,"decimal(20,4)",YES,,
financedata,chinamutualfundissue,36,F_INFO_OVRSUBRATIO,"decimal(20,4)",YES,,
financedata,chinamutualfundissue,37,OPDATE,date,YES,MUL,
financedata,chinamutualfundissue,38,OPMODE,varchar(1),YES,,
financedata,chinamutualfundmanager,1,OBJECT_ID,varchar(100),NO,PRI,
financedata,chinamutualfundmanager,2,F_INFO_WINDCODE,varchar(40),YES,MUL,
financedata,chinamutualfundmanager,3,ANN_DATE,varchar(8),YES,MUL,
financedata,chinamutualfundmanager,4,F_INFO_FUNDMANAGER,varchar(40),YES,,
financedata,chinamutualfundmanager,5,F_INFO_MANAGER_GENDER,varchar(10),YES,,
financedata,chinamutualfundmanager,6,F_INFO_MANAGER_BIRTHYEAR,varchar(10),YES,,
financedata,chinamutualfundmanager,7,F_INFO_MANAGER_EDUCATION,varchar(20),YES,,
financedata,chinamutualfundmanager,8,F_INFO_MANAGER_NATIONALITY,varchar(10),YES,,
financedata,chinamutualfundmanager,9,F_INFO_MANAGER_STARTDATE,varchar(8),YES,,
financedata,chinamutualfundmanager,10,F_INFO_MANAGER_LEAVEDATE,varchar(8),YES,,
financedata,chinamutualfundmanager,11,F_INFO_MANAGER_RESUME,longtext,YES,,
financedata,chinamutualfundmanager,12,F_INFO_FUNDMANAGER_ID,varchar(10),YES,,
financedata,chinamutualfundmanager,13,S_INFO_MANAGER_POST,varchar(200),YES,,
financedata,chinamutualfundmanager,14,F_INFO_ESCROW_FUNDMANAGER,varchar(50),YES,,
financedata,chinamutualfundmanager,15,F_INFO_ESCROW_STARTDATE,varchar(8),YES,,
financedata,chinamutualfundmanager,16,F_INFO_ESCROW_LEAVEDATE,varchar(8),YES,,
financedata,chinamutualfundmanager,17,F_INFO_DIS_SERIAL_NUMBER,"decimal(2,0)",YES,,
financedata,chinamutualfundmanager,18,OPDATE,date,YES,MUL,
financedata,chinamutualfundmanager,19,OPMODE,varchar(1),YES,,
financedata,chinamutualfundnav,1,OBJECT_ID,varchar(100),NO,PRI,
financedata,chinamutualfundnav,2,F_INFO_WINDCODE,varchar(40),YES,MUL,
financedata,chinamutualfundnav,3,ANN_DATE,varchar(8),YES,MUL,
financedata,chinamutualfundnav,4,PRICE_DATE,varchar(8),YES,MUL,
financedata,chinamutualfundnav,5,F_NAV_UNIT,"decimal(24,8)",YES,,
financedata,chinamutualfundnav,6,F_NAV_ACCUMULATED,"decimal(24,8)",YES,,
financedata,chinamutualfundnav,7,F_NAV_DIVACCUMULATED,"decimal(20,4)",YES,,
financedata,chinamutualfundnav,8,F_NAV_ADJFACTOR,"decimal(24,8)",YES,,
financedata,chinamutualfundnav,9,CRNCY_CODE,varchar(10),YES,,
financedata,chinamutualfundnav,10,F_PRT_NETASSET,"decimal(20,4)",YES,,
financedata,chinamutualfundnav,11,F_ASSET_MERGEDSHARESORNOT,"decimal(1,0)",YES,,
financedata,chinamutualfundnav,12,NETASSET_TOTAL,"decimal(20,4)",YES,,
financedata,chinamutualfundnav,13,F_NAV_ADJUSTED,"decimal(22,8)",YES,,
financedata,chinamutualfundnav,14,IS_EXDIVIDENDDATE,"decimal(5,0)",YES,,
financedata,chinamutualfundnav,15,F_NAV_DISTRIBUTION,"decimal(20,4)",YES,,
financedata,chinamutualfundnav,16,S_INFO_ASHARECODE,varchar(10),YES,,
financedata,chinamutualfundnav,17,CUM_NET_ASSET_VALUE,"decimal(24,8)",YES,,
financedata,chinamutualfundnav,18,OPDATE,date,YES,MUL,
financedata,chinamutualfundnav,19,OPMODE,varchar(1),YES,,
financedata,chinamutualfundpchredm,1,OBJECT_ID,varchar(100),NO,PRI,
financedata,chinamutualfundpchredm,2,S_INFO_WINDCODE,varchar(40),YES,MUL,
financedata,chinamutualfundpchredm,3,F_UNIT_RPSTARTDATE,varchar(8),YES,,
financedata,chinamutualfundpchredm,4,F_UNIT_RPENDDATE,varchar(8),YES,,
financedata,chinamutualfundpchredm,5,F_UNIT_STARTSHARES,"decimal(20,4)",YES,,
financedata,chinamutualfundpchredm,6,F_UNIT_PURCHASE,"decimal(20,4)",YES,,
financedata,chinamutualfundpchredm,7,F_UNIT_REDEMPTION,"decimal(20,4)",YES,,
financedata,chinamutualfundpchredm,8,F_UNIT_ENDSHARES,"decimal(20,4)",YES,,
financedata,chinamutualfundpchredm,9,TRADE_DT,varchar(8),YES,MUL,
financedata,chinamutualfundpchredm,10,F_UNIT_STARTSHARES_TOTAL,"decimal(20,4)",YES,,
financedata,chinamutualfundpchredm,11,F_UNIT_ENDSHARES_TOTAL,"decimal(20,4)",YES,,
financedata,chinamutualfundpchredm,12,F_UNIT_PURCHASE_TOTAL,"decimal(20,4)",YES,,
financedata,chinamutualfundpchredm,13,F_UNIT_REDEMPTION_TOTAL,"decimal(20,4)",YES,,
financedata,chinamutualfundpchredm,14,IS_MERGE_DATA,"decimal(5,0)",YES,,
financedata,chinamutualfundpchredm,15,OPDATE,date,YES,MUL,
financedata,chinamutualfundpchredm,16,OPMODE,varchar(1),YES,,
financedata,chinamutualfundsector,1,OBJECT_ID,varchar(100),NO,PRI,
financedata,chinamutualfundsector,2,F_INFO_WINDCODE,varchar(40),YES,MUL,
financedata,chinamutualfundsector,3,S_INFO_SECTOR,varchar(40),YES,,
financedata,chinamutualfundsector,4,S_INFO_SECTORENTRYDT,varchar(8),YES,,
financedata,chinamutualfundsector,5,S_INFO_SECTOREXITDT,varchar(8),YES,,
financedata,chinamutualfundsector,6,CUR_SIGN,varchar(10),YES,,
financedata,chinamutualfundsector,7,OPDATE,date,YES,MUL,
financedata,chinamutualfundsector,8,OPMODE,varchar(1),YES,,
financedata,chinamutualfundshare,1,OBJECT_ID,varchar(100),NO,PRI,
financedata,chinamutualfundshare,2,F_INFO_WINDCODE,varchar(40),YES,MUL,
financedata,chinamutualfundshare,3,CHANGE_DATE,varchar(8),YES,,
financedata,chinamutualfundshare,4,F_UNIT_TOTAL,"decimal(20,6)",YES,,
financedata,chinamutualfundshare,5,F_INFO_SHARE,"decimal(20,6)",YES,,
financedata,chinamutualfundshare,6,FUNDSHARE,"decimal(20,6)",YES,,
financedata,chinamutualfundshare,7,F_UNIT_MERGEDSHARESORNOT,"decimal(5,0)",YES,,
financedata,chinamutualfundshare,8,CHANGEREASON,varchar(10),YES,,
financedata,chinamutualfundshare,9,FUNDSHARE_TOTAL,"decimal(20,6)",YES,,
financedata,chinamutualfundshare,10,CUR_SIGN,"decimal(5,0)",YES,,
financedata,chinamutualfundshare,11,ANN_DATE,varchar(8),YES,MUL,
financedata,chinamutualfundshare,12,F_INFO_NON_TRADABLE_SHR,"decimal(20,4)",YES,,
financedata,chinamutualfundshare,13,OPDATE,date,YES,MUL,
financedata,chinamutualfundshare,14,OPMODE,varchar(1),YES,,
financedata,chinamutualfundshare,15,S_INFO_INNERCODE,varchar(40),YES,,
financedata,chinamutualfundshare,16,S_INFO_OUTERCODE,varchar(40),YES,,
financedata,chinamutualfundshare,17,SEC_ID,varchar(10),YES,,
financedata,chinamutualfundshare,18,END_DT,varchar(8),YES,MUL,
financedata,chinamutualfundstockportfolio,1,OBJECT_ID,varchar(100),NO,PRI,
financedata,chinamutualfundstockportfolio,2,S_INFO_WINDCODE,varchar(40),YES,MUL,
financedata,chinamutualfundstockportfolio,3,F_PRT_ENDDATE,varchar(8),YES,MUL,
financedata,chinamutualfundstockportfolio,4,CRNCY_CODE,varchar(10),YES,,
financedata,chinamutualfundstockportfolio,5,S_INFO_STOCKWINDCODE,varchar(10),YES,MUL,
financedata,chinamutualfundstockportfolio,6,F_PRT_STKVALUE,"decimal(20,4)",YES,,
financedata,chinamutualfundstockportfolio,7,F_PRT_STKQUANTITY,"decimal(20,4)",YES,,
financedata,chinamutualfundstockportfolio,8,F_PRT_STKVALUETONAV,"decimal(20,4)",YES,,
financedata,chinamutualfundstockportfolio,9,F_PRT_POSSTKVALUE,"decimal(20,4)",YES,,
financedata,chinamutualfundstockportfolio,10,F_PRT_POSSTKQUANTITY,"decimal(20,4)",YES,,
financedata,chinamutualfundstockportfolio,11,F_PRT_POSSTKTONAV,"decimal(20,4)",YES,,
financedata,chinamutualfundstockportfolio,12,F_PRT_PASSTKEVALUE,"decimal(20,4)",YES,,
financedata,chinamutualfundstockportfolio,13,F_PRT_PASSTKQUANTITY,"decimal(20,4)",YES,,
financedata,chinamutualfundstockportfolio,14,F_PRT_PASSTKTONAV,"decimal(20,4)",YES,,
financedata,chinamutualfundstockportfolio,15,ANN_DATE,varchar(8),YES,MUL,
financedata,chinamutualfundstockportfolio,16,STOCK_PER,"decimal(20,8)",YES,,
financedata,chinamutualfundstockportfolio,17,FLOAT_SHR_PER,"decimal(24,8)",YES,,
financedata,chinamutualfundstockportfolio,18,NUMB_NP_OS,"decimal(20,4)",YES,,
financedata,chinamutualfundstockportfolio,19,AVRG_CLSPRICE_NPOS,"decimal(20,4)",YES,,
financedata,chinamutualfundstockportfolio,20,OPDATE,date,YES,MUL,
financedata,chinamutualfundstockportfolio,21,OPMODE,varchar(1),YES,,
financedata,chinamutualfundstockportfolio,22,F_PRT_STKVALUETONAV_CV,"decimal(20,8)",YES,,
financedata,chinamutualfundstockportfolio,23,REPORT_TYPE,varchar(10),YES,,
financedata,chinamutualfundsuspendpchredm,1,OBJECT_ID,varchar(100),NO,PRI,
financedata,chinamutualfundsuspendpchredm,2,S_INFO_WINDCODE,varchar(40),YES,MUL,
financedata,chinamutualfundsuspendpchredm,3,F_INFO_SUSPCHSTARTDT,varchar(8),YES,MUL,
financedata,chinamutualfundsuspendpchredm,4,F_INFO_SUSPCHANNDT,varchar(8),YES,,
financedata,chinamutualfundsuspendpchredm,5,F_INFO_REPCHDT,varchar(8),YES,,
financedata,chinamutualfundsuspendpchredm,6,F_INFO_REPCHANNDT,varchar(8),YES,,
financedata,chinamutualfundsuspendpchredm,7,F_INFO_PURCHASEUPLIMIT,"decimal(20,4)",YES,,
financedata,chinamutualfundsuspendpchredm,8,F_INFO_SUSPCHREASON,varchar(800),YES,,
financedata,chinamutualfundsuspendpchredm,9,F_INFO_SUSPCHTYPE,"decimal(9,0)",YES,,
financedata,chinamutualfundsuspendpchredm,10,OPDATE,date,YES,MUL,
financedata,chinamutualfundsuspendpchredm,11,OPMODE,varchar(1),YES,,
financedata,chinamutualfundtrackingindex,1,OBJECT_ID,varchar(100),NO,PRI,
financedata,chinamutualfundtrackingindex,2,S_INFO_WINDCODE,varchar(40),YES,MUL,
financedata,chinamutualfundtrackingindex,3,S_INFO_INDEXWINDCODE,varchar(40),YES,MUL,
financedata,chinamutualfundtrackingindex,4,ENTRY_DT,varchar(8),YES,MUL,
financedata,chinamutualfundtrackingindex,5,REMOVE_DT,varchar(8),YES,,
financedata,chinamutualfundtrackingindex,6,OPDATE,date,YES,MUL,
financedata,chinamutualfundtrackingindex,7,OPMODE,varchar(1),YES,,
financedata,chinamutualfundtransformation,1,OBJECT_ID,varchar(100),NO,PRI,
financedata,chinamutualfundtransformation,2,PREWINDCODE,varchar(40),YES,MUL,
financedata,chinamutualfundtransformation,3,POSTWINDCODE,varchar(40),YES,MUL,
financedata,chinamutualfundtransformation,4,F_INFO_PRENAME,varchar(100),YES,,
financedata,chinamutualfundtransformation,5,F_INFO_PREFULLNAME,varchar(200),YES,,
financedata,chinamutualfundtransformation,6,F_INFO_PRECODE,varchar(10),YES,,
financedata,chinamutualfundtransformation,7,F_INFO_POSTNAME,varchar(100),YES,,
financedata,chinamutualfundtransformation,8,F_INFO_POSTFULLNAME,varchar(200),YES,,
financedata,chinamutualfundtransformation,9,F_INFO_POSTCODE,varchar(10),YES,,
financedata,chinamutualfundtransformation,10,F_INFO_POSTISLIST,"decimal(1,0)",YES,,
financedata,chinamutualfundtransformation,11,F_INFO_CTOSUSPENDDATE,varchar(8),YES,,
financedata,chinamutualfundtransformation,12,F_INFO_MEETINGANNDATE,varchar(8),YES,,
financedata,chinamutualfundtransformation,13,F_INFO_MEETINGDATE,varchar(8),YES,,
financedata,chinamutualfundtransformation,14,F_INFO_APPROVALRATE,"decimal(20,8)",YES,,
financedata,chinamutualfundtransformation,15,F_INFO_RESUMPDATE,varchar(8),YES,,
financedata,chinamutualfundtransformation,16,F_INFO_CFUNDREDEMCODE,varchar(10),YES,,
financedata,chinamutualfundtransformation,17,F_INFO_CFUNDENDDATE,varchar(8),YES,,
financedata,chinamutualfundtransformation,18,F_INFO_CFUNDENDANNDATE,varchar(8),YES,,
financedata,chinamutualfundtransformation,19,F_INFO_TANSTYPE,varchar(40),YES,,
financedata,chinamutualfundtransformation,20,F_UNIT_PCH,"decimal(20,4)",YES,,
financedata,chinamutualfundtransformation,21,F_UNIT_SPLITSHARE,"decimal(20,4)",YES,,
financedata,chinamutualfundtransformation,22,F_INFOTANSTYPECODE,"decimal(9,0)",YES,,
financedata,chinamutualfundtransformation,23,F_FUND_TRANSFORMATION_DATE,varchar(8),YES,,
financedata,chinamutualfundtransformation,24,OPDATE,date,YES,MUL,
financedata,chinamutualfundtransformation,25,OPMODE,varchar(1),YES,,
financedata,chinaoptioncalendar,1,OBJECT_ID,varchar(100),NO,PRI,
financedata,chinaoptioncalendar,2,TRADE_DAYS,varchar(40),YES,,
financedata,chinaoptioncalendar,3,S_INFO_EXCHMARKET,varchar(40),YES,,
financedata,chinaoptioncalendar,4,OPDATE,date,YES,MUL,
financedata,chinaoptioncalendar,5,OPMODE,varchar(1),YES,,
financedata,chinaoptioncontpro,1,OBJECT_ID,varchar(100),NO,PRI,
financedata,chinaoptioncontpro,2,S_INFO_WINDCODE,varchar(40),YES,MUL,
financedata,chinaoptioncontpro,3,S_INFO_CODE,varchar(20),YES,,
financedata,chinaoptioncontpro,4,S_INFO_NAME,varchar(40),YES,MUL,
financedata,chinaoptioncontpro,5,S_INFO_ENAME,varchar(100),YES,,
financedata,chinaoptioncontpro,6,S_INFO_EXNAME,varchar(20),YES,,
financedata,chinaoptioncontpro,7,S_INFO_TYPE,varchar(20),YES,,
financedata,chinaoptioncontpro,8,S_INFO_EUROAMERICANBERMUDA,varchar(10),YES,,
financedata,chinaoptioncontpro,9,S_INFO_SETTLEMENTMETHOD,varchar(10),YES,,
financedata,chinaoptioncontpro,10,S_INFO_LISTEDDATE,varchar(8),YES,,
financedata,chinaoptioncontpro,11,S_INFO_DELISTDATE,varchar(8),YES,,
financedata,chinaoptioncontpro,12,S_INFO_STRIKERATIO,"decimal(20,4)",YES,,
financedata,chinaoptioncontpro,13,S_INFO_CEVALUE,"decimal(20,4)",YES,,
financedata,chinaoptioncontpro,14,S_INFO_COVALUE,varchar(80),YES,,
financedata,chinaoptioncontpro,15,S_INFO_LSMONTH,varchar(200),YES,,
financedata,chinaoptioncontpro,16,S_INFO_MINPRICEFLUCT,varchar(40),YES,,
financedata,chinaoptioncontpro,17,S_INFO_THOURS,varchar(200),YES,,
financedata,chinaoptioncontpro,18,S_INFO_LASTTRADINGDATE,varchar(200),YES,,
financedata,chinaoptioncontpro,19,S_INFO_LSDATE,varchar(200),YES,,
financedata,chinaoptioncontpro,20,S_INFO_LASTSETTLE,varchar(200),YES,,
financedata,chinaoptioncontpro,21,S_INFO_TRADEFEE,varchar(200),YES,,
financedata,chinaoptioncontpro,22,S_INFO_POSLIMIT,varchar(800),YES,,
financedata,chinaoptioncontpro,23,S_INFO_MINPOSLIMIT,varchar(800),YES,,
financedata,chinaoptioncontpro,24,S_INFO_OPTIONPRICE,varchar(20),YES,,
financedata,chinaoptioncontpro,25,S_INFO_EXERCISINGEND,varchar(80),YES,,
financedata,chinaoptioncontpro,26,S_INFO_STRIKEPRICE,varchar(800),YES,,
financedata,chinaoptioncontpro,27,S_INFO_SIMULATION,varchar(1),YES,,
financedata,chinaoptioncontpro,28,S_INFO_QUOTEUNIT,varchar(40),YES,,
financedata,chinaoptioncontpro,29,S_INFO_COUNIT,"decimal(20,4)",YES,,
financedata,chinaoptioncontpro,30,S_INFO_COUNITDIMENSION,varchar(40),YES,,
financedata,chinaoptioncontpro,31,S_INFO_ID,varchar(40),YES,,
financedata,chinaoptioncontpro,32,OPDATE,date,YES,MUL,
financedata,chinaoptioncontpro,33,OPMODE,varchar(1),YES,,
financedata,chinaoptioncontpro,34,CHANGE_LIMIT,varchar(800),YES,,
financedata,chinaoptioncontpro,35,EXER_METHODCODE,"decimal(9,0)",YES,,
financedata,chinaoptioncontpro,36,S_INFO_UDLSECID,varchar(40),YES,,
financedata,chinaoptioncontpro,37,CONTRACT_TYPE,varchar(200),YES,,
financedata,chinaoptioncontpro,38,S_INFO_TYPECODE,"decimal(9,0)",YES,,
financedata,chinaoptioncontpro,39,SETTLEMENTMETHODCODE,"decimal(9,0)",YES,,
financedata,chinaoptioncontpro,40,TRADECODE_RULE,varchar(800),YES,,
financedata,chinaoptiondescription,1,OBJECT_ID,varchar(100),NO,PRI,
financedata,chinaoptiondescription,2,S_INFO_WINDCODE,varchar(40),YES,MUL,
financedata,chinaoptiondescription,3,S_INFO_CODE,varchar(40),YES,,
financedata,chinaoptiondescription,4,S_INFO_NAME,varchar(100),YES,MUL,
financedata,chinaoptiondescription,5,S_INFO_SCCODE,varchar(50),YES,,
financedata,chinaoptiondescription,6,S_INFO_CALLPUT,"decimal(9,0)",YES,,
financedata,chinaoptiondescription,7,S_INFO_STRIKEPRICE,"decimal(20,4)",YES,,
financedata,chinaoptiondescription,8,S_INFO_MONTH,varchar(6),YES,,
financedata,chinaoptiondescription,9,S_INFO_MATURITYDATE,varchar(8),YES,,
financedata,chinaoptiondescription,10,S_INFO_FTDATE,varchar(8),YES,,
financedata,chinaoptiondescription,11,S_INFO_LASTTRADINGDATE,varchar(8),YES,,
financedata,chinaoptiondescription,12,S_INFO_EXERCISINGEND,varchar(8),YES,,
financedata,chinaoptiondescription,13,S_INFO_LDDATE,varchar(8),YES,,
financedata,chinaoptiondescription,14,S_INFO_LPRICE,"decimal(20,4)",YES,,
financedata,chinaoptiondescription,15,S_INFO_TRADE,varchar(1),YES,,
financedata,chinaoptiondescription,16,S_INFO_EXCODE,varchar(20),YES,,
financedata,chinaoptiondescription,17,S_INFO_EXNAME,varchar(100),YES,,
financedata,chinaoptiondescription,18,S_INFO_COUNIT,"decimal(20,4)",YES,,
financedata,chinaoptiondescription,19,OPDATE,date,YES,MUL,
financedata,chinaoptiondescription,20,OPMODE,varchar(1),YES,,
financedata,chinaoptioneodprices,1,OBJECT_ID,varchar(100),NO,PRI,
financedata,chinaoptioneodprices,2,S_INFO_WINDCODE,varchar(40),YES,MUL,
financedata,chinaoptioneodprices,3,TRADE_DT,varchar(8),YES,MUL,
financedata,chinaoptioneodprices,4,S_DQ_OPEN,"decimal(20,4)",YES,,
financedata,chinaoptioneodprices,5,S_DQ_HIGH,"decimal(20,4)",YES,,
financedata,chinaoptioneodprices,6,S_DQ_LOW,"decimal(20,4)",YES,,
financedata,chinaoptioneodprices,7,S_DQ_CLOSE,"decimal(20,4)",YES,,
financedata,chinaoptioneodprices,8,S_DQ_SETTLE,"decimal(20,4)",YES,,
financedata,chinaoptioneodprices,9,S_DQ_VOLUME,"decimal(20,4)",YES,,
financedata,chinaoptioneodprices,10,S_DQ_AMOUNT,"decimal(20,4)",YES,,
financedata,chinaoptioneodprices,11,S_DQ_OI,"decimal(20,4)",YES,,
financedata,chinaoptioneodprices,12,S_DQ_OICHANGE,"decimal(20,4)",YES,,
financedata,chinaoptioneodprices,13,S_DQ_PRESETTLE,"decimal(20,4)",YES,,
financedata,chinaoptioneodprices,14,S_DQ_CHANGE1,"decimal(20,4)",YES,,
financedata,chinaoptioneodprices,15,S_DQ_CHANGE2,"decimal(20,4)",YES,,
financedata,chinaoptioneodprices,16,S_DQ_PCTCHANGE1,"decimal(20,4)",YES,,
financedata,chinaoptioneodprices,17,S_DQ_PCTCHANGE2,"decimal(20,4)",YES,,
financedata,chinaoptioneodprices,18,OPDATE,date,YES,MUL,
financedata,chinaoptioneodprices,19,OPMODE,varchar(1),YES,,
financedata,chinaoptionindexeodprices,1,OBJECT_ID,varchar(100),NO,PRI,
financedata,chinaoptionindexeodprices,2,S_INFO_WINDCODE,varchar(40),YES,MUL,
financedata,chinaoptionindexeodprices,3,S_INFO_NAME,varchar(50),YES,MUL,
financedata,chinaoptionindexeodprices,4,TRADE_DT,varchar(8),YES,MUL,
financedata,chinaoptionindexeodprices,5,CRNCY_CODE,varchar(10),YES,,
financedata,chinaoptionindexeodprices,6,S_DQ_PRECLOSE,"decimal(20,4)",YES,,
financedata,chinaoptionindexeodprices,7,S_DQ_OPEN,"decimal(20,4)",YES,,
financedata,chinaoptionindexeodprices,8,S_DQ_HIGH,"decimal(20,4)",YES,,
financedata,chinaoptionindexeodprices,9,S_DQ_LOW,"decimal(20,4)",YES,,
financedata,chinaoptionindexeodprices,10,S_DQ_CLOSE,"decimal(20,4)",YES,,
financedata,chinaoptionindexeodprices,11,S_DQ_CHANGE,"decimal(20,4)",YES,,
financedata,chinaoptionindexeodprices,12,S_DQ_PCTCHANGE,"decimal(20,4)",YES,,
financedata,chinaoptionindexeodprices,13,S_DQ_VOLUME,"decimal(20,4)",YES,,
financedata,chinaoptionindexeodprices,14,S_DQ_AMOUNT,"decimal(20,4)",YES,,
financedata,chinaoptionindexeodprices,15,SEC_ID,varchar(10),YES,,
financedata,chinaoptionindexeodprices,16,OPDATE,date,YES,MUL,
financedata,chinaoptionindexeodprices,17,OPMODE,varchar(1),YES,,
financedata,chinaoptionvaluation,1,OBJECT_ID,varchar(100),NO,PRI,
financedata,chinaoptionvaluation,2,S_INFO_WINDCODE,varchar(40),YES,MUL,
financedata,chinaoptionvaluation,3,TRADE_DT,varchar(8),YES,MUL,
financedata,chinaoptionvaluation,4,W_ANAL_UNDERLYINGIMPLIEDVOL,"decimal(24,8)",YES,,
financedata,chinaoptionvaluation,5,W_ANAL_DELTA,"decimal(24,8)",YES,,
financedata,chinaoptionvaluation,6,W_ANAL_THETA,"decimal(24,8)",YES,,
financedata,chinaoptionvaluation,7,W_ANAL_GAMMA,"decimal(24,8)",YES,,
financedata,chinaoptionvaluation,8,W_ANAL_VEGA,"decimal(24,8)",YES,,
financedata,chinaoptionvaluation,9,W_ANAL_RHO,"decimal(24,8)",YES,,
financedata,chinaoptionvaluation,10,SURGED_LIMIT,"decimal(24,8)",YES,,
financedata,chinaoptionvaluation,11,DECLINE_LIMIT,"decimal(24,8)",YES,,
financedata,chinaoptionvaluation,12,OPDATE,date,YES,MUL,
financedata,chinaoptionvaluation,13,OPMODE,varchar(1),YES,,
financedata,cindexfutureseodprices,1,OBJECT_ID,varchar(100),NO,PRI,
financedata,cindexfutureseodprices,2,S_INFO_WINDCODE,varchar(40),YES,MUL,
financedata,cindexfutureseodprices,3,TRADE_DT,varchar(8),YES,MUL,
financedata,cindexfutureseodprices,4,S_DQ_PRESETTLE,"decimal(20,4)",YES,,
financedata,cindexfutureseodprices,5,S_DQ_OPEN,"decimal(20,4)",YES,,
financedata,cindexfutureseodprices,6,S_DQ_HIGH,"decimal(20,4)",YES,,
financedata,cindexfutureseodprices,7,S_DQ_LOW,"decimal(20,4)",YES,,
financedata,cindexfutureseodprices,8,S_DQ_CLOSE,"decimal(20,4)",YES,,
financedata,cindexfutureseodprices,9,S_DQ_SETTLE,"decimal(20,4)",YES,,
financedata,cindexfutureseodprices,10,S_DQ_VOLUME,"decimal(20,4)",YES,,
financedata,cindexfutureseodprices,11,S_DQ_AMOUNT,"decimal(20,4)",YES,,
financedata,cindexfutureseodprices,12,S_DQ_OI,"decimal(20,4)",YES,,
financedata,cindexfutureseodprices,13,S_DQ_CHANGE,"decimal(20,4)",YES,,
financedata,cindexfutureseodprices,14,FS_INFO_TYPE,varchar(10),YES,,
financedata,cindexfutureseodprices,15,OPDATE,date,YES,MUL,
financedata,cindexfutureseodprices,16,OPMODE,varchar(1),YES,,
financedata,cmfbalancesheet,1,OBJECT_ID,varchar(100),NO,PRI,
financedata,cmfbalancesheet,2,S_INFO_WINDCODE,varchar(40),YES,MUL,
financedata,cmfbalancesheet,3,SEC_ID,varchar(10),YES,,
financedata,cmfbalancesheet,4,REPORT_PERIOD,varchar(8),YES,MUL,
financedata,cmfbalancesheet,5,ANN_DT,varchar(8),YES,MUL,
financedata,cmfbalancesheet,6,IS_LIST,"decimal(5,0)",YES,,
financedata,cmfbalancesheet,7,F_STM_BS,"decimal(20,4)",YES,,
financedata,cmfbalancesheet,8,SETTLE_RSRV,"decimal(20,4)",YES,,
financedata,cmfbalancesheet,9,MRGN_PAID,"decimal(20,4)",YES,,
financedata,cmfbalancesheet,10,TRADABLE_FIN_ASSETS,"decimal(20,4)",YES,,
financedata,cmfbalancesheet,11,STOCK_VALUE,"decimal(20,4)",YES,,
financedata,cmfbalancesheet,12,STOCK_COST,"decimal(20,4)",YES,,
financedata,cmfbalancesheet,13,STOCK_ADD_VALUE,"decimal(20,4)",YES,,
financedata,cmfbalancesheet,14,FUND_VALUE,"decimal(20,4)",YES,,
financedata,cmfbalancesheet,15,BOND_VALUE,"decimal(20,4)",YES,,
financedata,cmfbalancesheet,16,ABS_VALUE,"decimal(20,4)",YES,,
financedata,cmfbalancesheet,17,BOND_COST,"decimal(20,4)",YES,,
financedata,cmfbalancesheet,18,BOND_ADD_VALUE,"decimal(20,4)",YES,,
financedata,cmfbalancesheet,19,GOVBOND_COST,"decimal(20,4)",YES,,
financedata,cmfbalancesheet,20,GOVBOND_ADD_VALUE,"decimal(15,2)",YES,,
financedata,cmfbalancesheet,21,CONVERTBOND_COST,"decimal(20,4)",YES,,
financedata,cmfbalancesheet,22,CONVERTBOND_ADD_VALUE,"decimal(20,4)",YES,,
financedata,cmfbalancesheet,23,DERIVATIVE_FIN_VALUE,"decimal(20,4)",YES,,
financedata,cmfbalancesheet,24,DERIVATIVE_FIN_COST,"decimal(20,4)",YES,,
financedata,cmfbalancesheet,25,TRADE_RCV,"decimal(20,4)",YES,,
financedata,cmfbalancesheet,26,WAR_RCV,"decimal(20,4)",YES,,
financedata,cmfbalancesheet,27,INT_RCV,"decimal(20,4)",YES,,
financedata,cmfbalancesheet,28,ACCT_RCV,"decimal(20,4)",YES,,
financedata,cmfbalancesheet,29,DVD_RCV,"decimal(20,4)",YES,,
financedata,cmfbalancesheet,30,PUR_RCV,"decimal(20,4)",YES,,
financedata,cmfbalancesheet,31,DEFERRED_TAX_ASSETS,"decimal(20,4)",YES,,
financedata,cmfbalancesheet,32,OTH_RCV,"decimal(20,4)",YES,,
financedata,cmfbalancesheet,33,DEFERRED_EXP,"decimal(20,4)",YES,,
financedata,cmfbalancesheet,34,REPO_REV,"decimal(20,4)",YES,,
financedata,cmfbalancesheet,35,OTH_ASSETS,"decimal(20,4)",YES,,
financedata,cmfbalancesheet,36,TOT_ASSETS,"decimal(20,4)",YES,,
financedata,cmfbalancesheet,37,ST_BORROW,"decimal(20,4)",YES,,
financedata,cmfbalancesheet,38,MANAGE_PAYABLE,"decimal(20,4)",YES,,
financedata,cmfbalancesheet,39,TRUSTEE_PAYABLE,"decimal(20,4)",YES,,
financedata,cmfbalancesheet,40,SEC_TRADE_PAYABLE,"decimal(20,4)",YES,,
financedata,cmfbalancesheet,41,ACCT_PAYABLE,"decimal(20,4)",YES,,
financedata,cmfbalancesheet,42,TRADE_PAYABLE,"decimal(20,4)",YES,,
financedata,cmfbalancesheet,43,OTH_PAYABLE,"decimal(20,4)",YES,,
financedata,cmfbalancesheet,44,RIGHT_PAYABLE,"decimal(20,4)",YES,,
financedata,cmfbalancesheet,45,REDE_PAYABLE,"decimal(20,4)",YES,,
financedata,cmfbalancesheet,46,REDE_PAYABLE2,"decimal(20,4)",YES,,
financedata,cmfbalancesheet,47,REPO_AMOUNT,"decimal(20,4)",YES,,
financedata,cmfbalancesheet,48,INT_PAYABLE,"decimal(20,4)",YES,,
financedata,cmfbalancesheet,49,REV_PAYABLE,"decimal(20,4)",YES,,
financedata,cmfbalancesheet,50,NOTPAYTAX,"decimal(20,4)",YES,,
financedata,cmfbalancesheet,51,ACC_EXP,"decimal(20,4)",YES,,
financedata,cmfbalancesheet,52,DEFERRED_TAX_LIAB,"decimal(20,4)",YES,,
financedata,cmfbalancesheet,53,OTH_LIAB,"decimal(20,4)",YES,,
financedata,cmfbalancesheet,54,SELL_EXP,"decimal(20,4)",YES,,
financedata,cmfbalancesheet,55,TRADABLE_FIN_LIAB,"decimal(20,4)",YES,,
financedata,cmfbalancesheet,56,DERIVATIVE_FIN_LIAB,"decimal(20,4)",YES,,
financedata,cmfbalancesheet,57,TOT_LIAB,"decimal(20,4)",YES,,
financedata,cmfbalancesheet,58,PAIDINCAPITAL,"decimal(20,4)",YES,,
financedata,cmfbalancesheet,59,UNDISTRIBUTED_ET_INC,"decimal(20,4)",YES,,
financedata,cmfbalancesheet,60,UNREALIZED_PROFIT,"decimal(20,4)",YES,,
financedata,cmfbalancesheet,61,UNDISTRIBUTED_PROFIT,"decimal(20,4)",YES,,
financedata,cmfbalancesheet,62,UNREALIZED_ADD_VALUE,"decimal(20,4)",YES,,
financedata,cmfbalancesheet,63,HOLDER_EQUITY,"decimal(20,4)",YES,,
financedata,cmfbalancesheet,64,PRT_NETASSET,"decimal(20,4)",YES,,
financedata,cmfbalancesheet,65,TOT_LIAB_SHRHLDR_EQY,"decimal(20,4)",YES,,
financedata,cmfbalancesheet,66,OPDATE,date,YES,MUL,
financedata,cmfbalancesheet,67,OPMODE,varchar(1),YES,,
financedata,cmffairvaluechangeprofit,1,OBJECT_ID,varchar(38),NO,PRI,
financedata,cmffairvaluechangeprofit,2,F_INFO_WINDCODE,varchar(40),YES,MUL,
financedata,cmffairvaluechangeprofit,3,ANN_DT,varchar(8),YES,MUL,
financedata,cmffairvaluechangeprofit,4,REPORT_PERIOD,varchar(8),YES,MUL,
financedata,cmffairvaluechangeprofit,5,STOCK_CHANGE_FAIR_VALUE,"decimal(20,4)",YES,,
financedata,cmffairvaluechangeprofit,6,BOND_CHANGE_FAIR_VALUE,"decimal(20,4)",YES,,
financedata,cmffairvaluechangeprofit,7,BOND1_CHANGE_FAIR_VALUE,"decimal(20,4)",YES,,
financedata,cmffairvaluechangeprofit,8,WARRANT_CHANGE_FAIR_VALUE,"decimal(20,4)",YES,,
financedata,cmffairvaluechangeprofit,9,TOT_CHANGE_FAIR_VALUE,"decimal(20,4)",YES,,
financedata,cmffairvaluechangeprofit,10,ABS_CHANGE_FAIR_VALUE,"decimal(20,4)",YES,,
financedata,cmffairvaluechangeprofit,11,FORWARD_CHANGE_FAIR_VALUE,"decimal(20,4)",YES,,
financedata,cmffairvaluechangeprofit,12,FUND_CHANGE_FAIR_VALUE,"decimal(20,4)",YES,,
financedata,cmffairvaluechangeprofit,13,OTHER,"decimal(20,4)",YES,,
financedata,cmffairvaluechangeprofit,14,MEMO,varchar(200),YES,,
financedata,cmffairvaluechangeprofit,15,OPDATE,date,YES,MUL,
financedata,cmffairvaluechangeprofit,16,OPMODE,varchar(1),YES,,
financedata,cmffinancialindicator,1,OBJECT_ID,varchar(100),NO,PRI,
financedata,cmffinancialindicator,2,S_INFO_WINDCODE,varchar(40),YES,MUL,
financedata,cmffinancialindicator,3,SEC_ID,varchar(10),YES,,
financedata,cmffinancialindicator,4,REPORT_PERIOD,varchar(8),YES,MUL,
financedata,cmffinancialindicator,5,ANN_DT,varchar(8),YES,MUL,
financedata,cmffinancialindicator,6,IS_LIST,"decimal(5,0)",YES,,
financedata,cmffinancialindicator,7,ANAL_NETINCOME,"decimal(20,4)",YES,,
financedata,cmffinancialindicator,8,ANAL_INCOME,"decimal(20,4)",YES,,
financedata,cmffinancialindicator,9,ANAL_AVGNETINCOMEPERUNIT,"decimal(20,4)",YES,,
financedata,cmffinancialindicator,10,ANAL_AVGNAVRETURN,"decimal(20,4)",YES,,
financedata,cmffinancialindicator,11,ANAL_NAV_RETURN,"decimal(20,4)",YES,,
financedata,cmffinancialindicator,12,NAV_ACC_RETURN,"decimal(20,4)",YES,,
financedata,cmffinancialindicator,13,ANAL_DISTRIBUTABLE,"decimal(20,4)",YES,,
financedata,cmffinancialindicator,14,ANAL_DISTRIBUTABLEPERUNIT,"decimal(20,4)",YES,,
financedata,cmffinancialindicator,15,PRT_NETASSET,"decimal(20,4)",YES,,
financedata,cmffinancialindicator,16,PRT_NETASSETPERUNIT,"decimal(20,4)",YES,,
financedata,cmffinancialindicator,17,PRT_TOTALASSET,"decimal(20,4)",YES,,
financedata,cmffinancialindicator,18,UNIT_TOTAL,"decimal(20,4)",YES,,
financedata,cmffinancialindicator,19,OPDATE,date,YES,MUL,
financedata,cmffinancialindicator,20,OPMODE,varchar(1),YES,,
financedata,cmfholder,1,OBJECT_ID,varchar(100),NO,PRI,
financedata,cmfholder,2,S_INFO_WINDCODE,varchar(40),YES,MUL,
financedata,cmfholder,3,ANN_DT,varchar(8),YES,MUL,
financedata,cmfholder,4,S_FA_LATELYRD,varchar(8),YES,,
financedata,cmfholder,5,S_INFO_ENDDATE,varchar(8),YES,,
financedata,cmfholder,6,B_INFO_HOLDER,varchar(200),YES,,
financedata,cmfholder,7,B_INFO_HOLDAMOUNT,"decimal(20,4)",YES,,
financedata,cmfholder,8,B_ISSUER_SHARECATEGORY,varchar(1),YES,,
financedata,cmfholder,9,OPDATE,date,YES,MUL,
financedata,cmfholder,10,OPMODE,varchar(1),YES,,
financedata,cmfholder,11,HOLDER_ID,varchar(10),YES,,
financedata,cmfholder,12,S_INFO_COMPCODE,varchar(10),YES,MUL,
financedata,cmfholder,13,FUNDSHARE_CATEGORY,varchar(10),YES,,
financedata,cmfholder,14,HOLDER_TYPE,"decimal(1,0)",YES,,
financedata,cmfholder,15,S_SHARE_RATIO,"decimal(20,4)",YES,,
financedata,cmfholderstructure,1,OBJECT_ID,varchar(100),NO,PRI,
financedata,cmfholderstructure,2,S_INFO_WINDCODE,varchar(40),YES,MUL,
financedata,cmfholderstructure,3,SEC_ID,varchar(40),YES,,
financedata,cmfholderstructure,4,ANN_DT,varchar(8),YES,MUL,
financedata,cmfholderstructure,5,END_DT,varchar(8),YES,MUL,
financedata,cmfholderstructure,6,SCOPE,varchar(4),YES,,
financedata,cmfholderstructure,7,HOLDER_NUMBER,"decimal(20,0)",YES,,
financedata,cmfholderstructure,8,HOLDER_AVGHOLDING,"decimal(20,4)",YES,,
financedata,cmfholderstructure,9,HOLDER_INSTITUTION_HOLDING,"decimal(20,4)",YES,,
financedata,cmfholderstructure,10,HOLDER_INSTITUTION_HOLDINGPCT,"decimal(20,4)",YES,,
financedata,cmfholderstructure,11,HOLDER_PERSONAL_HOLDING,"decimal(20,4)",YES,,
financedata,cmfholderstructure,12,HOLDER_PERSONAL_HOLDINGPCT,"decimal(20,4)",YES,,
financedata,cmfholderstructure,13,HOLDER_MNGEMP_HOLDING,"decimal(20,4)",YES,,
financedata,cmfholderstructure,14,HOLDER_MNGEMP_HOLDINGPCT,"decimal(20,8)",YES,,
financedata,cmfholderstructure,15,HOLDER_FEEDER_HOLDING,"decimal(20,4)",YES,,
financedata,cmfholderstructure,16,HOLDER_FEEDER_HOLDINGPCT,"decimal(20,4)",YES,,
financedata,cmfholderstructure,17,PUR_COST,"decimal(20,4)",YES,,
financedata,cmfholderstructure,18,SELL_INCOME,"decimal(20,4)",YES,,
financedata,cmfholderstructure,19,IS_MERGE_DATA,"decimal(1,0)",YES,,
financedata,cmfholderstructure,20,OPDATE,date,YES,MUL,
financedata,cmfholderstructure,21,OPMODE,varchar(1),YES,,
financedata,cmfholdingratioanomaly,1,OBJECT_ID,varchar(38),NO,PRI,
financedata,cmfholdingratioanomaly,2,F_INFO_WINDCODE,varchar(40),YES,MUL,
financedata,cmfholdingratioanomaly,3,F_UNIT_RPSTARTDATE,varchar(8),YES,,
financedata,cmfholdingratioanomaly,4,F_UNIT_RPENDDATE,varchar(8),YES,,
financedata,cmfholdingratioanomaly,5,TRADE_DT,varchar(8),YES,MUL,
financedata,cmfholdingratioanomaly,6,F_INQUIRER_TYPE,varchar(200),YES,,
financedata,cmfholdingratioanomaly,7,F_INQUIRER_TYPE_NUM,"decimal(2,0)",YES,,
financedata,cmfholdingratioanomaly,8,F_HOLDING_TIME,varchar(500),YES,,
financedata,cmfholdingratioanomaly,9,F_START_NUM_HOLDER,"decimal(20,4)",YES,,
financedata,cmfholdingratioanomaly,10,F_UNIT_PCH,"decimal(20,4)",YES,,
financedata,cmfholdingratioanomaly,11,F_UNIT_REDM,"decimal(20,4)",YES,,
financedata,cmfholdingratioanomaly,12,F_END_NUM_HOLDER,"decimal(20,4)",YES,,
financedata,cmfholdingratioanomaly,13,F_END_NUM_HOLDER_PROPORTION,"decimal(20,4)",YES,,
financedata,cmfholdingratioanomaly,14,IS_MERGE,"decimal(1,0)",YES,,
financedata,cmfholdingratioanomaly,15,F_INQUIRER_TYPECODE,varchar(1),YES,,
financedata,cmfholdingratioanomaly,16,OPDATE,date,YES,MUL,
financedata,cmfholdingratioanomaly,17,OPMODE,varchar(1),YES,,
financedata,cmfincome,1,OBJECT_ID,varchar(38),NO,PRI,
financedata,cmfincome,2,S_INFO_WINDCODE,varchar(40),YES,MUL,
financedata,cmfincome,3,SEC_ID,varchar(10),YES,,
financedata,cmfincome,4,REPORT_PERIOD,varchar(8),YES,MUL,
financedata,cmfincome,5,ANN_DT,varchar(8),YES,MUL,
financedata,cmfincome,6,IS_LIST,"decimal(5,0)",YES,,
financedata,cmfincome,7,TOT_INC,"decimal(20,4)",YES,,
financedata,cmfincome,8,INT_INC,"decimal(20,4)",YES,,
financedata,cmfincome,9,CASH_INT_INC,"decimal(20,4)",YES,,
financedata,cmfincome,10,BOND_INT_INC,"decimal(20,4)",YES,,
financedata,cmfincome,11,ABS_INT_INC,"decimal(20,4)",YES,,
financedata,cmfincome,12,REPO_INT_INC,"decimal(20,4)",YES,,
financedata,cmfincome,13,OTHER_INT_INC,"decimal(20,4)",YES,,
financedata,cmfincome,14,INV_INC,"decimal(20,4)",YES,,
financedata,cmfincome,15,STOCK_INV_INC,"decimal(20,4)",YES,,
financedata,cmfincome,16,BOND_INV_INC,"decimal(20,4)",YES,,
financedata,cmfincome,17,FUND_INV_INC,"decimal(20,4)",YES,,
financedata,cmfincome,18,ABS_INV_INC,"decimal(20,4)",YES,,
financedata,cmfincome,19,DERIVATIVE_INV_INC,"decimal(20,4)",YES,,
financedata,cmfincome,20,DVD_INC,"decimal(20,4)",YES,,
financedata,cmfincome,21,CHANGE_FAIR_VALUE,"decimal(22,4)",YES,,
financedata,cmfincome,22,EXCH_INC,"decimal(20,4)",YES,,
financedata,cmfincome,23,OTHER_INC,"decimal(20,4)",YES,,
financedata,cmfincome,24,TOT_EXP,"decimal(20,4)",YES,,
financedata,cmfincome,25,MGMT_EXP,"decimal(20,4)",YES,,
financedata,cmfincome,26,CUST_MAINT_EXP,"decimal(20,4)",YES,,
financedata,cmfincome,27,CUSTODIAN_EXP,"decimal(20,4)",YES,,
financedata,cmfincome,28,SELLING_DIST_EXP,"decimal(20,4)",YES,,
financedata,cmfincome,29,TRADE_EXP,"decimal(20,4)",YES,,
financedata,cmfincome,30,INT_EXP,"decimal(20,4)",YES,,
financedata,cmfincome,31,REPO_EXP,"decimal(20,4)",YES,,
financedata,cmfincome,32,OTHER_EXP,"decimal(20,4)",YES,,
financedata,cmfincome,33,ACCT_EXP,"decimal(20,4)",YES,,
financedata,cmfincome,34,AUDIT_EXP,"decimal(20,4)",YES,,
financedata,cmfincome,35,TOT_PROFIT,"decimal(22,4)",YES,,
financedata,cmfincome,36,INC_TAX,"decimal(20,4)",YES,,
financedata,cmfincome,37,NET_PROFIT,"decimal(20,4)",YES,,
financedata,cmfincome,38,MEMO,varchar(1000),YES,,
financedata,cmfincome,39,OPDATE,date,YES,MUL,
financedata,cmfincome,40,OPMODE,varchar(1),YES,,
financedata,cmfindexeod,1,OBJECT_ID,varchar(100),NO,PRI,
financedata,cmfindexeod,2,S_INFO_WINDCODE,varchar(40),YES,MUL,
financedata,cmfindexeod,3,S_INFO_NAME,varchar(50),YES,MUL,
financedata,cmfindexeod,4,TRADE_DT,varchar(8),YES,MUL,
financedata,cmfindexeod,5,CRNCY_CODE,varchar(10),YES,,
financedata,cmfindexeod,6,S_DQ_PRECLOSE,"decimal(20,4)",YES,,
financedata,cmfindexeod,7,S_DQ_OPEN,"decimal(20,4)",YES,,
financedata,cmfindexeod,8,S_DQ_HIGH,"decimal(20,4)",YES,,
financedata,cmfindexeod,9,S_DQ_LOW,"decimal(20,4)",YES,,
financedata,cmfindexeod,10,S_DQ_CLOSE,"decimal(20,4)",YES,,
financedata,cmfindexeod,11,S_DQ_VOLUME,"decimal(20,4)",YES,,
financedata,cmfindexeod,12,S_DQ_AMOUNT,"decimal(20,4)",YES,,
financedata,cmfindexeod,13,SEC_ID,varchar(10),YES,,
financedata,cmfindexeod,14,S_DQ_CHANGE,"decimal(20,4)",YES,,
financedata,cmfindexeod,15,S_DQ_PCTCHANGE,"decimal(20,4)",YES,,
financedata,cmfindexeod,16,OPDATE,date,YES,MUL,
financedata,cmfindexeod,17,OPMODE,varchar(1),YES,,
financedata,cmfissuingdatepredict,1,OBJECT_ID,varchar(100),NO,PRI,
financedata,cmfissuingdatepredict,2,S_INFO_WINDCODE,varchar(40),YES,MUL,
financedata,cmfissuingdatepredict,3,S_INFO_COMPCODE,varchar(40),YES,,
financedata,cmfissuingdatepredict,4,START_DT,varchar(8),YES,MUL,
financedata,cmfissuingdatepredict,5,END_DT,varchar(8),YES,MUL,
financedata,cmfissuingdatepredict,6,S_STM_ACTUAL_ISSUINGDATE,varchar(8),YES,,
financedata,cmfissuingdatepredict,7,S_STM_CORRECT_NUM,varchar(20),YES,,
financedata,cmfissuingdatepredict,8,S_STM_CORRECT_ISSUINGDATE,varchar(8),YES,,
financedata,cmfissuingdatepredict,9,S_OPERATION_REVIEW,longtext,YES,,
financedata,cmfissuingdatepredict,10,S_RATE_RATINGOUTLOOK,longtext,YES,,
financedata,cmfissuingdatepredict,11,S_RATINGOUTLOOK,varchar(1400),YES,,
financedata,cmfissuingdatepredict,12,OPDATE,date,YES,MUL,
financedata,cmfissuingdatepredict,13,OPMODE,varchar(1),YES,,
financedata,cmfmgindexdescription,1,OBJECT_ID,varchar(100),NO,PRI,
financedata,cmfmgindexdescription,2,S_INFO_WINDCODE,varchar(40),YES,MUL,
financedata,cmfmgindexdescription,3,S_INFO_ID,varchar(10),YES,,
financedata,cmfmgindexdescription,4,S_INFO_CODE,varchar(40),YES,,
financedata,cmfmgindexdescription,5,S_INFO_COMPNAME,varchar(100),YES,,
financedata,cmfmgindexdescription,6,S_INFO_COMPENAME,varchar(200),YES,,
financedata,cmfmgindexdescription,7,S_INFO_INDEXTYPE,varchar(40),YES,,
financedata,cmfmgindexdescription,8,S_INFO_INDEX_BASEPER,varchar(8),YES,,
financedata,cmfmgindexdescription,9,S_INFO_INDEX_BASEPT,"decimal(20,4)",YES,,
financedata,cmfmgindexdescription,10,S_INFO_LISTDATE,varchar(8),YES,,
financedata,cmfmgindexdescription,11,S_INFO_PUBLISHER,varchar(100),YES,,
financedata,cmfmgindexdescription,12,WEIGHT_TYPE_NAME,varchar(100),YES,,
financedata,cmfmgindexdescription,13,INCOME_PROCESSING_METHOD,varchar(20),YES,,
financedata,cmfmgindexdescription,14,S_INFO_MARKETTYPE,varchar(30),YES,,
financedata,cmfmgindexdescription,15,S_INFO_EXCHMARKET,varchar(40),YES,,
financedata,cmfmgindexdescription,16,S_INFO_TRADEMARKET,varchar(20),YES,,
financedata,cmfmgindexdescription,17,INDEX_INTRO,longtext,YES,,
financedata,cmfmgindexdescription,18,EXPIRE_DATE,varchar(8),YES,,
financedata,cmfmgindexdescription,19,OPDATE,date,YES,MUL,
financedata,cmfmgindexdescription,20,OPMODE,varchar(1),YES,,
financedata,cmfotherportfolio,1,OBJECT_ID,varchar(100),NO,PRI,
financedata,cmfotherportfolio,2,S_INFO_WINDCODE,varchar(40),YES,MUL,
financedata,cmfotherportfolio,3,END_DT,varchar(8),YES,MUL,
financedata,cmfotherportfolio,4,ANN_DT,varchar(8),YES,MUL,
financedata,cmfotherportfolio,5,CRNCY_CODE,varchar(10),YES,,
financedata,cmfotherportfolio,6,S_INFO_HOLDWINDCODE,varchar(40),YES,,
financedata,cmfotherportfolio,7,VALUE,"decimal(20,4)",YES,,
financedata,cmfotherportfolio,8,QUANTITY,"decimal(20,4)",YES,,
financedata,cmfotherportfolio,9,VALUETONAV,"decimal(20,4)",YES,,
financedata,cmfotherportfolio,10,OPDATE,date,YES,MUL,
financedata,cmfotherportfolio,11,OPMODE,varchar(1),YES,,
financedata,cmfproportionofinveobj,1,OBJECT_ID,varchar(38),NO,PRI,
financedata,cmfproportionofinveobj,2,S_INFO_WINDCODE,varchar(40),YES,MUL,
financedata,cmfproportionofinveobj,3,CHANGE_DT,varchar(8),YES,,
financedata,cmfproportionofinveobj,4,INVEST_PCT_TYPECODE,"decimal(9,0)",YES,,
financedata,cmfproportionofinveobj,5,STOCK_INVEST_PCT_DOWN,"decimal(5,0)",YES,,
financedata,cmfproportionofinveobj,6,STOCK_INVEST_PCT_UP,"decimal(5,0)",YES,,
financedata,cmfproportionofinveobj,7,BOND_INVEST_PCT_DOWN,"decimal(5,0)",YES,,
financedata,cmfproportionofinveobj,8,BOND_INVEST_PCT_UP,"decimal(5,0)",YES,,
financedata,cmfproportionofinveobj,9,MMT_INVEST_PCT_DOWN,"decimal(5,0)",YES,,
financedata,cmfproportionofinveobj,10,MMT_INVEST_PCT_UP,"decimal(5,0)",YES,,
financedata,cmfproportionofinveobj,11,FUND_INVEST_PCT_DOWN,"decimal(5,0)",YES,,
financedata,cmfproportionofinveobj,12,FUND_INVEST_PCT_UP,"decimal(5,0)",YES,,
financedata,cmfproportionofinveobj,13,COMM_INVEST_PCT_DOWN,"decimal(5,0)",YES,,
financedata,cmfproportionofinveobj,14,COMM_INVEST_PCT_UP,"decimal(5,0)",YES,,
financedata,cmfproportionofinveobj,15,IS_TOT_PCT,"decimal(1,0)",YES,,
financedata,cmfproportionofinveobj,16,OTHER_INVEST_PCT_DOWN,"decimal(5,0)",YES,,
financedata,cmfproportionofinveobj,17,OTHER_INVEST_PCT_UP,"decimal(5,0)",YES,,
financedata,cmfproportionofinveobj,18,CONSEPTION_TYPECODE,"decimal(9,0)",YES,,
financedata,cmfproportionofinveobj,19,OPDATE,date,YES,MUL,
financedata,cmfproportionofinveobj,20,OPMODE,varchar(1),YES,,
financedata,cmfquarterlyfinancialindicator,1,OBJECT_ID,varchar(100),NO,PRI,
financedata,cmfquarterlyfinancialindicator,2,F_INFO_WINDCODE,varchar(20),YES,MUL,
financedata,cmfquarterlyfinancialindicator,3,F_UNIT_RPSTARTDATE,varchar(8),YES,,
financedata,cmfquarterlyfinancialindicator,4,F_UNIT_RPENDDATE,varchar(8),YES,,
financedata,cmfquarterlyfinancialindicator,5,TRADE_DT,varchar(8),YES,MUL,
financedata,cmfquarterlyfinancialindicator,6,F_ANAL_NETINCOME,"decimal(20,4)",YES,,
financedata,cmfquarterlyfinancialindicator,7,F_FA_INVESTINCOMETOEBT,"decimal(20,4)",YES,,
financedata,cmfquarterlyfinancialindicator,8,F_FINAFDASSETNAV,"decimal(20,4)",YES,,
financedata,cmfquarterlyfinancialindicator,9,F_FINAUNFDASSNAV,"decimal(20,4)",YES,,
financedata,cmfquarterlyfinancialindicator,10,F_NAV_RETURN,"decimal(20,4)",YES,,
financedata,cmfquarterlyfinancialindicator,11,F_CUMULATIVE_NAV_RETURN,"decimal(20,4)",YES,,
financedata,cmfquarterlyfinancialindicator,12,F_NAV_STDDEVRETURN,"decimal(20,4)",YES,,
financedata,cmfquarterlyfinancialindicator,13,F_NAV_BENCHRETURN,"decimal(20,4)",YES,,
financedata,cmfquarterlyfinancialindicator,14,F_NAV_BENCHSTDDEV,"decimal(20,4)",YES,,
financedata,cmfquarterlyfinancialindicator,15,F_NAV_BENCHDEVRETURN,"decimal(20,4)",YES,,
financedata,cmfquarterlyfinancialindicator,16,F_NAV_STDDEVNAVBENCH,"decimal(20,4)",YES,,
financedata,cmfquarterlyfinancialindicator,17,F_ANAL_INCOME,"decimal(20,4)",YES,,
financedata,cmfquarterlyfinancialindicator,18,F_ANAL_AVGNETINCOMEPERUNIT,"decimal(20,4)",YES,,
financedata,cmfquarterlyfinancialindicator,19,OPDATE,date,YES,MUL,
financedata,cmfquarterlyfinancialindicator,20,OPMODE,varchar(1),YES,,
financedata,cmfsubredfee,1,OBJECT_ID,varchar(100),NO,PRI,
financedata,cmfsubredfee,2,S_INFO_WINDCODE,varchar(40),YES,MUL,
financedata,cmfsubredfee,3,ANN_DATE,varchar(8),YES,MUL,
financedata,cmfsubredfee,4,FEETYPECODE,varchar(30),YES,,
financedata,cmfsubredfee,5,CHARGEWAY,varchar(20),YES,,
financedata,cmfsubredfee,6,AMOUNTDOWNLIMIT,"decimal(20,4)",YES,,
financedata,cmfsubredfee,7,AMOUNTUPLIMIT,"decimal(20,4)",YES,,
financedata,cmfsubredfee,8,HOLDINGPERIOD_DOWNLIMIT,"decimal(20,4)",YES,,
financedata,cmfsubredfee,9,HOLDINGPERIOD_UPLIMIT,"decimal(20,4)",YES,,
financedata,cmfsubredfee,10,FEERATIO,"decimal(20,4)",YES,,
financedata,cmfsubredfee,11,ISUPLIMITFEE,varchar(1),YES,,
financedata,cmfsubredfee,12,CHANGE_DT,varchar(8),YES,,
financedata,cmfsubredfee,13,SUPPLEMENTARY,varchar(1100),YES,,
financedata,cmfsubredfee,14,TRADINGPLACE,varchar(40),YES,,
financedata,cmfsubredfee,15,TRADINGPLACECODE,"decimal(9,0)",YES,,
financedata,cmfsubredfee,16,HOLDINGPERIODUNIT,varchar(20),YES,,
financedata,cmfsubredfee,17,USED,"decimal(1,0)",YES,,
financedata,cmfsubredfee,18,MEMO,varchar(4),YES,,
financedata,cmfsubredfee,19,OPDATE,date,YES,MUL,
financedata,cmfsubredfee,20,OPMODE,varchar(1),YES,,
financedata,cmfundsplit,1,OBJECT_ID,varchar(100),NO,PRI,
financedata,cmfundsplit,2,S_INFO_WINDCODE,varchar(40),YES,MUL,
financedata,cmfundsplit,3,F_INFO_SPLITTYPE,varchar(40),YES,,
financedata,cmfundsplit,4,F_INFO_SPLITANNDATE,varchar(8),YES,,
financedata,cmfundsplit,5,F_INFO_SPLITANNOECDATE,varchar(8),YES,,
financedata,cmfundsplit,6,F_INFO_SHARETRANSDATE,varchar(8),YES,,
financedata,cmfundsplit,7,F_INFO_SHAREKINDATE,varchar(8),YES,,
financedata,cmfundsplit,8,F_INFO_SPLITINC,"decimal(20,10)",YES,,
financedata,cmfundsplit,9,F_INFO_SPLIT_DT,varchar(8),YES,,
financedata,cmfundsplit,10,CONCOSINC,"decimal(20,10)",YES,,
financedata,cmfundsplit,11,CONRELINC,"decimal(20,10)",YES,,
financedata,cmfundsplit,12,REL_WINDCODE,varchar(40),YES,,
financedata,cmfundsplit,13,F_INFO_SPLITTYPECODE,"decimal(9,0)",YES,,
financedata,cmfundsplit,14,OPDATE,date,YES,MUL,
financedata,cmfundsplit,15,OPMODE,varchar(1),YES,,
financedata,coptioncontprochange,1,OBJECT_ID,varchar(100),NO,PRI,
financedata,coptioncontprochange,2,CONTRACT_ID,varchar(40),YES,,
financedata,coptioncontprochange,3,ITEM,varchar(50),YES,,
financedata,coptioncontprochange,4,CHANGE_DT,varchar(8),YES,,
financedata,coptioncontprochange,5,S_INFO_OLD,varchar(1000),YES,,
financedata,coptioncontprochange,6,S_INFO_NEW,varchar(1000),YES,,
financedata,coptioncontprochange,7,OPDATE,date,YES,MUL,
financedata,coptioncontprochange,8,OPMODE,varchar(1),YES,,
financedata,coptiondescriptionchange,1,OBJECT_ID,varchar(38),NO,PRI,
financedata,coptiondescriptionchange,2,S_INFO_WINDCODE,varchar(40),YES,MUL,
financedata,coptiondescriptionchange,3,S_CHANGE_DATE,varchar(8),YES,,
financedata,coptiondescriptionchange,4,S_INFO_CODE_OLD,varchar(20),YES,,
financedata,coptiondescriptionchange,5,S_INFO_NAME_OLD,varchar(40),YES,,
financedata,coptiondescriptionchange,6,S_EXERCISE_PRICE_OLD,"decimal(20,4)",YES,,
financedata,coptiondescriptionchange,7,S_UNIT_OLD,"decimal(20,4)",YES,,
financedata,coptiondescriptionchange,8,S_INFO_CODE_NEW,varchar(20),YES,,
financedata,coptiondescriptionchange,9,S_INFO_NAME_NEW,varchar(40),YES,,
financedata,coptiondescriptionchange,10,S_EXERCISE_PRICE_NEW,"decimal(20,4)",YES,,
financedata,coptiondescriptionchange,11,S_UNIT_NEW,"decimal(20,4)",YES,,
financedata,coptiondescriptionchange,12,S_CHANGE_REASON,varchar(300),YES,,
financedata,coptiondescriptionchange,13,OPDATE,date,YES,MUL,
financedata,coptiondescriptionchange,14,OPMODE,varchar(1),YES,,
financedata,coptionimpliedvolatility,1,OBJECT_ID,varchar(38),NO,PRI,
financedata,coptionimpliedvolatility,2,CONTRACT_ID,varchar(10),YES,,
financedata,coptionimpliedvolatility,3,S_INFO_SCCODE,varchar(20),YES,,
financedata,coptionimpliedvolatility,4,VOLATILITY_TYPE,"decimal(9,0)",YES,,
financedata,coptionimpliedvolatility,5,TERM,varchar(20),YES,,
financedata,coptionimpliedvolatility,6,W_ANAL_UNDERLYINGIMPLIEDVOL,"decimal(20,4)",YES,,
financedata,coptionimpliedvolatility,7,APPLY_MODEL,varchar(100),YES,,
financedata,coptionimpliedvolatility,8,SOURCE1,varchar(100),YES,,
financedata,coptionimpliedvolatility,9,TRADE_DT,varchar(8),YES,MUL,
financedata,coptionimpliedvolatility,10,OPDATE,date,YES,MUL,
financedata,coptionimpliedvolatility,11,OPMODE,varchar(1),YES,,
financedata,coptionsmarginratio,1,OBJECT_ID,varchar(100),NO,PRI,
financedata,coptionsmarginratio,2,S_INFO_WINDCODE,varchar(40),YES,MUL,
financedata,coptionsmarginratio,3,TRADE_DT,varchar(8),YES,MUL,
financedata,coptionsmarginratio,4,INITIAL_MARGIN,"decimal(20,4)",YES,,
financedata,coptionsmarginratio,5,MAINTENANCE_MARGIN,"decimal(20,4)",YES,,
financedata,coptionsmarginratio,6,CLNHUS_MARGIN,"decimal(20,4)",YES,,
financedata,coptionsmarginratio,7,OPDATE,date,YES,MUL,
financedata,coptionsmarginratio,8,OPMODE,varchar(1),YES,,
financedata,fundanncolumn,1,OBJECT_ID,varchar(100),NO,PRI,
financedata,fundanncolumn,2,N_INFO_CODE,varchar(38),YES,,
financedata,fundanncolumn,3,N_INFO_PCODE,varchar(38),YES,,
financedata,fundanncolumn,4,N_INFO_FCODE,varchar(38),YES,,
financedata,fundanncolumn,5,N_INFO_NAME,varchar(200),YES,,
financedata,fundanncolumn,6,N_INFO_ISVALID,"decimal(2,0)",YES,,
financedata,fundanncolumn,7,N_INFO_LEVELNUM,"decimal(2,0)",YES,,
financedata,fundanncolumn,8,OPDATE,date,YES,MUL,
financedata,fundanncolumn,9,OPMODE,varchar(1),YES,,
financedata,fundanninf,1,OBJECT_ID,varchar(100),NO,PRI,
financedata,fundanninf,2,S_INFO_WINDCODE,varchar(40),YES,MUL,
financedata,fundanninf,3,N_INFO_STOCKID,varchar(10),YES,,
financedata,fundanninf,4,N_INFO_COMPANYID,varchar(10),YES,,
financedata,fundanninf,5,ANN_DT,date,YES,MUL,
financedata,fundanninf,6,N_INFO_TITLE,varchar(1024),YES,,
financedata,fundanninf,7,N_INFO_FCODE,varchar(200),YES,,
financedata,fundanninf,8,N_INFO_FTXT,longtext,YES,,
financedata,fundanninf,9,N_INFO_ANNLINK,varchar(1024),YES,,
financedata,fundanninf,10,N_INFO_WINDLINK,varchar(1024),YES,,
financedata,fundanninf,11,ID,"decimal(11,0)",YES,,
financedata,fundanninf,12,OPDATE,date,YES,MUL,
financedata,fundanninf,13,OPMODE,varchar(1),YES,,
financedata,globalfundindexdescription,1,OBJECT_ID,varchar(100),NO,PRI,
financedata,globalfundindexdescription,2,S_INFO_WINDCODE,varchar(40),YES,MUL,
financedata,globalfundindexdescription,3,S_INFO_ID,varchar(10),YES,,
financedata,globalfundindexdescription,4,S_INFO_CODE,varchar(40),YES,,
financedata,globalfundindexdescription,5,S_INFO_COMPNAME,varchar(100),YES,,
financedata,globalfundindexdescription,6,S_INFO_COMPENAME,varchar(200),YES,,
financedata,globalfundindexdescription,7,S_INFO_INDEXTYPE,varchar(40),YES,,
financedata,globalfundindexdescription,8,S_INFO_INDEX_BASEPER,varchar(8),YES,,
financedata,globalfundindexdescription,9,S_INFO_INDEX_BASEPT,"decimal(20,4)",YES,,
financedata,globalfundindexdescription,10,S_INFO_LISTDATE,varchar(8),YES,,
financedata,globalfundindexdescription,11,S_INFO_PUBLISHER,varchar(100),YES,,
financedata,globalfundindexdescription,12,WEIGHT_TYPE_NAME,varchar(100),YES,,
financedata,globalfundindexdescription,13,INCOME_PROCESSING_METHOD,varchar(20),YES,,
financedata,globalfundindexdescription,14,S_INFO_MARKETTYPE,varchar(20),YES,,
financedata,globalfundindexdescription,15,S_INFO_EXCHMARKET,varchar(40),YES,,
financedata,globalfundindexdescription,16,S_INFO_TRADEMARKET,varchar(20),YES,,
financedata,globalfundindexdescription,17,INDEX_INTRO,longtext,YES,,
financedata,globalfundindexdescription,18,EXPIRE_DATE,varchar(8),YES,,
financedata,globalfundindexdescription,19,OPDATE,date,YES,MUL,
financedata,globalfundindexdescription,20,OPMODE,varchar(1),YES,,
financedata,globalfundindexeodwind,1,OBJECT_ID,varchar(100),NO,PRI,
financedata,globalfundindexeodwind,2,S_INFO_WINDCODE,varchar(40),YES,MUL,
financedata,globalfundindexeodwind,3,S_INFO_ID,varchar(10),YES,,
financedata,globalfundindexeodwind,4,TRADE_DT,varchar(8),YES,MUL,
financedata,globalfundindexeodwind,5,S_DQ_PRECLOSE,"decimal(20,4)",YES,,
financedata,globalfundindexeodwind,6,S_DQ_OPEN,"decimal(20,4)",YES,,
financedata,globalfundindexeodwind,7,S_DQ_HIGH,"decimal(20,4)",YES,,
financedata,globalfundindexeodwind,8,S_DQ_LOW,"decimal(20,4)",YES,,
financedata,globalfundindexeodwind,9,S_DQ_CLOSE,"decimal(20,4)",YES,,
financedata,globalfundindexeodwind,10,S_DQ_VOLUME,"decimal(20,4)",YES,,
financedata,globalfundindexeodwind,11,S_DQ_AMOUNT,"decimal(20,4)",YES,,
financedata,globalfundindexeodwind,12,OPDATE,date,YES,MUL,
financedata,globalfundindexeodwind,13,OPMODE,varchar(1),YES,,
financedata,globalworkingday,1,OBJECT_ID,varchar(100),NO,PRI,
financedata,globalworkingday,2,WORKING_DATE,varchar(8),YES,,
financedata,globalworkingday,3,COUNTRY_CODE,varchar(10),YES,,
financedata,globalworkingday,4,OPDATE,date,YES,MUL,
financedata,globalworkingday,5,OPMODE,varchar(1),YES,,
financedata,hkequitystruc,1,OBJECT_ID,varchar(100),NO,PRI,
financedata,hkequitystruc,2,S_INFO_COMPCODE,varchar(10),YES,MUL,
financedata,hkequitystruc,3,ANN_DATE,varchar(8),YES,MUL,
financedata,hkequitystruc,4,CHANGE_DATE,varchar(8),YES,,
financedata,hkequitystruc,5,ISSUED_SHARES,"decimal(20,4)",YES,,
financedata,hkequitystruc,6,MAINLAND_OUTSTD_SHR,"decimal(20,4)",YES,,
financedata,hkequitystruc,7,HK_OUTSTD_SHR,"decimal(20,4)",YES,,
financedata,hkequitystruc,8,OVERSEAS_OUTSTD_SHR,"decimal(20,4)",YES,,
financedata,hkequitystruc,9,NON_TRADABLE_SHR,"decimal(20,4)",YES,,
financedata,hkequitystruc,10,PREFERREDSHARE,"decimal(20,4)",YES,,
financedata,hkequitystruc,11,OUTSTANDINGSHARES,"decimal(20,4)",YES,,
financedata,hkequitystruc,12,TREASURYSTOCK,"decimal(20,4)",YES,,
financedata,hkequitystruc,13,SHARE_CHANGEREASON,varchar(40),YES,,
financedata,hkequitystruc,14,OVERSEAS_SHR_CNTRYCODE,varchar(10),YES,,
financedata,hkequitystruc,15,OPDATE,date,YES,MUL,
financedata,hkequitystruc,16,OPMODE,varchar(1),YES,,
financedata,hkexcalendar,1,OBJECT_ID,varchar(100),NO,PRI,
financedata,hkexcalendar,2,TRADE_DAYS,varchar(8),YES,,
financedata,hkexcalendar,3,S_INFO_EXCHMARKET,varchar(40),YES,,
financedata,hkexcalendar,4,SUSPENSION_REASON,varchar(200),YES,,
financedata,hkexcalendar,5,USPENSION_TRADING,varchar(500),YES,,
financedata,hkexcalendar,6,OPDATE,date,YES,MUL,
financedata,hkexcalendar,7,OPMODE,varchar(1),YES,,
financedata,hkfinancialindicator,1,OBJECT_ID,varchar(100),NO,PRI,
financedata,hkfinancialindicator,2,S_INFO_COMPCODE,varchar(40),YES,MUL,
financedata,hkfinancialindicator,3,REPORT_TYPE,varchar(100),YES,,
financedata,hkfinancialindicator,4,STATEMENT_TYPE,varchar(40),YES,,
financedata,hkfinancialindicator,5,BEGINDATE,varchar(8),YES,,
financedata,hkfinancialindicator,6,ENDDATE,varchar(8),YES,,
financedata,hkfinancialindicator,7,EPS_BASIC,"decimal(20,8)",YES,,
financedata,hkfinancialindicator,8,EPS_DILUTED,"decimal(20,8)",YES,,
financedata,hkfinancialindicator,9,BPS,"decimal(20,8)",YES,,
financedata,hkfinancialindicator,10,GRPS,"decimal(22,4)",YES,,
financedata,hkfinancialindicator,11,CASH_FLOWS_OPERA_ACTIV_PER,"decimal(20,8)",YES,,
financedata,hkfinancialindicator,12,NET_PROFIT_RATE,"decimal(22,4)",YES,,
financedata,hkfinancialindicator,13,GROSSPROFITMARGIN,"decimal(22,4)",YES,,
financedata,hkfinancialindicator,14,OPPROFIT_RATE,"decimal(22,4)",YES,,
financedata,hkfinancialindicator,15,PROFIT_BEF_TAX_RATE,"decimal(20,4)",YES,,
financedata,hkfinancialindicator,16,ROE,"decimal(20,4)",YES,,
financedata,hkfinancialindicator,17,ROA,"decimal(20,4)",YES,,
financedata,hkfinancialindicator,18,ROIC,"decimal(22,4)",YES,,
financedata,hkfinancialindicator,19,EFFE_INCOME_TAX_RATE,"decimal(22,4)",YES,,
financedata,hkfinancialindicator,20,OCFTOOR,"decimal(22,4)",YES,,
financedata,hkfinancialindicator,21,DEBTTOEQUITY,"decimal(22,4)",YES,,
financedata,hkfinancialindicator,22,ASSETSTOEQUITY,"decimal(22,4)",YES,,
financedata,hkfinancialindicator,23,DEBTTOASSETS,"decimal(22,4)",YES,,
financedata,hkfinancialindicator,24,TOT_LIAB_INVESTCAPITAL,"decimal(20,4)",YES,,
financedata,hkfinancialindicator,25,PARSH_INT_INVESTCAPITAL,"decimal(22,4)",YES,,
financedata,hkfinancialindicator,26,QUICK_RATIO,"decimal(20,4)",YES,,
financedata,hkfinancialindicator,27,CURRENT_RATIO,"decimal(20,4)",YES,,
financedata,hkfinancialindicator,28,CASHTOLIQDEBT,"decimal(20,4)",YES,,
financedata,hkfinancialindicator,29,NON_CUR_ASSETS_TO_EQUITY,"decimal(20,4)",YES,,
financedata,hkfinancialindicator,30,FFO_TO_TOT_LIAB,"decimal(22,4)",YES,,
financedata,hkfinancialindicator,31,FFO_TO_TOT_CUR_LIAB,"decimal(22,4)",YES,,
financedata,hkfinancialindicator,32,INVTURN,"decimal(20,4)",YES,,
financedata,hkfinancialindicator,33,CATURN,"decimal(22,4)",YES,,
financedata,hkfinancialindicator,34,FATURN,"decimal(22,4)",YES,,
financedata,hkfinancialindicator,35,ASSETSTURN,"decimal(22,4)",YES,,
financedata,hkfinancialindicator,36,INPUT_COSTS,"decimal(22,4)",YES,,
financedata,hkfinancialindicator,37,CRNCY_CODE,varchar(10),YES,,
financedata,hkfinancialindicator,38,ANN_DT,varchar(8),YES,MUL,
financedata,hkfinancialindicator,39,DIV_PAYOUT_RATIO,"decimal(20,4)",YES,,
financedata,hkfinancialindicator,40,OPDATE,date,YES,MUL,
financedata,hkfinancialindicator,41,OPMODE,varchar(1),YES,,
financedata,hkgsdbalancesheet,1,OBJECT_ID,varchar(100),NO,PRI,
financedata,hkgsdbalancesheet,2,S_INFO_COMPCODE,varchar(10),YES,MUL,
financedata,hkgsdbalancesheet,3,ANN_DT,varchar(8),YES,MUL,
financedata,hkgsdbalancesheet,4,REPORT_PERIOD,varchar(8),YES,MUL,
financedata,hkgsdbalancesheet,5,REPORT_TYPE,"decimal(9,0)",YES,,
financedata,hkgsdbalancesheet,6,STATEMENT_TYPE,"decimal(9,0)",YES,,
financedata,hkgsdbalancesheet,7,CRNCY_CODE,varchar(10),YES,,
financedata,hkgsdbalancesheet,8,TOT_CUR_ASSETS,"decimal(20,4)",YES,,
financedata,hkgsdbalancesheet,9,CASH_CASH_EQU,"decimal(20,4)",YES,,
financedata,hkgsdbalancesheet,10,TRADABLE_FIN_ASSETS,"decimal(20,4)",YES,,
financedata,hkgsdbalancesheet,11,OTH_SHORT_INV,"decimal(20,4)",YES,,
financedata,hkgsdbalancesheet,12,AR_TOTAL,"decimal(20,4)",YES,,
financedata,hkgsdbalancesheet,13,STM_BS,"decimal(20,4)",YES,,
financedata,hkgsdbalancesheet,14,OTH_RCV,"decimal(20,4)",YES,,
financedata,hkgsdbalancesheet,15,INVENTORIES,"decimal(20,4)",YES,,
financedata,hkgsdbalancesheet,16,OTH_CUR_ASSETS,"decimal(20,4)",YES,,
financedata,hkgsdbalancesheet,17,NON_CUR_ASSETS,"decimal(20,4)",YES,,
financedata,hkgsdbalancesheet,18,NET_OTH_FIX_ASSETS,"decimal(20,4)",YES,,
financedata,hkgsdbalancesheet,19,EQUITY_INV,"decimal(20,4)",YES,,
financedata,hkgsdbalancesheet,20,HELD_TO_MTY_INVEST,"decimal(20,4)",YES,,
financedata,hkgsdbalancesheet,21,AVAIL_FOR_SALE_INV,"decimal(20,4)",YES,,
financedata,hkgsdbalancesheet,22,OTH_LONG_INV,"decimal(20,4)",YES,,
financedata,hkgsdbalancesheet,23,GOODWILL_INTANG_ASSETS,"decimal(20,4)",YES,,
financedata,hkgsdbalancesheet,24,GOODWILL,"decimal(20,4)",YES,,
financedata,hkgsdbalancesheet,25,RIGHT_LAND_USAGE,"decimal(20,4)",YES,,
financedata,hkgsdbalancesheet,26,OTH_NONCURRENT_ASSETS,"decimal(20,4)",YES,,
financedata,hkgsdbalancesheet,27,TOT_ASSETS,"decimal(20,4)",YES,,
financedata,hkgsdbalancesheet,28,CUR_LIAB,"decimal(20,4)",YES,,
financedata,hkgsdbalancesheet,29,AP_NOTE,"decimal(20,4)",YES,,
financedata,hkgsdbalancesheet,30,TAXES_SURCHARGES_PAYABLE,"decimal(20,4)",YES,,
financedata,hkgsdbalancesheet,31,TRADABLE_FIN_LIAB,"decimal(20,4)",YES,,
financedata,hkgsdbalancesheet,32,STLOANS_LTLOANS_CURDUE,"decimal(20,4)",YES,,
financedata,hkgsdbalancesheet,33,OTH_CUR_LIAB,"decimal(20,4)",YES,,
financedata,hkgsdbalancesheet,34,NON_CUR_LIAB,"decimal(20,4)",YES,,
financedata,hkgsdbalancesheet,35,LT_BORROW,"decimal(20,4)",YES,,
financedata,hkgsdbalancesheet,36,OTH_NON_CUR_LIAB,"decimal(20,4)",YES,,
financedata,hkgsdbalancesheet,37,TOTAL_LIABILITIES,"decimal(20,4)",YES,,
financedata,hkgsdbalancesheet,38,PRFSHARE,"decimal(20,4)",YES,,
financedata,hkgsdbalancesheet,39,COMSHARE,"decimal(20,4)",YES,,
financedata,hkgsdbalancesheet,40,RESERVE,"decimal(20,4)",YES,,
financedata,hkgsdbalancesheet,41,PREMIUM_STOCK,"decimal(20,4)",YES,,
financedata,hkgsdbalancesheet,42,RETAINED_EARN,"decimal(20,4)",YES,,
financedata,hkgsdbalancesheet,43,OTH_RESERVE,"decimal(20,4)",YES,,
financedata,hkgsdbalancesheet,44,TREASURYSHARE,"decimal(20,4)",YES,,
financedata,hkgsdbalancesheet,45,OTH_COM_INCOME,"decimal(20,4)",YES,,
financedata,hkgsdbalancesheet,46,TOT_COM_EQUITY,"decimal(20,4)",YES,,
financedata,hkgsdbalancesheet,47,PARSH_INT,"decimal(20,4)",YES,,
financedata,hkgsdbalancesheet,48,MINORITY_INT,"decimal(20,4)",YES,,
financedata,hkgsdbalancesheet,49,TOT_SHRHLDR_EQY,"decimal(20,4)",YES,,
financedata,hkgsdbalancesheet,50,TOT_LIAB_EQY,"decimal(20,4)",YES,,
financedata,hkgsdbalancesheet,51,CASH_INTER_BAL,"decimal(20,4)",YES,,
financedata,hkgsdbalancesheet,52,DUE_BANK,"decimal(20,4)",YES,,
financedata,hkgsdbalancesheet,53,NET_LOANS,"decimal(20,4)",YES,,
financedata,hkgsdbalancesheet,54,DEPOSIT_BANK,"decimal(20,4)",YES,,
financedata,hkgsdbalancesheet,55,FUNDS_LENT,"decimal(20,4)",YES,,
financedata,hkgsdbalancesheet,56,MORT_SEC,"decimal(20,4)",YES,,
financedata,hkgsdbalancesheet,57,SALE_LOAN,"decimal(20,4)",YES,,
financedata,hkgsdbalancesheet,58,TOT_DEPOSITS,"decimal(20,4)",YES,,
financedata,hkgsdbalancesheet,59,LOANS_OTH_BANKS,"decimal(20,4)",YES,,
financedata,hkgsdbalancesheet,60,SECURED_FIN,"decimal(20,4)",YES,,
financedata,hkgsdbalancesheet,61,REINSUR_PAY,"decimal(20,4)",YES,,
financedata,hkgsdbalancesheet,62,REINSUR_RECE,"decimal(20,4)",YES,,
financedata,hkgsdbalancesheet,63,INSUR_PRE_REC,"decimal(20,4)",YES,,
financedata,hkgsdbalancesheet,64,DEFER_COST,"decimal(20,4)",YES,,
financedata,hkgsdbalancesheet,65,INSUR_LIAB,"decimal(20,4)",YES,,
financedata,hkgsdbalancesheet,66,INVEST_LIAB,"decimal(20,4)",YES,,
financedata,hkgsdbalancesheet,67,OTH_INV,"decimal(20,4)",YES,,
financedata,hkgsdbalancesheet,68,OTH_ASSETS,"decimal(20,4)",YES,,
financedata,hkgsdbalancesheet,69,OTH_LIAB,"decimal(20,4)",YES,,
financedata,hkgsdbalancesheet,70,S_INFO_COMPTYPE,varchar(1),YES,,
financedata,hkgsdbalancesheet,71,S_MEMO,varchar(2000),YES,,
financedata,hkgsdbalancesheet,72,PARSH_INT_SUSTAINABLE_BOND,"decimal(20,4)",YES,,
financedata,hkgsdbalancesheet,73,MINORITY_INT_SUSTAINABLE_BOND,"decimal(20,4)",YES,,
financedata,hkgsdbalancesheet,74,SUSTAINABLE_BOND,"decimal(20,4)",YES,,
financedata,hkgsdbalancesheet,75,OPDATE,date,YES,MUL,
financedata,hkgsdbalancesheet,76,OPMODE,varchar(1),YES,,
financedata,hkgsdcashflow,1,OBJECT_ID,varchar(100),NO,PRI,
financedata,hkgsdcashflow,2,S_INFO_COMPCODE,varchar(10),YES,MUL,
financedata,hkgsdcashflow,3,ANN_DT,varchar(8),YES,MUL,
financedata,hkgsdcashflow,4,BEGIN_DT,varchar(8),YES,,
financedata,hkgsdcashflow,5,END_DT,varchar(8),YES,MUL,
financedata,hkgsdcashflow,6,REPORT_TYPE,"decimal(9,0)",YES,,
financedata,hkgsdcashflow,7,STATEMENT_TYPE,"decimal(9,0)",YES,,
financedata,hkgsdcashflow,8,IS_CALC,"decimal(1,0)",YES,,
financedata,hkgsdcashflow,9,CRNCY_CODE,varchar(20),YES,,
financedata,hkgsdcashflow,10,NET_CASH_FLOWS_OPER_ACT,"decimal(20,4)",YES,,
financedata,hkgsdcashflow,11,NET_PROFIT_CS,"decimal(20,4)",YES,,
financedata,hkgsdcashflow,12,PLUS_NET_DA,"decimal(20,4)",YES,,
financedata,hkgsdcashflow,13,OP_CAP_CHANGE,"decimal(20,4)",YES,,
financedata,hkgsdcashflow,14,OTH_NONCASH_CHANGE,"decimal(20,4)",YES,,
financedata,hkgsdcashflow,15,NET_CASH_FLOWS_INV_ACT,"decimal(20,4)",YES,,
financedata,hkgsdcashflow,16,CASH_RECP_FIXASSET_SELL,"decimal(20,4)",YES,,
financedata,hkgsdcashflow,17,LESS_CAP_EXPENSE,"decimal(20,4)",YES,,
financedata,hkgsdcashflow,18,LESS_INV_INCR,"decimal(20,4)",YES,,
financedata,hkgsdcashflow,19,INV_DECR,"decimal(20,4)",YES,,
financedata,hkgsdcashflow,20,NET_OTH_ICF,"decimal(20,4)",YES,,
financedata,hkgsdcashflow,21,NET_CASH_FLOWS_FUND_ACT,"decimal(20,4)",YES,,
financedata,hkgsdcashflow,22,DEBT_INCR,"decimal(20,4)",YES,,
financedata,hkgsdcashflow,23,LESS_DEBT_DECR,"decimal(20,4)",YES,,
financedata,hkgsdcashflow,24,CAP_INCR,"decimal(20,4)",YES,,
financedata,hkgsdcashflow,25,PLUS_NET_CAP_DECR,"decimal(20,4)",YES,,
financedata,hkgsdcashflow,26,TOT_DIV_PAID,"decimal(20,4)",YES,,
financedata,hkgsdcashflow,27,NET_OTH_FCF,"decimal(20,4)",YES,,
financedata,hkgsdcashflow,28,E_CHANGE_EFFECT,"decimal(20,4)",YES,,
financedata,hkgsdcashflow,29,OTH_CF_ADJUST,"decimal(20,4)",YES,,
financedata,hkgsdcashflow,30,NET_INCR_CASH_CASH_EQU,"decimal(20,4)",YES,,
financedata,hkgsdcashflow,31,CASH_CASH_EQU_BEG_PERIOD,"decimal(20,4)",YES,,
financedata,hkgsdcashflow,32,CASH_CASH_EQU_END_PERIOD,"decimal(20,4)",YES,,
financedata,hkgsdcashflow,33,S_MENO,varchar(2000),YES,,
financedata,hkgsdcashflow,34,S_INFO_COMPTYPE,varchar(1),YES,,
financedata,hkgsdcashflow,35,OPDATE,date,YES,MUL,
financedata,hkgsdcashflow,36,OPMODE,varchar(1),YES,,
financedata,hkgsdincome,1,OBJECT_ID,varchar(100),NO,PRI,
financedata,hkgsdincome,2,S_INFO_COMPCODE,varchar(10),YES,MUL,
financedata,hkgsdincome,3,ANN_DT,varchar(8),YES,MUL,
financedata,hkgsdincome,4,BEGIN_DT,varchar(8),YES,,
financedata,hkgsdincome,5,END_DT,varchar(8),YES,MUL,
financedata,hkgsdincome,6,REPORT_TYPE,"decimal(9,0)",YES,,
financedata,hkgsdincome,7,STATEMENT_TYPE,"decimal(9,0)",YES,,
financedata,hkgsdincome,8,IS_CALC,"decimal(1,0)",YES,,
financedata,hkgsdincome,9,CRNCY_CODE,varchar(20),YES,,
financedata,hkgsdincome,10,TOT_OPER_REV,"decimal(20,4)",YES,,
financedata,hkgsdincome,11,BUS_INC,"decimal(20,4)",YES,,
financedata,hkgsdincome,12,OTH_BUS_INC,"decimal(20,4)",YES,,
financedata,hkgsdincome,13,REV_COMM_INC,"decimal(20,4)",YES,,
financedata,hkgsdincome,14,PROV_LOAN_LOSS,"decimal(20,4)",YES,,
financedata,hkgsdincome,15,PREMIUMS_EARNED,"decimal(20,4)",YES,,
financedata,hkgsdincome,16,TRADE_INC_NET,"decimal(20,4)",YES,,
financedata,hkgsdincome,17,INT_INVERST_INC,"decimal(20,4)",YES,,
financedata,hkgsdincome,18,REV_RENT,"decimal(20,4)",YES,,
financedata,hkgsdincome,19,TENANT_REIM_EXP,"decimal(20,4)",YES,,
financedata,hkgsdincome,20,GAIN_SALE_REAL_ESTATE,"decimal(20,4)",YES,,
financedata,hkgsdincome,21,MTG_INC,"decimal(20,4)",YES,,
financedata,hkgsdincome,22,NET_INT_INC,"decimal(20,4)",YES,,
financedata,hkgsdincome,23,BROKER_COMM_INC,"decimal(20,4)",YES,,
financedata,hkgsdincome,24,UW_IB_INC,"decimal(20,4)",YES,,
financedata,hkgsdincome,25,AUM_INC,"decimal(20,4)",YES,,
financedata,hkgsdincome,26,TRADE_INC,"decimal(20,4)",YES,,
financedata,hkgsdincome,27,NET_FEE_INC,"decimal(20,4)",YES,,
financedata,hkgsdincome,28,FEE_INC,"decimal(20,4)",YES,,
financedata,hkgsdincome,29,FEE_EXP,"decimal(20,4)",YES,,
financedata,hkgsdincome,30,PREMIUMS_INC,"decimal(20,4)",YES,,
financedata,hkgsdincome,31,RESERVE_CHG,"decimal(20,4)",YES,,
financedata,hkgsdincome,32,PREMIUM_CEDED,"decimal(20,4)",YES,,
financedata,hkgsdincome,33,TOT_OPER_COST,"decimal(20,4)",YES,,
financedata,hkgsdincome,34,BUS_COST,"decimal(20,4)",YES,,
financedata,hkgsdincome,35,OPER_EXP,"decimal(20,4)",YES,,
financedata,hkgsdincome,36,POLICY_INT,"decimal(20,4)",YES,,
financedata,hkgsdincome,37,SGA_EXP,"decimal(20,4)",YES,,
financedata,hkgsdincome,38,DIST_EXP,"decimal(20,4)",YES,,
financedata,hkgsdincome,39,ADMIN_EXP,"decimal(20,4)",YES,,
financedata,hkgsdincome,40,RD_EXP,"decimal(20,4)",YES,,
financedata,hkgsdincome,41,OTH_BUS_EXP,"decimal(20,4)",YES,,
financedata,hkgsdincome,42,OPPROFIT,"decimal(20,4)",YES,,
financedata,hkgsdincome,43,GROSSMARGIN,"decimal(20,4)",YES,,
financedata,hkgsdincome,44,INT_INC,"decimal(20,4)",YES,,
financedata,hkgsdincome,45,INT_EXP,"decimal(20,4)",YES,,
financedata,hkgsdincome,46,INVEST_GAIN,"decimal(20,4)",YES,,
financedata,hkgsdincome,47,OTH_NONPO_INC,"decimal(20,4)",YES,,
financedata,hkgsdincome,48,NONRECURITEM_BEF_PROFITS,"decimal(20,4)",YES,,
financedata,hkgsdincome,49,UNUSUAL_ITEMS,"decimal(20,4)",YES,,
financedata,hkgsdincome,50,INC_PRETAX,"decimal(20,4)",YES,,
financedata,hkgsdincome,51,TAX,"decimal(20,4)",YES,,
financedata,hkgsdincome,52,MINORITY_INT_INC,"decimal(20,4)",YES,,
financedata,hkgsdincome,53,NONCONTINUOUS_NET_OP,"decimal(20,4)",YES,,
financedata,hkgsdincome,54,DISC_OPER,"decimal(20,4)",YES,,
financedata,hkgsdincome,55,OTH_SPEC_ITEM,"decimal(20,4)",YES,,
financedata,hkgsdincome,56,NET_PROFIT_CS,"decimal(20,4)",YES,,
financedata,hkgsdincome,57,DVD_PFD_ADJ,"decimal(20,4)",YES,,
financedata,hkgsdincome,58,NP_BELONGTO_COMMONSH,"decimal(20,4)",YES,,
financedata,hkgsdincome,59,CI_BELONGTO_COMMONSH,"decimal(20,4)",YES,,
financedata,hkgsdincome,60,TOT_CI,"decimal(20,4)",YES,,
financedata,hkgsdincome,61,INC_AFTTAX,"decimal(20,4)",YES,,
financedata,hkgsdincome,62,FAIRVALUE_CHG,"decimal(20,4)",YES,,
financedata,hkgsdincome,63,S_INFO_COMPTYPE,varchar(1),YES,,
financedata,hkgsdincome,64,S_MEMO,varchar(1000),YES,,
financedata,hkgsdincome,65,FISCAL_YEAR,varchar(8),YES,,
financedata,hkgsdincome,66,EBITDA,"decimal(20,4)",YES,,
financedata,hkgsdincome,67,EMPLOYEE_REMUNERATION,"decimal(20,4)",YES,,
financedata,hkgsdincome,68,DEPRECIATION_AMORTIZATION,"decimal(20,4)",YES,,
financedata,hkgsdincome,69,OPDATE,date,YES,MUL,
financedata,hkgsdincome,70,OPMODE,varchar(1),YES,,
financedata,hkindexdescription,1,OBJECT_ID,varchar(100),NO,PRI,
financedata,hkindexdescription,2,S_INFO_WINDCODE,varchar(40),YES,MUL,
financedata,hkindexdescription,3,S_INFO_CODE,varchar(40),YES,,
financedata,hkindexdescription,4,S_INFO_NAME,varchar(50),YES,MUL,
financedata,hkindexdescription,5,S_INFO_COMPNAME,varchar(100),YES,,
financedata,hkindexdescription,6,S_INFO_EXCHMARKET,varchar(40),YES,,
financedata,hkindexdescription,7,S_INFO_INDEX_BASEPER,varchar(8),YES,,
financedata,hkindexdescription,8,S_INFO_INDEX_BASEPT,"decimal(20,4)",YES,,
financedata,hkindexdescription,9,S_INFO_LISTDATE,varchar(8),YES,,
financedata,hkindexdescription,10,S_INFO_INDEX_STYLE,varchar(40),YES,,
financedata,hkindexdescription,11,OPDATE,date,YES,MUL,
financedata,hkindexdescription,12,OPMODE,varchar(1),YES,,
financedata,hkindexdescription,13,WEIGHTING_METHOD_START_DATE,varchar(8),YES,,
financedata,hkindexdescription,14,MARKET_OWN_CODE,"decimal(9,0)",YES,,
financedata,hkindexdescription,15,EXPONENTIAL_SCALE_CODE,"decimal(9,0)",YES,,
financedata,hkindexdescription,16,WEIGHT_TYPE_CODE,"decimal(9,0)",YES,,
financedata,hkindexdescription,17,WEIGHTING_METHOD_END_DATE,varchar(8),YES,,
financedata,hkindexdescription,18,S_INFO_INDEX_WEIGHTSRULE,varchar(40),YES,,
financedata,hkindexdescription,19,WEIGHT_TYPE,varchar(100),YES,,
financedata,hkindexdescription,20,S_INFO_INDEX_ENAME,varchar(200),YES,,
financedata,hkindexdescription,21,S_INFO_PUBLISHER,varchar(100),YES,,
financedata,hkindexdescription,22,INDEX_INTRO,longtext,YES,,
financedata,hkindexdescription,23,INDEX_CATEGORY_TYPE,varchar(40),YES,,
financedata,hkindexdescription,24,INDEX_CATEGORY_CODE,"decimal(9,0)",YES,,
financedata,hkindexdescription,25,COMPONENT_STOCKS_NUM,"decimal(5,0)",YES,,
financedata,hkindexdescription,26,INCOME_PROCESSING_METHOD,"decimal(9,0)",YES,,
financedata,hkindexdescription,27,INDEX_REGION_CODE,"decimal(9,0)",YES,,
financedata,hkindexdescription,28,EXPIRE_DATE,varchar(8),YES,,
financedata,hkindexeodprices,1,OBJECT_ID,varchar(100),NO,PRI,
financedata,hkindexeodprices,2,S_INFO_WINDCODE,varchar(40),YES,MUL,
financedata,hkindexeodprices,3,TRADE_DT,varchar(8),YES,MUL,
financedata,hkindexeodprices,4,CRNCY_CODE,varchar(10),YES,,
financedata,hkindexeodprices,5,S_DQ_PRECLOSE,"decimal(20,4)",YES,,
financedata,hkindexeodprices,6,S_DQ_OPEN,"decimal(20,4)",YES,,
financedata,hkindexeodprices,7,S_DQ_HIGH,"decimal(20,4)",YES,,
financedata,hkindexeodprices,8,S_DQ_LOW,"decimal(20,4)",YES,,
financedata,hkindexeodprices,9,S_DQ_CLOSE,"decimal(20,4)",YES,,
financedata,hkindexeodprices,10,S_DQ_CHANGE,"decimal(20,4)",YES,,
financedata,hkindexeodprices,11,S_DQ_PCTCHANGE,"decimal(20,4)",YES,,
financedata,hkindexeodprices,12,S_DQ_VOLUME,"decimal(20,4)",YES,,
financedata,hkindexeodprices,13,S_DQ_AMOUNT,"decimal(20,4)",YES,,
financedata,hkindexeodprices,14,OPDATE,date,YES,MUL,
financedata,hkindexeodprices,15,OPMODE,varchar(1),YES,,
financedata,hkprofitforecast,1,OBJECT_ID,varchar(38),NO,PRI,
financedata,hkprofitforecast,2,S_INFO_COMPCODE,varchar(10),YES,MUL,
financedata,hkprofitforecast,3,INSTITUTION,varchar(30),YES,,
financedata,hkprofitforecast,4,ANALYST,varchar(50),YES,,
financedata,hkprofitforecast,5,R_REPORT_TYPE,varchar(300),YES,,
financedata,hkprofitforecast,6,STARTDATE,varchar(8),YES,,
financedata,hkprofitforecast,7,ENDDATE,varchar(8),YES,,
financedata,hkprofitforecast,8,EST_DATE,varchar(8),YES,,
financedata,hkprofitforecast,9,EST_EPS,"decimal(10,4)",YES,,
financedata,hkprofitforecast,10,EST_MAIN_BUS,"decimal(20,4)",YES,,
financedata,hkprofitforecast,11,EST_NET_PROFIT,"decimal(20,4)",YES,,
financedata,hkprofitforecast,12,MEMO,varchar(800),YES,,
financedata,hkprofitforecast,13,ACC_STA,varchar(20),YES,,
financedata,hkprofitforecast,14,CRNCY_CODE,varchar(10),YES,,
financedata,hkprofitforecast,15,REPORT_TYPE,varchar(300),YES,,
financedata,hkprofitforecast,16,EST_ENDDATE,varchar(8),YES,,
financedata,hkprofitforecast,17,ANN_DT,varchar(8),YES,MUL,
financedata,hkprofitforecast,18,ANALYST_ID,varchar(200),YES,,
financedata,hkprofitforecast,19,OPDATE,date,YES,MUL,
financedata,hkprofitforecast,20,OPMODE,varchar(1),YES,,
financedata,hkscmembers,1,OBJECT_ID,varchar(100),NO,PRI,
financedata,hkscmembers,2,S_INFO_WINDCODE,varchar(40),YES,MUL,
financedata,hkscmembers,3,ENTRY_DT,varchar(8),YES,MUL,
financedata,hkscmembers,4,REMOVE_DT,varchar(8),YES,,
financedata,hkscmembers,5,CUR_SIGN,"decimal(1,0)",YES,,
financedata,hkscmembers,6,S_INFO_COMPCODE,varchar(40),YES,MUL,
financedata,hkscmembers,7,S_INFO_SECTOR,varchar(10),YES,,
financedata,hkscmembers,8,OPDATE,date,YES,MUL,
financedata,hkscmembers,9,OPMODE,varchar(1),YES,,
financedata,hksharebankindicator,1,OBJECT_ID,varchar(100),NO,PRI,
financedata,hksharebankindicator,2,S_INFO_COMPCODE,varchar(40),YES,MUL,
financedata,hksharebankindicator,3,ANN_DT,varchar(8),YES,MUL,
financedata,hksharebankindicator,4,REPORT_PERIOD,varchar(8),YES,MUL,
financedata,hksharebankindicator,5,STATEMENT_TYPE,"decimal(9,0)",YES,,
financedata,hksharebankindicator,6,CRNCY_CODE,varchar(10),YES,,
financedata,hksharebankindicator,7,CAPI_ADE_RATIO,"decimal(20,4)",YES,,
financedata,hksharebankindicator,8,CORE_CAPI_ADE_RATIO,"decimal(20,4)",YES,,
financedata,hksharebankindicator,9,NPL_RATIO,"decimal(20,4)",YES,,
financedata,hksharebankindicator,10,LOAN_DEPO_RATIO,"decimal(20,4)",YES,,
financedata,hksharebankindicator,11,TOTAL_LOAN,"decimal(20,4)",YES,,
financedata,hksharebankindicator,12,TOTAL_DEPOSIT,"decimal(20,4)",YES,,
financedata,hksharebankindicator,13,LOAN_LOSS_PROVISION,"decimal(20,4)",YES,,
financedata,hksharebankindicator,14,BAD_LOAD_FIVE_CLASS,"decimal(20,4)",YES,,
financedata,hksharebankindicator,15,NPL_PROVISION_COVERAGE,"decimal(20,4)",YES,,
financedata,hksharebankindicator,16,COST_INCOME_RATIO,"decimal(20,4)",YES,,
financedata,hksharebankindicator,17,NET_CAPITAL,"decimal(20,4)",YES,,
financedata,hksharebankindicator,18,CORE_CAPI_NET_AMOUNT,"decimal(20,4)",YES,,
financedata,hksharebankindicator,19,RISK_WEIGHT_ASSET,"decimal(20,4)",YES,,
financedata,hksharebankindicator,20,INTEREST_BEARING_ASSET,"decimal(20,4)",YES,,
financedata,hksharebankindicator,21,NET_INTEREST_MARGIN,"decimal(20,4)",YES,,
financedata,hksharebankindicator,22,NET_INTEREST_SPREAD,"decimal(20,4)",YES,,
financedata,hksharebankindicator,23,LOANRESERVESRATIO,"decimal(20,4)",YES,,
financedata,hksharebankindicator,24,CORETIER1_NET_CAPI,"decimal(20,4)",YES,,
financedata,hksharebankindicator,25,TIER1_NET_CAPI,"decimal(20,4)",YES,,
financedata,hksharebankindicator,26,NET_CAPITAL_2013,"decimal(20,4)",YES,,
financedata,hksharebankindicator,27,CORETIER1CAPI_ADE_RATIO,"decimal(20,4)",YES,,
financedata,hksharebankindicator,28,TIER1CAPI_ADE_RATIO,"decimal(20,4)",YES,,
financedata,hksharebankindicator,29,CAPI_ADE_RATIO_2013,"decimal(20,4)",YES,,
financedata,hksharebankindicator,30,RISK_WEIGHT_NET_ASSET_2013,"decimal(20,4)",YES,,
financedata,hksharebankindicator,31,OPDATE,date,YES,MUL,
financedata,hksharebankindicator,32,OPMODE,varchar(1),YES,,
financedata,hksharechangename,1,OBJECT_ID,varchar(100),NO,PRI,
financedata,hksharechangename,2,S_INFO_WINDCODE,varchar(40),YES,MUL,
financedata,hksharechangename,3,SEC_ID,varchar(40),YES,,
financedata,hksharechangename,4,ANN_DT,varchar(8),YES,MUL,
financedata,hksharechangename,5,CHANGE_DT,varchar(8),YES,,
financedata,hksharechangename,6,S_INFO_NAME,varchar(40),YES,MUL,
financedata,hksharechangename,7,S_INFO_NAME_ENG,varchar(70),YES,,
financedata,hksharechangename,8,OPDATE,date,YES,MUL,
financedata,hksharechangename,9,OPMODE,varchar(1),YES,,
financedata,hksharedescription,1,OBJECT_ID,varchar(100),NO,PRI,
financedata,hksharedescription,2,S_INFO_WINDCODE,varchar(40),YES,MUL,
financedata,hksharedescription,3,S_INFO_CODE,varchar(40),YES,,
financedata,hksharedescription,4,S_INFO_ISINCODE,varchar(40),YES,,
financedata,hksharedescription,5,S_INFO_NAME,varchar(50),YES,MUL,
financedata,hksharedescription,6,S_INFO_NAME_ENG,varchar(200),YES,,
financedata,hksharedescription,7,S_INFO_FULLNAME,varchar(200),YES,,
financedata,hksharedescription,8,S_INFO_FULLNAME_ENG,varchar(200),YES,,
financedata,hksharedescription,9,SECURITYCLASS,"decimal(9,0)",YES,,
financedata,hksharedescription,10,SECURITYSUBCLASS,"decimal(9,0)",YES,,
financedata,hksharedescription,11,SECURITYTYPE,varchar(10),YES,,
financedata,hksharedescription,12,S_INFO_COUNTRYCODE,varchar(10),YES,,
financedata,hksharedescription,13,S_INFO_EXCHANGE_ENG,varchar(40),YES,,
financedata,hksharedescription,14,S_INFO_EXCHANGE,varchar(40),YES,,
financedata,hksharedescription,15,S_INFO_LISTBOARD,varchar(10),YES,,
financedata,hksharedescription,16,S_INFO_COMPCODE,varchar(10),YES,MUL,
financedata,hksharedescription,17,S_INFO_STATUS,"decimal(9,0)",YES,,
financedata,hksharedescription,18,CRNCY_CODE,varchar(10),YES,,
financedata,hksharedescription,19,S_INFO_PAR,"decimal(24,8)",YES,,
financedata,hksharedescription,20,MIN_PRC_CHG_UNIT,"decimal(24,8)",YES,,
financedata,hksharedescription,21,S_INFO_UNITPERLOT,"decimal(20,4)",YES,,
financedata,hksharedescription,22,S_INFO_LISTDATE,varchar(8),YES,,
financedata,hksharedescription,23,S_INFO_DELISTDATE,varchar(8),YES,,
financedata,hksharedescription,24,S_INFO_LISTPRICE,"decimal(24,8)",YES,,
financedata,hksharedescription,25,IS_HKSC,"decimal(5,0)",YES,,
financedata,hksharedescription,26,ISTEMPORARYSYMBOL,"decimal(5,0)",YES,,
financedata,hksharedescription,27,IS_H,"decimal(1,0)",YES,,
financedata,hksharedescription,28,OPDATE,date,YES,MUL,
financedata,hksharedescription,29,OPMODE,varchar(1),YES,,
financedata,hkshareeodderivativeindex,1,OBJECT_ID,varchar(100),NO,PRI,
financedata,hkshareeodderivativeindex,2,S_INFO_WINDCODE,varchar(40),YES,MUL,
financedata,hkshareeodderivativeindex,3,FINANCIAL_TRADE_DT,varchar(8),YES,,
financedata,hkshareeodderivativeindex,4,TRADE_CRNCY_CODE,varchar(10),YES,,
financedata,hkshareeodderivativeindex,5,TOT_SHR_TODAY,"decimal(20,4)",YES,,
financedata,hkshareeodderivativeindex,6,FLOAT_A_SHR_TODAY,"decimal(20,4)",YES,,
financedata,hkshareeodderivativeindex,7,S_VAL_MV,"decimal(20,4)",YES,,
financedata,hkshareeodderivativeindex,8,S_DQ_MV,"decimal(20,4)",YES,,
financedata,hkshareeodderivativeindex,9,S_DQ_CLOSE_TODAY,"decimal(20,4)",YES,,
financedata,hkshareeodderivativeindex,10,S_PQ_HIGH_52W,"decimal(20,4)",YES,,
financedata,hkshareeodderivativeindex,11,S_PQ_LOW_52W,"decimal(20,4)",YES,,
financedata,hkshareeodderivativeindex,12,S_VAL_PB_NEW,"decimal(20,4)",YES,,
financedata,hkshareeodderivativeindex,13,S_VAL_PE_LYR,"decimal(20,4)",YES,,
financedata,hkshareeodderivativeindex,14,S_VAL_PE_TTM,"decimal(20,4)",YES,,
financedata,hkshareeodderivativeindex,15,S_VAL_PCF_OCFLYR,"decimal(20,4)",YES,,
financedata,hkshareeodderivativeindex,16,S_VAL_PCF_OCFTTM,"decimal(20,4)",YES,,
financedata,hkshareeodderivativeindex,17,S_VAL_PCF_NCFLYR,"decimal(20,4)",YES,,
financedata,hkshareeodderivativeindex,18,S_VAL_PCF_NCFTTM,"decimal(20,4)",YES,,
financedata,hkshareeodderivativeindex,19,S_VAL_PS_LYR,"decimal(20,4)",YES,,
financedata,hkshareeodderivativeindex,20,S_VAL_PS_TTM,"decimal(20,4)",YES,,
financedata,hkshareeodderivativeindex,21,S_DQ_TURN,"decimal(20,4)",YES,,
financedata,hkshareeodderivativeindex,22,CRNCY_CODE,varchar(10),YES,,
financedata,hkshareeodderivativeindex,23,NET_ASSETS_TODAY,"decimal(20,4)",YES,,
financedata,hkshareeodderivativeindex,24,NET_PROFIT_PARENT_COMP_LYR,"decimal(20,4)",YES,,
financedata,hkshareeodderivativeindex,25,NET_PROFIT_PARENT_COMP_TTM,"decimal(20,4)",YES,,
financedata,hkshareeodderivativeindex,26,NET_CASH_FLOWS_OPER_ACT_LYR,"decimal(20,4)",YES,,
financedata,hkshareeodderivativeindex,27,NET_CASH_FLOWS_OPER_ACT_TTM,"decimal(20,4)",YES,,
financedata,hkshareeodderivativeindex,28,OPER_REV_LYR,"decimal(20,4)",YES,,
financedata,hkshareeodderivativeindex,29,OPER_REV_TTM,"decimal(20,4)",YES,,
financedata,hkshareeodderivativeindex,30,NET_INCR_CASH_CASH_EQU_LYR,"decimal(20,4)",YES,,
financedata,hkshareeodderivativeindex,31,NET_INCR_CASH_CASH_EQU_TTM,"decimal(20,4)",YES,,
financedata,hkshareeodderivativeindex,32,OPDATE,date,YES,MUL,
financedata,hkshareeodderivativeindex,33,OPMODE,varchar(1),YES,,
financedata,hkshareeodprices,1,OBJECT_ID,varchar(100),NO,PRI,
financedata,hkshareeodprices,2,S_INFO_WINDCODE,varchar(40),YES,MUL,
financedata,hkshareeodprices,3,TRADE_DT,varchar(8),YES,MUL,
financedata,hkshareeodprices,4,CRNCY_CODE,varchar(10),YES,,
financedata,hkshareeodprices,5,S_DQ_OPEN,"decimal(20,4)",YES,,
financedata,hkshareeodprices,6,S_DQ_HIGH,"decimal(20,4)",YES,,
financedata,hkshareeodprices,7,S_DQ_LOW,"decimal(20,4)",YES,,
financedata,hkshareeodprices,8,S_DQ_CLOSE,"decimal(20,4)",YES,,
financedata,hkshareeodprices,9,S_DQ_VOLUME,"decimal(20,4)",YES,,
financedata,hkshareeodprices,10,S_DQ_AMOUNT,"decimal(20,4)",YES,,
financedata,hkshareeodprices,11,S_DQ_PRECLOSE,"decimal(20,4)",YES,,
financedata,hkshareeodprices,12,S_DQ_ADJPRECLOSE,"decimal(20,8)",YES,,
financedata,hkshareeodprices,13,S_DQ_ADJOPEN,"decimal(20,8)",YES,,
financedata,hkshareeodprices,14,S_DQ_ADJHIGH,"decimal(20,8)",YES,,
financedata,hkshareeodprices,15,S_DQ_ADJLOW,"decimal(20,8)",YES,,
financedata,hkshareeodprices,16,S_DQ_ADJCLOSE,"decimal(20,8)",YES,,
financedata,hkshareeodprices,17,S_DQ_ADJFACTOR,"decimal(20,8)",YES,,
financedata,hkshareeodprices,18,S_DQ_AVGPRICE,"decimal(20,4)",YES,,
financedata,hkshareeodprices,19,DIVIDEND_YIELD,"decimal(20,4)",YES,,
financedata,hkshareeodprices,20,OPDATE,date,YES,MUL,
financedata,hkshareeodprices,21,OPMODE,varchar(1),YES,,
financedata,hkshareeodprices,22,S_DQ_ADJCLOSE_BACKWARD,"decimal(20,4)",YES,,
financedata,hkshareeodprices,23,SEC_ID,varchar(10),YES,,
financedata,hkshareevent,1,OBJECT_ID,varchar(38),NO,PRI,
financedata,hkshareevent,2,S_INFO_WINDCODE,varchar(40),YES,MUL,
financedata,hkshareevent,3,EVENT_TYPE,varchar(200),YES,,
financedata,hkshareevent,4,EX_DATE,varchar(8),YES,,
financedata,hkshareevent,5,START_DATE,varchar(8),YES,,
financedata,hkshareevent,6,END_DATE,varchar(8),YES,,
financedata,hkshareevent,7,GM_DATE,varchar(8),YES,,
financedata,hkshareevent,8,PAYMENT_DATE,varchar(8),YES,,
financedata,hkshareevent,9,BONUS_SHARE_D_DATE,varchar(8),YES,,
financedata,hkshareevent,10,CASH_DIV_RATIO,"decimal(20,8)",YES,,
financedata,hkshareevent,11,BONUS_SHARE_RATIO,"decimal(20,8)",YES,,
financedata,hkshareevent,12,IN_SPECIE_RATIO,"decimal(20,8)",YES,,
financedata,hkshareevent,13,BONUS_WARRANT_RATIO,"decimal(20,8)",YES,,
financedata,hkshareevent,14,RIGHT_ISSUE_RATIO,"decimal(20,8)",YES,,
financedata,hkshareevent,15,RIGHT_ISSUE_PRICE,"decimal(20,4)",YES,,
financedata,hkshareevent,16,CONSOLIDATION_RATIO,"decimal(20,8)",YES,,
financedata,hkshareevent,17,SPLIT_RATIO,"decimal(20,8)",YES,,
financedata,hkshareevent,18,EXCHANGE_RATIO,"decimal(20,8)",YES,,
financedata,hkshareevent,19,CANCELLATION_RATIO,"decimal(20,8)",YES,,
financedata,hkshareevent,20,CRNCY_CODE,varchar(10),YES,,
financedata,hkshareevent,21,FANN_DATE,varchar(8),YES,,
financedata,hkshareevent,22,NANN_DATE,varchar(8),YES,,
financedata,hkshareevent,23,RSTART_DATE,varchar(8),YES,,
financedata,hkshareevent,24,REND_DATE,varchar(8),YES,,
financedata,hkshareevent,25,RE_TYPE,"decimal(9,0)",YES,,
financedata,hkshareevent,26,BONUS_WARRANT_DATE,varchar(8),YES,,
financedata,hkshareevent,27,IN_SPECIE_DATE,varchar(8),YES,,
financedata,hkshareevent,28,RIGHT_ISSUE_D_DATE,varchar(8),YES,,
financedata,hkshareevent,29,BONUS_SHARE_L_DATE,varchar(8),YES,,
financedata,hkshareevent,30,RIGHT_ISSUE_L_DATE,varchar(8),YES,,
financedata,hkshareevent,31,TRANSFER_RATIO,"decimal(20,8)",YES,,
financedata,hkshareevent,32,PRESENT_RATIO,"decimal(20,8)",YES,,
financedata,hkshareevent,33,MEMO,varchar(2000),YES,,
financedata,hkshareevent,34,S_INFO_WINDCODE1,varchar(40),YES,,
financedata,hkshareevent,35,DIVIDEND_CURRENCY,varchar(10),YES,,
financedata,hkshareevent,36,CASH_DIV_RATIO1,"decimal(20,6)",YES,,
financedata,hkshareevent,37,SHARE_RECORDDATE,varchar(8),YES,,
financedata,hkshareevent,38,OPDATE,date,YES,MUL,
financedata,hkshareevent,39,OPMODE,varchar(1),YES,,
financedata,hkshareevent,40,EVENT_SERIAL_NUMBER,"decimal(20,0)",YES,,
financedata,hkshareevent,41,EQUITY_CODE,varchar(10),YES,,
financedata,hkshareevent,42,TYPE_CODE,"decimal(9,0)",YES,,
financedata,hkshareevent,43,SEC_ID,varchar(10),YES,,
financedata,hkshareevent,44,TRANSFER_DATIO,"decimal(20,8)",YES,,
financedata,hksharefinancialderivative,1,OBJECT_ID,varchar(38),NO,PRI,
financedata,hksharefinancialderivative,2,S_INFO_COMPCODE,varchar(10),YES,,
financedata,hksharefinancialderivative,3,BEGINDATE,varchar(8),YES,,
financedata,hksharefinancialderivative,4,ENDDATE,varchar(8),YES,,
financedata,hksharefinancialderivative,5,INTERVAL_LENGTH,"decimal(20,4)",YES,,
financedata,hksharefinancialderivative,6,FISCALYEAR,varchar(8),YES,,
financedata,hksharefinancialderivative,7,REPORT_TYPE,varchar(20),YES,,
financedata,hksharefinancialderivative,8,STATEMENT_TYPE,varchar(40),YES,,
financedata,hksharefinancialderivative,9,CRNCY_CODE,varchar(10),YES,,
financedata,hksharefinancialderivative,10,TOT_SHR,"decimal(20,4)",YES,,
financedata,hksharefinancialderivative,11,OPPROFIT1,"decimal(20,4)",YES,,
financedata,hksharefinancialderivative,12,OPERATEINCOME,"decimal(20,4)",YES,,
financedata,hksharefinancialderivative,13,INVESTINCOME,"decimal(20,4)",YES,,
financedata,hksharefinancialderivative,14,S_STM_IS,"decimal(20,4)",YES,,
financedata,hksharefinancialderivative,15,EBIT,"decimal(20,4)",YES,,
financedata,hksharefinancialderivative,16,EBITDA,"decimal(20,4)",YES,,
financedata,hksharefinancialderivative,17,FCFF,"decimal(20,4)",YES,,
financedata,hksharefinancialderivative,18,FCFE,"decimal(20,4)",YES,,
financedata,hksharefinancialderivative,19,EXINTERESTDEBT_CURRENT,"decimal(20,4)",YES,,
financedata,hksharefinancialderivative,20,EXINTERESTDEBT_NONCURRENT,"decimal(20,4)",YES,,
financedata,hksharefinancialderivative,21,INTERESTDEBT,"decimal(20,4)",YES,,
financedata,hksharefinancialderivative,22,NETDEBT,"decimal(20,4)",YES,,
financedata,hksharefinancialderivative,23,TANGIBLEASSET,"decimal(20,4)",YES,,
financedata,hksharefinancialderivative,24,WORKINGCAPITAL,"decimal(20,4)",YES,,
financedata,hksharefinancialderivative,25,NETWORKINGCAPITAL,"decimal(20,4)",YES,,
financedata,hksharefinancialderivative,26,INVESTCAPITAL,"decimal(20,4)",YES,,
financedata,hksharefinancialderivative,27,RETAINEDEARNINGS,"decimal(20,4)",YES,,
financedata,hksharefinancialderivative,28,EPS_BASIC,"decimal(20,4)",YES,,
financedata,hksharefinancialderivative,29,EPS_DILUTED,"decimal(20,4)",YES,,
financedata,hksharefinancialderivative,30,EPS_DILUTED2,"decimal(20,4)",YES,,
financedata,hksharefinancialderivative,31,EPS_DILUTED3,"decimal(20,4)",YES,,
financedata,hksharefinancialderivative,32,BPS,"decimal(20,4)",YES,,
financedata,hksharefinancialderivative,33,OCFPS,"decimal(20,4)",YES,,
financedata,hksharefinancialderivative,34,GRPS,"decimal(20,4)",YES,,
financedata,hksharefinancialderivative,35,ORPS,"decimal(20,4)",YES,,
financedata,hksharefinancialderivative,36,SURPLUSCAPITALPS,"decimal(20,4)",YES,,
financedata,hksharefinancialderivative,37,RETAINEDPS,"decimal(20,4)",YES,,
financedata,hksharefinancialderivative,38,CFPS,"decimal(20,4)",YES,,
financedata,hksharefinancialderivative,39,EBITPS,"decimal(20,4)",YES,,
financedata,hksharefinancialderivative,40,FCFFPS,"decimal(20,4)",YES,,
financedata,hksharefinancialderivative,41,FCFEPS,"decimal(20,4)",YES,,
financedata,hksharefinancialderivative,42,NETPROFITMARGIN,"decimal(20,4)",YES,,
financedata,hksharefinancialderivative,43,GROSSPROFITMARGIN,"decimal(20,4)",YES,,
financedata,hksharefinancialderivative,44,COGSTOSALES,"decimal(20,4)",YES,,
financedata,hksharefinancialderivative,45,PROFITTOGR,"decimal(20,4)",YES,,
financedata,hksharefinancialderivative,46,SALEEXPENSETOGR,"decimal(20,4)",YES,,
financedata,hksharefinancialderivative,47,ADMINEXPENSETOGR,"decimal(20,4)",YES,,
financedata,hksharefinancialderivative,48,FINAEXPENSETOGR,"decimal(20,4)",YES,,
financedata,hksharefinancialderivative,49,GCTOGR,"decimal(20,4)",YES,,
financedata,hksharefinancialderivative,50,OPTOGR,"decimal(20,4)",YES,,
financedata,hksharefinancialderivative,51,EBITTOGR,"decimal(20,4)",YES,,
financedata,hksharefinancialderivative,52,ROE,"decimal(20,4)",YES,,
financedata,hksharefinancialderivative,53,ROE_DEDUCTED,"decimal(20,4)",YES,,
financedata,hksharefinancialderivative,54,ROA2,"decimal(20,4)",YES,,
financedata,hksharefinancialderivative,55,ROA,"decimal(20,4)",YES,,
financedata,hksharefinancialderivative,56,ROIC,"decimal(20,4)",YES,,
financedata,hksharefinancialderivative,57,ROE_YEARLY,"decimal(20,4)",YES,,
financedata,hksharefinancialderivative,58,ROA2_YEARLY,"decimal(20,4)",YES,,
financedata,hksharefinancialderivative,59,ROA_YEARLY,"decimal(20,4)",YES,,
financedata,hksharefinancialderivative,60,ROIC_YEARLY,"decimal(20,4)",YES,,
financedata,hksharefinancialderivative,61,OPERATEINCOMETOEBT,"decimal(20,4)",YES,,
financedata,hksharefinancialderivative,62,INVESTINCOMETOEBT,"decimal(20,4)",YES,,
financedata,hksharefinancialderivative,63,NONOPERATEPROFITTOEBT,"decimal(20,4)",YES,,
financedata,hksharefinancialderivative,64,TAXTOEBT,"decimal(20,4)",YES,,
financedata,hksharefinancialderivative,65,CONTINUED_NET_PROFIT,"decimal(20,4)",YES,,
financedata,hksharefinancialderivative,66,NONNETOPTOTAXPROFIT,"decimal(20,4)",YES,,
financedata,hksharefinancialderivative,67,OCFTOOR,"decimal(20,4)",YES,,
financedata,hksharefinancialderivative,68,OCFTOOR1,"decimal(20,4)",YES,,
financedata,hksharefinancialderivative,69,CAPITALIZEDTODA,"decimal(20,4)",YES,,
financedata,hksharefinancialderivative,70,DEBTTOASSETS,"decimal(20,4)",YES,,
financedata,hksharefinancialderivative,71,ASSETSTOEQUITY,"decimal(20,4)",YES,,
financedata,hksharefinancialderivative,72,DUPONT_ASSETSTOEQUITY,"decimal(20,4)",YES,,
financedata,hksharefinancialderivative,73,CATOASSETS,"decimal(20,4)",YES,,
financedata,hksharefinancialderivative,74,NCATOASSETS,"decimal(20,4)",YES,,
financedata,hksharefinancialderivative,75,TANGIBLEASSETSTOASSETS,"decimal(20,4)",YES,,
financedata,hksharefinancialderivative,76,INTDEBTTOTOTALCAP,"decimal(20,4)",YES,,
financedata,hksharefinancialderivative,77,EQUITYTOTOTALCAPITAL,"decimal(20,4)",YES,,
financedata,hksharefinancialderivative,78,CURRENTDEBTTODEBT,"decimal(20,4)",YES,,
financedata,hksharefinancialderivative,79,LONGDEBTODEBT,"decimal(20,4)",YES,,
financedata,hksharefinancialderivative,80,CURRENT1,"decimal(20,4)",YES,,
financedata,hksharefinancialderivative,81,QUICK,"decimal(20,4)",YES,,
financedata,hksharefinancialderivative,82,CASHRATIO,"decimal(20,4)",YES,,
financedata,hksharefinancialderivative,83,OCFTOSHORTDEBT,"decimal(20,4)",YES,,
financedata,hksharefinancialderivative,84,DEBTTOEQUITY,"decimal(20,4)",YES,,
financedata,hksharefinancialderivative,85,EQUITYTODEBT,"decimal(20,4)",YES,,
financedata,hksharefinancialderivative,86,EQUITYTOINTERESTDEBT,"decimal(20,4)",YES,,
financedata,hksharefinancialderivative,87,TANGIBLEASSETTODEBT,"decimal(20,4)",YES,,
financedata,hksharefinancialderivative,88,TANGASSETTOINTDEBT,"decimal(20,4)",YES,,
financedata,hksharefinancialderivative,89,TANGIBLEASSETTONETDEBT1,"decimal(20,4)",YES,,
financedata,hksharefinancialderivative,90,OCFTODEBT,"decimal(20,4)",YES,,
financedata,hksharefinancialderivative,91,OCFTOINTERESTDEBT,"decimal(20,4)",YES,,
financedata,hksharefinancialderivative,92,TANGIBLEASSETTONETDEBT2,"decimal(20,4)",YES,,
financedata,hksharefinancialderivative,93,EBITTOINTEREST,"decimal(20,4)",YES,,
financedata,hksharefinancialderivative,94,LONGDEBTTOWORKINGCAPITAL,"decimal(20,4)",YES,,
financedata,hksharefinancialderivative,95,EBITDATODEBT,"decimal(20,4)",YES,,
financedata,hksharefinancialderivative,96,TURNDAYS,"decimal(20,4)",YES,,
financedata,hksharefinancialderivative,97,INVTURNDAYS,"decimal(20,4)",YES,,
financedata,hksharefinancialderivative,98,ARTURNDAYS,"decimal(20,4)",YES,,
financedata,hksharefinancialderivative,99,INVTURN,"decimal(20,4)",YES,,
financedata,hksharefinancialderivative,100,ARTURN,"decimal(20,4)",YES,,
financedata,hksharefinancialderivative,101,CATURN,"decimal(20,4)",YES,,
financedata,hksharefinancialderivative,102,FATURN,"decimal(20,4)",YES,,
financedata,hksharefinancialderivative,103,ASSETSTURN,"decimal(20,4)",YES,,
financedata,hksharefinancialderivative,104,OCFTOPROFIT,"decimal(20,4)",YES,,
financedata,hksharefinancialderivative,105,CASHTOLIQDEBT,"decimal(20,4)",YES,,
financedata,hksharefinancialderivative,106,CASHTOLIQDEBTWITHINTEREST,"decimal(20,4)",YES,,
financedata,hksharefinancialderivative,107,OPTOLIQDEBT,"decimal(20,4)",YES,,
financedata,hksharefinancialderivative,108,OPTODEBT,"decimal(20,4)",YES,,
financedata,hksharefinancialderivative,109,PROFITTOOP,"decimal(20,4)",YES,,
financedata,hksharefinancialderivative,110,NET_PROFIT5,"decimal(20,4)",YES,,
financedata,hksharefinancialderivative,111,NET_TOTAL_PROFIT,"decimal(20,4)",YES,,
financedata,hksharefinancialderivative,112,TOTAL_PROFIT_EBIT,"decimal(20,4)",YES,,
financedata,hksharefinancialderivative,113,YOYEPS_BASIC,"decimal(20,4)",YES,,
financedata,hksharefinancialderivative,114,YOYEPS_DILUTED,"decimal(20,4)",YES,,
financedata,hksharefinancialderivative,115,YOYOCFPS,"decimal(20,4)",YES,,
financedata,hksharefinancialderivative,116,YOY_TR,"decimal(20,4)",YES,,
financedata,hksharefinancialderivative,117,YOY_OR,"decimal(20,4)",YES,,
financedata,hksharefinancialderivative,118,YOYOP,"decimal(20,4)",YES,,
financedata,hksharefinancialderivative,119,YOYEBT,"decimal(20,4)",YES,,
financedata,hksharefinancialderivative,120,YOYNETPROFIT,"decimal(20,4)",YES,,
financedata,hksharefinancialderivative,121,YOYNETPROFIT_DEDUCTED,"decimal(20,4)",YES,,
financedata,hksharefinancialderivative,122,YOYOCF,"decimal(20,4)",YES,,
financedata,hksharefinancialderivative,123,YOYROE,"decimal(20,4)",YES,,
financedata,hksharefinancialderivative,124,YOYBPS,"decimal(20,4)",YES,,
financedata,hksharefinancialderivative,125,YOYASSETS,"decimal(20,4)",YES,,
financedata,hksharefinancialderivative,126,YOYEQUITY,"decimal(20,4)",YES,,
financedata,hksharefinancialderivative,127,OPDATE,date,YES,MUL,
financedata,hksharefinancialderivative,128,OPMODE,varchar(1),YES,,
financedata,hkshareshortsellingturnover,1,OBJECT_ID,varchar(100),NO,PRI,
financedata,hkshareshortsellingturnover,2,S_INFO_WINDCODE,varchar(40),YES,MUL,
financedata,hkshareshortsellingturnover,3,TRADE_DT,varchar(8),YES,MUL,
financedata,hkshareshortsellingturnover,4,S_INFO_DATATYPE,"decimal(9,0)",YES,,
financedata,hkshareshortsellingturnover,5,S_SS_VOLUME,"decimal(20,4)",YES,,
financedata,hkshareshortsellingturnover,6,S_SS_TURNOVER,"decimal(20,4)",YES,,
financedata,hkshareshortsellingturnover,7,CRNCY_CODE,varchar(10),YES,,
financedata,hkshareshortsellingturnover,8,OPDATE,date,YES,MUL,
financedata,hkshareshortsellingturnover,9,OPMODE,varchar(1),YES,,
financedata,hkshareswnindustriesclass,1,OBJECT_ID,varchar(100),NO,PRI,
financedata,hkshareswnindustriesclass,2,S_INFO_WINDCODE,varchar(40),YES,MUL,
financedata,hkshareswnindustriesclass,3,SW_IND_CODE,varchar(50),YES,,
financedata,hkshareswnindustriesclass,4,ENTRY_DT,varchar(8),YES,MUL,
financedata,hkshareswnindustriesclass,5,REMOVE_DT,varchar(8),YES,,
financedata,hkshareswnindustriesclass,6,CUR_SIGN,varchar(10),YES,,
financedata,hkshareswnindustriesclass,7,OPDATE,date,YES,MUL,
financedata,hkshareswnindustriesclass,8,OPMODE,varchar(1),YES,,
financedata,hksharettmandmrq,1,OBJECT_ID,varchar(38),NO,PRI,
financedata,hksharettmandmrq,2,S_INFO_COMPCODE,varchar(40),YES,MUL,
financedata,hksharettmandmrq,3,TRADE_DT,varchar(8),YES,MUL,
financedata,hksharettmandmrq,4,STATEMENT_TYPE,varchar(80),YES,,
financedata,hksharettmandmrq,5,CRNCY_CODE,varchar(10),YES,,
financedata,hksharettmandmrq,6,S_FA_OR_TTM,"decimal(20,4)",YES,,
financedata,hksharettmandmrq,7,S_FA_GROSSMARGIN_TTM,"decimal(22,4)",YES,,
financedata,hksharettmandmrq,8,S_FA_PREFINEXPOP_TTM,"decimal(22,4)",YES,,
financedata,hksharettmandmrq,9,S_FA_NONOPPROFIT_TTM,"decimal(22,4)",YES,,
financedata,hksharettmandmrq,10,S_FA_PCTJVPROFIT_TTM,"decimal(22,4)",YES,,
financedata,hksharettmandmrq,11,S_FA_PROFIT_BEF_TAX_TTM,"decimal(22,4)",YES,,
financedata,hksharettmandmrq,12,S_FA_PROFIT_AFT_TAX_TTM,"decimal(22,4)",YES,,
financedata,hksharettmandmrq,13,MINORITY_INT_TTM,"decimal(22,4)",YES,,
financedata,hksharettmandmrq,14,S_FA_PCTJVCPROFIT_TTM,"decimal(22,4)",YES,,
financedata,hksharettmandmrq,15,S_FA_NETPROFIT_TTM,"decimal(22,4)",YES,,
financedata,hksharettmandmrq,16,S_FA_FINAEXPENSE_TTM,"decimal(22,4)",YES,,
financedata,hksharettmandmrq,17,NET_INCR_CASH_CASH_EQU_TTM,"decimal(22,4)",YES,,
financedata,hksharettmandmrq,18,NET_CASH_FLOWS_OPER_ACT_TTM,"decimal(22,4)",YES,,
financedata,hksharettmandmrq,19,S_FA_INVESTCASHFLOW_TTM,"decimal(22,4)",YES,,
financedata,hksharettmandmrq,20,S_FA_FINANCECASHFLOW_TTM,"decimal(22,4)",YES,,
financedata,hksharettmandmrq,21,S_FA_ASSET_MRQ,"decimal(22,4)",YES,,
financedata,hksharettmandmrq,22,S_FA_DEBT_MRQ,"decimal(22,4)",YES,,
financedata,hksharettmandmrq,23,S_STM_BSMRQ,"decimal(22,4)",YES,,
financedata,hksharettmandmrq,24,S_FA_TOTALEQUITY_MRQ,"decimal(22,4)",YES,,
financedata,hksharettmandmrq,25,TOT_SHRHLDR_EQY_INCL_MIN_INT,"decimal(22,4)",YES,,
financedata,hksharettmandmrq,26,S_FA_INVESTCAPITAL_MRQ,"decimal(22,4)",YES,,
financedata,hksharettmandmrq,27,S_FA_NETPROFITMARGIN_TTM,"decimal(22,4)",YES,,
financedata,hksharettmandmrq,28,S_FA_MARGINALPROFITRATE_TTM,"decimal(22,4)",YES,,
financedata,hksharettmandmrq,29,S_FA_GROSSPROFITMARGIN_TTM,"decimal(22,4)",YES,,
financedata,hksharettmandmrq,30,S_FA_OPPROFIT_RATE,"decimal(22,4)",YES,,
financedata,hksharettmandmrq,31,S_FA_OPTOOR_TTM,"decimal(22,4)",YES,,
financedata,hksharettmandmrq,32,S_FA_PROFIT_BEF_TAX_RATE,"decimal(22,4)",YES,,
financedata,hksharettmandmrq,33,S_FA_ROE_TTM,"decimal(22,4)",YES,,
financedata,hksharettmandmrq,34,S_FA_ROA_TTM,"decimal(22,4)",YES,,
financedata,hksharettmandmrq,35,ROA_EXCLMININTINC_TTM,"decimal(22,4)",YES,,
financedata,hksharettmandmrq,36,FA_ROIC_TTM,"decimal(22,4)",YES,,
financedata,hksharettmandmrq,37,S_FA_PREFINEXPOPTOEBT_TTM,"decimal(22,4)",YES,,
financedata,hksharettmandmrq,38,S_FA_NOPTOEBT_TTM,"decimal(22,4)",YES,,
financedata,hksharettmandmrq,39,S_FA_TAXTOEBT_TTM,"decimal(22,4)",YES,,
financedata,hksharettmandmrq,40,S_FA_OCFTOOR_TTM,"decimal(22,4)",YES,,
financedata,hksharettmandmrq,41,S_FA_DEBTTOASSETS_MRQ,"decimal(22,4)",YES,,
financedata,hksharettmandmrq,42,S_FA_OCFTOOP_TTM,"decimal(22,4)",YES,,
financedata,hksharettmandmrq,43,CONTINUOUS_NET_OP_TTM,"decimal(22,4)",YES,,
financedata,hksharettmandmrq,44,NONCONTINUOUS_NET_OP_TTM,"decimal(22,4)",YES,,
financedata,hksharettmandmrq,45,S_FA_COST_TTM,"decimal(22,4)",YES,,
financedata,hksharettmandmrq,46,S_FA_OPERATEINCOME_TTM,"decimal(22,4)",YES,,
financedata,hksharettmandmrq,47,S_FA_INVESTINCOME_TTM,"decimal(22,4)",YES,,
financedata,hksharettmandmrq,48,S_FA_OP_TTM,"decimal(22,4)",YES,,
financedata,hksharettmandmrq,49,S_FA_GR_TTM,"decimal(22,4)",YES,,
financedata,hksharettmandmrq,50,S_FA_GC_TTM,"decimal(22,4)",YES,,
financedata,hksharettmandmrq,51,S_FA_PROFITTOGR_TTM,"decimal(22,4)",YES,,
financedata,hksharettmandmrq,52,S_FA_GCTOGR_TTM,"decimal(22,4)",YES,,
financedata,hksharettmandmrq,53,S_FA_ROA2_TTM,"decimal(22,4)",YES,,
financedata,hksharettmandmrq,54,S_FA_OPERATEINCOMETOEBT_TTM,"decimal(22,4)",YES,,
financedata,hksharettmandmrq,55,S_FA_INVESTINCOMETOEBT_TTM,"decimal(22,4)",YES,,
financedata,hksharettmandmrq,56,S_FA_OCFTOOPERATEINCOME_TTM,"decimal(22,4)",YES,,
financedata,hksharettmandmrq,57,S_FA_EPS_TTM,"decimal(22,4)",YES,,
financedata,hksharettmandmrq,58,S_FA_ORPS_TTM,"decimal(22,4)",YES,,
financedata,hksharettmandmrq,59,S_FA_OCFPS_TTM,"decimal(22,4)",YES,,
financedata,hksharettmandmrq,60,S_FA_CFPS_TTM,"decimal(22,4)",YES,,
financedata,hksharettmandmrq,61,S_FA_OPERATEEXPENSETOGR_TTM,"decimal(22,4)",YES,,
financedata,hksharettmandmrq,62,S_FA_ADMINEXPENSETOGR_TTM,"decimal(22,4)",YES,,
financedata,hksharettmandmrq,63,S_FA_FINAEXPENSETOGR_TTM,"decimal(22,4)",YES,,
financedata,hksharettmandmrq,64,S_FA_OPERATEEXPENSE_TTM,"decimal(22,4)",YES,,
financedata,hksharettmandmrq,65,S_FA_ADMINEXPENSE_TTM,"decimal(22,4)",YES,,
financedata,hksharettmandmrq,66,S_FA_EBIT_TTM,"decimal(22,4)",YES,,
financedata,hksharettmandmrq,67,S_FA_TOTINVESTCAPITAL_MRQ,"decimal(22,4)",YES,,
financedata,hksharettmandmrq,68,S_FA_OPTOEBT_TTM,"decimal(22,4)",YES,,
financedata,hksharettmandmrq,69,S_FA_OPTOGR_TTM,"decimal(22,4)",YES,,
financedata,hksharettmandmrq,70,S_FA_EBTTOGR_TTM,"decimal(22,4)",YES,,
financedata,hksharettmandmrq,71,NONNETOPTOTAXPROFIT,"decimal(22,4)",YES,,
financedata,hksharettmandmrq,72,NETOPTOTAXPROFIT,"decimal(22,4)",YES,,
financedata,hksharettmandmrq,73,TOT_SHR_NEW,"decimal(22,4)",YES,,
financedata,hksharettmandmrq,74,INT_EXP_TTM,"decimal(22,4)",YES,,
financedata,hksharettmandmrq,75,INC_TAX_TTM,"decimal(22,4)",YES,,
financedata,hksharettmandmrq,76,S_FA_GRPS_TTM,"decimal(22,4)",YES,,
financedata,hksharettmandmrq,77,S_FA_BPS_MRQ,"decimal(22,4)",YES,,
financedata,hksharettmandmrq,78,S_FA_EBITDA_TTM,"decimal(22,4)",YES,,
financedata,hksharettmandmrq,79,S_FA_EBIT_TTM_INVERSE,"decimal(22,4)",YES,,
financedata,hksharettmandmrq,80,S_FA_EBITDA_TTM_INVERSE,"decimal(22,4)",YES,,
financedata,hksharettmandmrq,81,OPDATE,date,YES,MUL,
financedata,hksharettmandmrq,82,OPMODE,varchar(1),YES,,
financedata,hksharettmhis,1,OBJECT_ID,varchar(38),NO,PRI,
financedata,hksharettmhis,2,S_INFO_COMPCODE,varchar(40),YES,MUL,
financedata,hksharettmhis,3,TRADE_DT,varchar(8),YES,MUL,
financedata,hksharettmhis,4,ANN_DT,varchar(8),YES,MUL,
financedata,hksharettmhis,5,STATEMENT_TYPE,varchar(80),YES,,
financedata,hksharettmhis,6,CRNCY_CODE,varchar(10),YES,,
financedata,hksharettmhis,7,TOT_OPER_REV_TTM,"decimal(20,4)",YES,,
financedata,hksharettmhis,8,OPER_REV_TTM,"decimal(20,4)",YES,,
financedata,hksharettmhis,9,NET_PROFIT_TTM,"decimal(20,4)",YES,,
financedata,hksharettmhis,10,NET_PROFIT_PARENT_COMP_TTM,"decimal(20,4)",YES,,
financedata,hksharettmhis,11,NET_CASH_FLOWS_OPER_ACT_TTM,"decimal(20,4)",YES,,
financedata,hksharettmhis,12,NET_INCR_CASH_CASH_EQU_TTM,"decimal(20,4)",YES,,
financedata,hksharettmhis,13,S_FA_EBITDA_TTM,"decimal(22,4)",YES,,
financedata,hksharettmhis,14,S_FA_EBIT_TTM_INVERSE,"decimal(22,4)",YES,,
financedata,hksharettmhis,15,S_FA_TAXTOEBT_TTM,"decimal(22,4)",YES,,
financedata,hksharettmhis,16,S_FA_NETPROFITTOOR_TTM,"decimal(22,4)",YES,,
financedata,hksharettmhis,17,S_FA_FINAEXPENSE_TTM,"decimal(22,4)",YES,,
financedata,hksharettmhis,18,S_FA_FINAEXPENSETOGR_TTM,"decimal(22,4)",YES,,
financedata,hksharettmhis,19,CONTINUOUS_NET_OP_TTM,"decimal(22,4)",YES,,
financedata,hksharettmhis,20,NETOPTOTAXPROFIT,"decimal(22,4)",YES,,
financedata,hksharettmhis,21,S_FA_FINANCECASHFLOW_TTM,"decimal(22,4)",YES,,
financedata,hksharettmhis,22,S_FA_PROFIT_AFT_TAX_TTM,"decimal(22,4)",YES,,
financedata,hksharettmhis,23,S_FA_PROFIT_BEF_TAX_TTM,"decimal(22,4)",YES,,
financedata,hksharettmhis,24,NONCONTINUOUS_NET_OP_TTM,"decimal(22,4)",YES,,
financedata,hksharettmhis,25,NONNETOPTOTAXPROFIT,"decimal(22,4)",YES,,
financedata,hksharettmhis,26,S_FA_NONOPPROFIT_TTM,"decimal(22,4)",YES,,
financedata,hksharettmhis,27,S_FA_NOPTOEBT_TTM,"decimal(22,4)",YES,,
financedata,hksharettmhis,28,S_FA_ADMINEXPENSE_TTM,"decimal(22,4)",YES,,
financedata,hksharettmhis,29,S_FA_ADMINEXPENSETOGR_TTM,"decimal(22,4)",YES,,
financedata,hksharettmhis,30,S_FA_NETPROFIT_TTM,"decimal(22,4)",YES,,
financedata,hksharettmhis,31,S_FA_INVESTINCOME_TTM,"decimal(22,4)",YES,,
financedata,hksharettmhis,32,S_FA_INVESTINCOMETOEBT_TTM,"decimal(22,4)",YES,,
financedata,hksharettmhis,33,S_FA_OCFTOOPERATEINCOME_TTM,"decimal(22,4)",YES,,
financedata,hksharettmhis,34,S_FA_OCFTOOP_TTM,"decimal(22,4)",YES,,
financedata,hksharettmhis,35,S_FA_OCFTOOR_TTM,"decimal(22,4)",YES,,
financedata,hksharettmhis,36,S_FA_OPERATEINCOME_TTM,"decimal(22,4)",YES,,
financedata,hksharettmhis,37,S_FA_OPERATEINCOMETOEBT_TTM,"decimal(22,4)",YES,,
financedata,hksharettmhis,38,S_FA_PREFINEXPOPTOOR_TTM,"decimal(22,4)",YES,,
financedata,hksharettmhis,39,S_FA_PROFITTOGR_TTM,"decimal(22,4)",YES,,
financedata,hksharettmhis,40,S_FA_ROE_TTM,"decimal(22,4)",YES,,
financedata,hksharettmhis,41,S_FA_PREFINEXPOPTOEBT_TTM,"decimal(22,4)",YES,,
financedata,hksharettmhis,42,S_FA_EBTTOGR_TTM,"decimal(22,4)",YES,,
financedata,hksharettmhis,43,INT_EXP_TTM,"decimal(22,4)",YES,,
financedata,hksharettmhis,44,S_FA_GROSSMARGIN_TTM,"decimal(22,4)",YES,,
financedata,hksharettmhis,45,MINORITY_INT_TTM,"decimal(22,4)",YES,,
financedata,hksharettmhis,46,INC_TAX_TTM,"decimal(22,4)",YES,,
financedata,hksharettmhis,47,FA_ROIC_TTM,"decimal(22,4)",YES,,
financedata,hksharettmhis,48,S_FA_INVESTCASHFLOW_TTM,"decimal(22,4)",YES,,
financedata,hksharettmhis,49,S_FA_OPERATEEXPENSE_TTM,"decimal(22,4)",YES,,
financedata,hksharettmhis,50,S_FA_OPERATEEXPENSETOGR_TTM,"decimal(22,4)",YES,,
financedata,hksharettmhis,51,S_FA_NETPROFITMARGIN_TTM,"decimal(22,4)",YES,,
financedata,hksharettmhis,52,S_FA_GROSSPROFITMARGIN_TTM,"decimal(22,4)",YES,,
financedata,hksharettmhis,53,S_FA_COST_TTM,"decimal(22,4)",YES,,
financedata,hksharettmhis,54,S_FA_OP_TTM,"decimal(22,4)",YES,,
financedata,hksharettmhis,55,S_FA_OPTOEBT_TTM,"decimal(22,4)",YES,,
financedata,hksharettmhis,56,S_FA_OPTOGR_TTM,"decimal(22,4)",YES,,
financedata,hksharettmhis,57,S_FA_OPTOOR_TTM,"decimal(22,4)",YES,,
financedata,hksharettmhis,58,S_FA_GC_TTM,"decimal(22,4)",YES,,
financedata,hksharettmhis,59,S_FA_GCTOGR_TTM,"decimal(22,4)",YES,,
financedata,hksharettmhis,60,S_FA_ROA2_TTM,"decimal(22,4)",YES,,
financedata,hksharettmhis,61,S_FA_ROA_TTM,"decimal(22,4)",YES,,
financedata,hksharettmhis,62,ROA_EXCLMININTINC_TTM,"decimal(22,4)",YES,,
financedata,hksharettmhis,63,OPDATE,date,YES,MUL,
financedata,hksharettmhis,64,OPMODE,varchar(1),YES,,
financedata,hkstockindexmembers,1,OBJECT_ID,varchar(100),NO,PRI,
financedata,hkstockindexmembers,2,S_INFO_WINDCODE,varchar(40),YES,MUL,
financedata,hkstockindexmembers,3,S_CON_WINDCODE,varchar(40),YES,MUL,
financedata,hkstockindexmembers,4,S_CON_INDATE,varchar(8),YES,MUL,
financedata,hkstockindexmembers,5,S_CON_OUTDATE,varchar(8),YES,,
financedata,hkstockindexmembers,6,CUR_SIGN,"decimal(1,0)",YES,,
financedata,hkstockindexmembers,7,OPDATE,date,YES,MUL,
financedata,hkstockindexmembers,8,OPMODE,varchar(1),YES,,
financedata,hkstockshortsellinglist,1,OBJECT_ID,varchar(100),NO,PRI,
financedata,hkstockshortsellinglist,2,S_INFO_WINDCODE,varchar(40),YES,MUL,
financedata,hkstockshortsellinglist,3,BEGINDATE,varchar(8),YES,,
financedata,hkstockshortsellinglist,4,ENDDATE,varchar(8),YES,,
financedata,hkstockshortsellinglist,5,CUR_SIGN,varchar(8),YES,,
financedata,hkstockshortsellinglist,6,OPDATE,date,YES,MUL,
financedata,hkstockshortsellinglist,7,OPMODE,varchar(1),YES,,
financedata,hkstockwindindustriesmembers,1,OBJECT_ID,varchar(100),NO,PRI,
financedata,hkstockwindindustriesmembers,2,S_INFO_WINDCODE,varchar(40),YES,MUL,
financedata,hkstockwindindustriesmembers,3,WIND_IND_CODE,varchar(50),YES,,
financedata,hkstockwindindustriesmembers,4,ENTRY_DT,varchar(8),YES,MUL,
financedata,hkstockwindindustriesmembers,5,REMOVE_DT,varchar(8),YES,,
financedata,hkstockwindindustriesmembers,6,CUR_SIGN,"decimal(1,0)",YES,,
financedata,hkstockwindindustriesmembers,7,OPDATE,date,YES,MUL,
financedata,hkstockwindindustriesmembers,8,OPMODE,varchar(1),YES,,
financedata,hktransactionstatus,1,OBJECT_ID,varchar(100),NO,PRI,
financedata,hktransactionstatus,2,S_INFO_WINDCODE,varchar(40),YES,MUL,
financedata,hktransactionstatus,3,SUSPENDDATE,varchar(8),YES,,
financedata,hktransactionstatus,4,SUSPENDTYPE,varchar(100),YES,,
financedata,hktransactionstatus,5,SUSPENDREASON,varchar(400),YES,,
financedata,hktransactionstatus,6,SUSPENDTYPECODE,"decimal(9,0)",YES,,
financedata,hktransactionstatus,7,SUSPENDREASONCODE,"decimal(9,0)",YES,,
financedata,hktransactionstatus,8,RESUMPDATE,varchar(8),YES,,
financedata,hktransactionstatus,9,RESUMPTIME,varchar(200),YES,,
financedata,hktransactionstatus,10,OPDATE,date,YES,MUL,
financedata,hktransactionstatus,11,OPMODE,varchar(1),YES,,
financedata,indexcontrastsector,1,OBJECT_ID,varchar(100),NO,PRI,
financedata,indexcontrastsector,2,S_INFO_INDEXCODE,varchar(40),YES,MUL,
financedata,indexcontrastsector,3,S_INFO_NAME,varchar(50),YES,MUL,
financedata,indexcontrastsector,4,S_INFO_INDUSTRYCODE,varchar(16),YES,,
financedata,indexcontrastsector,5,S_INFO_INDUSTRYNAME,varchar(50),YES,,
financedata,indexcontrastsector,6,S_INFO_INDUSTRYCODE2,varchar(16),YES,,
financedata,indexcontrastsector,7,S_INFO_INDUSTRYNAME_ENG,varchar(200),YES,,
financedata,indexcontrastsector,8,OPDATE,date,YES,MUL,
financedata,indexcontrastsector,9,OPMODE,varchar(1),YES,,
financedata,shscchannelholdings,1,OBJECT_ID,varchar(38),NO,PRI,
financedata,shscchannelholdings,2,S_INFO_WINDCODE,varchar(40),YES,MUL,
financedata,shscchannelholdings,3,TRADE_DT,varchar(8),YES,MUL,
financedata,shscchannelholdings,4,S_INFO_EXCHMARKETNAME,varchar(40),YES,,
financedata,shscchannelholdings,5,S_QUANTITY,"decimal(20,4)",YES,,
financedata,shscchannelholdings,6,S_RATIO,"decimal(20,4)",YES,,
financedata,shscchannelholdings,7,S_INFO_CODE,varchar(40),YES,,
financedata,shscchannelholdings,8,OPDATE,date,YES,MUL,
financedata,shscchannelholdings,9,OPMODE,varchar(1),YES,,
financedata,shscmembers,1,OBJECT_ID,varchar(100),NO,PRI,
financedata,shscmembers,2,S_INFO_WINDCODE,varchar(40),YES,MUL,
financedata,shscmembers,3,ENTRY_DT,varchar(8),YES,MUL,
financedata,shscmembers,4,REMOVE_DT,varchar(8),YES,,
financedata,shscmembers,5,CUR_SIGN,"decimal(1,0)",YES,,
financedata,shscmembers,6,OPDATE,date,YES,MUL,
financedata,shscmembers,7,OPMODE,varchar(1),YES,,
financedata,shszrelatedsecurities,1,OBJECT_ID,varchar(38),NO,PRI,
financedata,shszrelatedsecurities,2,EXCHANGE_A,varchar(40),YES,,
financedata,shszrelatedsecurities,3,SECURITIES_TYPE_A,varchar(10),YES,,
financedata,shszrelatedsecurities,4,S_INFO_WINDCODE,varchar(10),YES,MUL,
financedata,shszrelatedsecurities,5,EXCHANGE_B,varchar(40),YES,,
financedata,shszrelatedsecurities,6,SECURITIES_TYPE_B,varchar(10),YES,,
financedata,shszrelatedsecurities,7,S_INFO_WINDCOD2,varchar(10),YES,,
financedata,shszrelatedsecurities,8,S_INFO_NAME,varchar(40),YES,MUL,
financedata,shszrelatedsecurities,9,IS_EFFECTIVE,"decimal(1,0)",YES,,
financedata,shszrelatedsecurities,10,OPDATE,date,YES,MUL,
financedata,shszrelatedsecurities,11,OPMODE,varchar(1),YES,,
financedata,szscmembers,1,OBJECT_ID,varchar(100),NO,PRI,
financedata,szscmembers,2,S_INFO_WINDCODE,varchar(40),YES,MUL,
financedata,szscmembers,3,ENTRY_DT,varchar(8),YES,MUL,
financedata,szscmembers,4,REMOVE_DT,varchar(8),YES,,
financedata,szscmembers,5,CUR_SIGN,"decimal(1,0)",YES,,
financedata,szscmembers,6,OPDATE,date,YES,MUL,
financedata,szscmembers,7,OPMODE,varchar(1),YES,,
financedata,windbenchmarkinterestrate,1,OBJECT_ID,varchar(38),NO,PRI,
financedata,windbenchmarkinterestrate,2,B_INFO_BENCHMARKCODE,varchar(20),YES,,
financedata,windbenchmarkinterestrate,3,TRADE_DT,varchar(8),YES,MUL,
financedata,windbenchmarkinterestrate,4,B_INFO_RATE,"decimal(20,4)",YES,,
financedata,windbenchmarkinterestrate,5,OPDATE,date,YES,MUL,
financedata,windbenchmarkinterestrate,6,OPMODE,varchar(1),YES,,
financedata,windchinaoptionvaluation,1,OBJECT_ID,varchar(100),NO,PRI,
financedata,windchinaoptionvaluation,2,S_INFO_WINDCODE,varchar(40),YES,MUL,
financedata,windchinaoptionvaluation,3,TRADE_DT,varchar(8),YES,MUL,
financedata,windchinaoptionvaluation,4,W_ANAL_UNDERLYINGIMPLIEDVOL,"decimal(24,8)",YES,,
financedata,windchinaoptionvaluation,5,THEORE_PRICE,"decimal(24,8)",YES,,
financedata,windchinaoptionvaluation,6,W_ANAL_DELTA,"decimal(24,8)",YES,,
financedata,windchinaoptionvaluation,7,W_ANAL_THETA,"decimal(24,8)",YES,,
financedata,windchinaoptionvaluation,8,W_ANAL_GAMMA,"decimal(24,8)",YES,,
financedata,windchinaoptionvaluation,9,W_ANAL_VEGA,"decimal(24,8)",YES,,
financedata,windchinaoptionvaluation,10,W_ANAL_RHO,"decimal(24,8)",YES,,
financedata,windchinaoptionvaluation,11,OPDATE,date,YES,MUL,
financedata,windchinaoptionvaluation,12,OPMODE,varchar(1),YES,,
financedata,windcustomcode,1,OBJECT_ID,varchar(100),NO,PRI,
financedata,windcustomcode,2,S_INFO_WINDCODE,varchar(40),YES,MUL,
financedata,windcustomcode,3,S_INFO_ASHARECODE,varchar(10),YES,,
financedata,windcustomcode,4,S_INFO_COMPCODE,varchar(10),YES,,
financedata,windcustomcode,5,S_INFO_SECURITIESTYPES,varchar(10),YES,,
financedata,windcustomcode,6,S_INFO_SECTYPENAME,varchar(100),YES,,
financedata,windcustomcode,7,S_INFO_COUNTRYNAME,varchar(100),YES,,
financedata,windcustomcode,8,S_INFO_COUNTRYCODE,varchar(10),YES,,
financedata,windcustomcode,9,S_INFO_EXCHMARKETNAME,varchar(40),YES,,
financedata,windcustomcode,10,S_INFO_EXCHMARKET,varchar(20),YES,,
financedata,windcustomcode,11,CRNCY_NAME,varchar(40),YES,,
financedata,windcustomcode,12,CRNCY_CODE,varchar(10),YES,,
financedata,windcustomcode,13,S_INFO_ISINCODE,varchar(40),YES,,
financedata,windcustomcode,14,S_INFO_CODE,varchar(40),YES,,
financedata,windcustomcode,15,S_INFO_NAME,varchar(100),YES,MUL,
financedata,windcustomcode,16,EXCHMARKET,varchar(20),YES,,
financedata,windcustomcode,17,SECURITY_STATUS,"decimal(9,0)",YES,,
financedata,windcustomcode,18,S_INFO_ORG_CODE,varchar(20),YES,,
financedata,windcustomcode,19,S_INFO_TYPECODE,"decimal(9,0)",YES,,
financedata,windcustomcode,20,S_INFO_MIN_PRICE_CHG_UNIT,"decimal(24,8)",YES,,
financedata,windcustomcode,21,S_INFO_LOT_SIZE,"decimal(20,4)",YES,,
financedata,windcustomcode,22,S_INFO_ENAME,varchar(200),YES,,
financedata,windcustomcode,23,TRADING_HOURS_CODE,varchar(10),YES,,
financedata,windcustomcode,24,S_INFO_SECTYPEBCODE,"decimal(9,0)",YES,,
financedata,windcustomcode,25,S_INFO_SECTYPESCODE,"decimal(9,0)",YES,,
financedata,windcustomcode,26,S_INFO_PINYIN,varchar(40),YES,,
financedata,windcustomcode,27,OPDATE,date,YES,MUL,
financedata,windcustomcode,28,OPMODE,varchar(1),YES,,
