F_INFO_WINDCODE,PRICE_DATE,F_NAV_UNIT,F_NAV_ACCUMULATED,F_NAV_ADJUSTED,IS_EXDIVIDENDDATE,F_NAV_DISTRIBUTION
510050.SH,20041230,1.00000000,1.00000000,1.00000000,0,0.0000
510050.SH,20041231,0.99600000,0.99600000,0.99600000,0,0.0000
510050.SH,20050107,0.98100000,0.98100000,0.98100000,0,0.0000
510050.SH,20050114,0.98300000,0.98300000,0.98300000,0,0.0000
510050.SH,20050121,0.98800000,0.98800000,0.98800000,0,0.0000
510050.SH,20050128,0.97600000,0.97600000,0.97600000,0,0.0000
510050.SH,20050204,0.87300000,0.87300000,1.03350000,1,0.0000
510050.SH,20050216,0.87500000,0.87500000,1.03590000,0,0.0000
510050.SH,20050218,0.85600000,0.85600000,1.01340000,0,0.0000
510050.SH,20050221,0.87400000,0.87400000,1.03470000,0,0.0000
510050.SH,20050222,0.88700000,0.88700000,1.05010000,0,0.0000
510050.SH,20050223,0.87800000,0.87800000,1.03940000,0,0.0000
510050.SH,20050224,0.87700000,0.87700000,1.03820000,0,0.0000
510050.SH,20050225,0.87800000,0.87800000,1.03940000,0,0.0000
510050.SH,20050228,0.86900000,0.86900000,1.02880000,0,0.0000
510050.SH,20050301,0.86600000,0.86600000,1.02520000,0,0.0000
510050.SH,20050302,0.85600000,0.85600000,1.01340000,0,0.0000
510050.SH,20050303,0.86200000,0.86200000,1.02050000,0,0.0000
510050.SH,20050304,0.85900000,0.85900000,1.01690000,0,0.0000
510050.SH,20050307,0.86400000,0.86400000,1.02280000,0,0.0000
510050.SH,20050308,0.87600000,0.87600000,1.03700000,0,0.0000
510050.SH,20050309,0.86900000,0.86900000,1.02880000,0,0.0000
510050.SH,20050310,0.85100000,0.85100000,1.00740000,0,0.0000
510050.SH,20050311,0.85400000,0.85400000,1.01100000,0,0.0000
510050.SH,20050314,0.85700000,0.85700000,1.01460000,0,0.0000
510050.SH,20050315,0.84100000,0.84100000,0.99560000,0,0.0000
510050.SH,20050316,0.83300000,0.83300000,0.98610000,0,0.0000
510050.SH,20050317,0.82700000,0.82700000,0.97900000,0,0.0000
510050.SH,20050318,0.82100000,0.82100000,0.97190000,0,0.0000
510050.SH,20050321,0.82300000,0.82300000,0.97430000,0,0.0000
510050.SH,20050322,0.80800000,0.80800000,0.95650000,0,0.0000
510050.SH,20050323,0.80200000,0.80200000,0.94940000,0,0.0000
510050.SH,20050324,0.80800000,0.80800000,0.95650000,0,0.0000
510050.SH,20050325,0.80700000,0.80700000,0.95540000,0,0.0000
510050.SH,20050328,0.80600000,0.80600000,0.95420000,0,0.0000
510050.SH,20050329,0.80300000,0.80300000,0.95060000,0,0.0000
510050.SH,20050330,0.79100000,0.79100000,0.93640000,0,0.0000
510050.SH,20050331,0.79600000,0.79600000,0.94230000,0,0.0000
510050.SH,20050401,0.82300000,0.82300000,0.97430000,0,0.0000
510050.SH,20050404,0.80900000,0.80900000,0.95770000,0,0.0000
510050.SH,20050405,0.80200000,0.80200000,0.94940000,0,0.0000
510050.SH,20050406,0.81700000,0.81700000,0.96720000,0,0.0000
510050.SH,20050407,0.82500000,0.82500000,0.97670000,0,0.0000
510050.SH,20050408,0.83800000,0.83800000,0.99210000,0,0.0000
510050.SH,20050411,0.83100000,0.83100000,0.98380000,0,0.0000
510050.SH,20050412,0.81900000,0.81900000,0.96960000,0,0.0000
510050.SH,20050413,0.83600000,0.83600000,0.98970000,0,0.0000
510050.SH,20050414,0.82600000,0.82600000,0.97790000,0,0.0000
510050.SH,20050415,0.81700000,0.81700000,0.96720000,0,0.0000
510050.SH,20050418,0.80600000,0.80600000,0.95420000,0,0.0000
510050.SH,20050419,0.80900000,0.80900000,0.95770000,0,0.0000
510050.SH,20050420,0.79900000,0.79900000,0.94590000,0,0.0000
510050.SH,20050421,0.79400000,0.79400000,0.94000000,0,0.0000
510050.SH,20050422,0.79500000,0.79500000,0.94120000,0,0.0000
510050.SH,20050425,0.79100000,0.79100000,0.93640000,0,0.0000
510050.SH,20050426,0.79900000,0.79900000,0.94590000,0,0.0000
510050.SH,20050427,0.78500000,0.78500000,0.92930000,0,0.0000
510050.SH,20050428,0.79500000,0.79500000,0.94120000,0,0.0000
510050.SH,20050429,0.79200000,0.79200000,0.93760000,0,0.0000
510050.SH,20050509,0.77700000,0.77700000,0.91980000,0,0.0000
510050.SH,20050510,0.78100000,0.78100000,0.92460000,0,0.0000
510050.SH,20050511,0.77300000,0.77300000,0.91510000,0,0.0000
510050.SH,20050512,0.75600000,0.75600000,0.89500000,0,0.0000
510050.SH,20050513,0.75900000,0.75900000,0.89850000,0,0.0000
510050.SH,20050516,0.75000000,0.75000000,0.88790000,0,0.0000
510050.SH,20050517,0.75300000,0.75300000,0.89140000,0,0.0000
510050.SH,20050518,0.75500000,0.75500000,0.89380000,0,0.0000
510050.SH,20050519,0.75700000,0.75700000,0.89620000,0,0.0000
510050.SH,20050520,0.75500000,0.75500000,0.89380000,0,0.0000
510050.SH,20050523,0.74200000,0.74200000,0.87840000,0,0.0000
510050.SH,20050524,0.74200000,0.74200000,0.87840000,0,0.0000
510050.SH,20050525,0.74300000,0.74300000,0.87960000,0,0.0000
510050.SH,20050526,0.73400000,0.73400000,0.86890000,0,0.0000
510050.SH,20050527,0.72900000,0.72900000,0.86300000,0,0.0000
510050.SH,20050530,0.73400000,0.73400000,0.86890000,0,0.0000
510050.SH,20050531,0.73600000,0.73600000,0.87130000,0,0.0000
510050.SH,20050601,0.72400000,0.72400000,0.85710000,0,0.0000
510050.SH,20050602,0.70700000,0.70700000,0.83700000,0,0.0000
510050.SH,20050603,0.70600000,0.70600000,0.83580000,0,0.0000
510050.SH,20050606,0.72300000,0.72300000,0.85590000,0,0.0000
510050.SH,20050607,0.72000000,0.72000000,0.85240000,0,0.0000
510050.SH,20050608,0.77800000,0.77800000,0.92100000,0,0.0000
510050.SH,20050609,0.78400000,0.78400000,0.92810000,0,0.0000
510050.SH,20050610,0.77300000,0.77300000,0.91510000,0,0.0000
510050.SH,20050613,0.76900000,0.76900000,0.91040000,0,0.0000
510050.SH,20050614,0.76400000,0.76400000,0.90450000,0,0.0000
510050.SH,20050615,0.75500000,0.75500000,0.89380000,0,0.0000
510050.SH,20050616,0.76700000,0.76700000,0.90800000,0,0.0000
510050.SH,20050617,0.77100000,0.77100000,0.91270000,0,0.0000
510050.SH,20050620,0.79000000,0.79000000,0.93520000,0,0.0000
510050.SH,20050621,0.78000000,0.78000000,0.92340000,0,0.0000
510050.SH,20050622,0.78500000,0.78500000,0.92930000,0,0.0000
510050.SH,20050623,0.77900000,0.77900000,0.92220000,0,0.0000
510050.SH,20050624,0.78400000,0.78400000,0.92810000,0,0.0000
510050.SH,20050627,0.79400000,0.79400000,0.94000000,0,0.0000
510050.SH,20050628,0.78800000,0.78800000,0.93290000,0,0.0000
510050.SH,20050629,0.78500000,0.78500000,0.92930000,0,0.0000
510050.SH,20050630,0.77300000,0.77300000,0.91510000,0,0.0000
510050.SH,20050701,0.76200000,0.76200000,0.90210000,0,0.0000
510050.SH,20050704,0.76100000,0.76100000,0.90090000,0,0.0000
510050.SH,20050705,0.75500000,0.75500000,0.89380000,0,0.0000
510050.SH,20050706,0.74900000,0.74900000,0.88670000,0,0.0000
510050.SH,20050707,0.75000000,0.75000000,0.88790000,0,0.0000
510050.SH,20050708,0.74200000,0.74200000,0.87840000,0,0.0000
510050.SH,20050711,0.74100000,0.74100000,0.87720000,0,0.0000
510050.SH,20050712,0.76800000,0.76800000,0.90920000,0,0.0000
510050.SH,20050713,0.76300000,0.76300000,0.90330000,0,0.0000
510050.SH,20050714,0.76900000,0.76900000,0.91040000,0,0.0000
510050.SH,20050715,0.76400000,0.76400000,0.90450000,0,0.0000
510050.SH,20050718,0.76300000,0.76300000,0.90330000,0,0.0000
510050.SH,20050719,0.76300000,0.76300000,0.90330000,0,0.0000
510050.SH,20050720,0.77000000,0.77000000,0.91160000,0,0.0000
510050.SH,20050721,0.77300000,0.77300000,0.91510000,0,0.0000
510050.SH,20050722,0.78500000,0.78500000,0.92930000,0,0.0000
510050.SH,20050725,0.78100000,0.78100000,0.92460000,0,0.0000
510050.SH,20050726,0.79700000,0.79700000,0.94350000,0,0.0000
510050.SH,20050727,0.80900000,0.80900000,0.95770000,0,0.0000
510050.SH,20050728,0.80700000,0.80700000,0.95540000,0,0.0000
510050.SH,20050729,0.80500000,0.80500000,0.95300000,0,0.0000
510050.SH,20050801,0.80700000,0.80700000,0.95540000,0,0.0000
510050.SH,20050802,0.81400000,0.81400000,0.96360000,0,0.0000
510050.SH,20050803,0.81400000,0.81400000,0.96360000,0,0.0000
510050.SH,20050804,0.81200000,0.81200000,0.96130000,0,0.0000
510050.SH,20050805,0.82900000,0.82900000,0.98140000,0,0.0000
510050.SH,20050808,0.82900000,0.82900000,0.98140000,0,0.0000
510050.SH,20050809,0.83100000,0.83100000,0.98380000,0,0.0000
510050.SH,20050810,0.83900000,0.83900000,0.99320000,0,0.0000
510050.SH,20050811,0.84900000,0.84900000,1.00510000,0,0.0000
510050.SH,20050812,0.83900000,0.83900000,0.99320000,0,0.0000
510050.SH,20050815,0.85400000,0.85400000,1.01100000,0,0.0000
510050.SH,20050816,0.84200000,0.84200000,0.99680000,0,0.0000
510050.SH,20050817,0.84800000,0.84800000,1.00390000,0,0.0000
510050.SH,20050818,0.83000000,0.83000000,0.98260000,0,0.0000
510050.SH,20050819,0.83300000,0.83300000,0.98610000,0,0.0000
510050.SH,20050822,0.84000000,0.84000000,0.99440000,0,0.0000
510050.SH,20050823,0.83500000,0.83500000,0.98850000,0,0.0000
510050.SH,20050824,0.84200000,0.84200000,0.99680000,0,0.0000
510050.SH,20050825,0.84000000,0.84000000,0.99440000,0,0.0000
510050.SH,20050826,0.83900000,0.83900000,0.99320000,0,0.0000
510050.SH,20050829,0.82800000,0.82800000,0.98020000,0,0.0000
510050.SH,20050830,0.82500000,0.82500000,0.97670000,0,0.0000
510050.SH,20050831,0.83300000,0.83300000,0.98610000,0,0.0000
510050.SH,20050901,0.84400000,0.84400000,0.99920000,0,0.0000
510050.SH,20050902,0.84600000,0.84600000,1.00150000,0,0.0000
510050.SH,20050905,0.84600000,0.84600000,1.00150000,0,0.0000
510050.SH,20050906,0.83200000,0.83200000,0.98500000,0,0.0000
510050.SH,20050907,0.84100000,0.84100000,0.99560000,0,0.0000
510050.SH,20050908,0.84300000,0.84300000,0.99800000,0,0.0000
510050.SH,20050909,0.84000000,0.84000000,0.99440000,0,0.0000
510050.SH,20050912,0.83800000,0.83800000,0.99210000,0,0.0000
510050.SH,20050913,0.84600000,0.84600000,1.00150000,0,0.0000
510050.SH,20050914,0.85000000,0.85000000,1.00630000,0,0.0000
510050.SH,20050915,0.85000000,0.85000000,1.00630000,0,0.0000
510050.SH,20050916,0.84700000,0.84700000,1.00270000,0,0.0000
510050.SH,20050919,0.84800000,0.84800000,1.00390000,0,0.0000
510050.SH,20050920,0.84300000,0.84300000,0.99800000,0,0.0000
510050.SH,20050921,0.82700000,0.82700000,0.97900000,0,0.0000
510050.SH,20050922,0.81300000,0.81300000,0.96250000,0,0.0000
510050.SH,20050923,0.80900000,0.80900000,0.95770000,0,0.0000
510050.SH,20050926,0.81000000,0.81000000,0.95890000,0,0.0000
510050.SH,20050927,0.79800000,0.79800000,0.94470000,0,0.0000
510050.SH,20050928,0.79900000,0.79900000,0.94590000,0,0.0000
510050.SH,20050929,0.80800000,0.80800000,0.95650000,0,0.0000
510050.SH,20050930,0.80900000,0.80900000,0.95770000,0,0.0000
510050.SH,20051010,0.80300000,0.80300000,0.95060000,0,0.0000
510050.SH,20051011,0.81200000,0.81200000,0.96130000,0,0.0000
510050.SH,20051012,0.81100000,0.81100000,0.96010000,0,0.0000
510050.SH,20051013,0.80400000,0.80400000,0.95180000,0,0.0000
510050.SH,20051014,0.79300000,0.79300000,0.93880000,0,0.0000
510050.SH,20051017,0.78500000,0.78500000,0.92930000,0,0.0000
510050.SH,20051018,0.78700000,0.78700000,0.93170000,0,0.0000
510050.SH,20051019,0.78500000,0.78500000,0.92930000,0,0.0000
510050.SH,20051020,0.78900000,0.78900000,0.93410000,0,0.0000
510050.SH,20051021,0.79000000,0.79000000,0.93520000,0,0.0000
510050.SH,20051024,0.78600000,0.78600000,0.93050000,0,0.0000
510050.SH,20051025,0.78000000,0.78000000,0.92340000,0,0.0000
510050.SH,20051026,0.76100000,0.76100000,0.90090000,0,0.0000
510050.SH,20051027,0.76400000,0.76400000,0.90450000,0,0.0000
510050.SH,20051028,0.76300000,0.76300000,0.90330000,0,0.0000
510050.SH,20051031,0.77300000,0.77300000,0.91510000,0,0.0000
510050.SH,20051101,0.77000000,0.77000000,0.91160000,0,0.0000
510050.SH,20051102,0.77600000,0.77600000,0.91870000,0,0.0000
510050.SH,20051103,0.76900000,0.76900000,0.91040000,0,0.0000
510050.SH,20051104,0.77200000,0.77200000,0.91390000,0,0.0000
510050.SH,20051107,0.76700000,0.76700000,0.90800000,0,0.0000
510050.SH,20051108,0.77200000,0.77200000,0.91390000,0,0.0000
510050.SH,20051109,0.76900000,0.76900000,0.91040000,0,0.0000
510050.SH,20051110,0.75900000,0.75900000,0.89850000,0,0.0000
510050.SH,20051111,0.76000000,0.76000000,0.89970000,0,0.0000
510050.SH,20051114,0.75600000,0.75600000,0.89500000,0,0.0000
510050.SH,20051115,0.75200000,0.75200000,0.89020000,0,0.0000
510050.SH,20051116,0.75700000,0.75700000,0.89620000,0,0.0000
510050.SH,20051117,0.75700000,0.75700000,0.89620000,0,0.0000
510050.SH,20051118,0.77400000,0.77400000,0.91630000,0,0.0000
510050.SH,20051121,0.77200000,0.77200000,0.91390000,0,0.0000
510050.SH,20051122,0.76000000,0.76000000,0.89970000,0,0.0000
510050.SH,20051123,0.76900000,0.76900000,0.91040000,0,0.0000
510050.SH,20051124,0.77700000,0.77700000,0.91980000,0,0.0000
510050.SH,20051125,0.78300000,0.78300000,0.92690000,0,0.0000
510050.SH,20051128,0.77900000,0.77900000,0.92220000,0,0.0000
510050.SH,20051129,0.77100000,0.77100000,0.91270000,0,0.0000
510050.SH,20051130,0.77600000,0.77600000,0.91870000,0,0.0000
510050.SH,20051201,0.77500000,0.77500000,0.91750000,0,0.0000
510050.SH,20051202,0.77300000,0.77300000,0.91510000,0,0.0000
510050.SH,20051205,0.76700000,0.76700000,0.90800000,0,0.0000
510050.SH,20051206,0.77600000,0.77600000,0.91870000,0,0.0000
510050.SH,20051207,0.78400000,0.78400000,0.92810000,0,0.0000
510050.SH,20051208,0.78200000,0.78200000,0.92580000,0,0.0000
510050.SH,20051209,0.79400000,0.79400000,0.94000000,0,0.0000
510050.SH,20051212,0.79100000,0.79100000,0.93640000,0,0.0000
510050.SH,20051213,0.79000000,0.79000000,0.93520000,0,0.0000
510050.SH,20051214,0.79500000,0.79500000,0.94120000,0,0.0000
510050.SH,20051215,0.79500000,0.79500000,0.94120000,0,0.0000
510050.SH,20051216,0.79900000,0.79900000,0.94590000,0,0.0000
510050.SH,20051219,0.79800000,0.79800000,0.94470000,0,0.0000
510050.SH,20051220,0.80400000,0.80400000,0.95180000,0,0.0000
510050.SH,20051221,0.80100000,0.80100000,0.94830000,0,0.0000
510050.SH,20051222,0.80500000,0.80500000,0.95300000,0,0.0000
510050.SH,20051223,0.80900000,0.80900000,0.95770000,0,0.0000
510050.SH,20051226,0.81400000,0.81400000,0.96360000,0,0.0000
510050.SH,20051227,0.81000000,0.81000000,0.95890000,0,0.0000
510050.SH,20051228,0.81100000,0.81100000,0.96010000,0,0.0000
510050.SH,20051229,0.82000000,0.82000000,0.97070000,0,0.0000
510050.SH,20051230,0.81400000,0.81400000,0.96360000,0,0.0000
510050.SH,20051231,0.81400000,0.81400000,0.96360000,0,0.0000
510050.SH,20060104,0.83100000,0.83100000,0.98380000,0,0.0000
510050.SH,20060105,0.84600000,0.84600000,1.00150000,0,0.0000
510050.SH,20060106,0.85500000,0.85500000,1.01220000,0,0.0000
510050.SH,20060109,0.85600000,0.85600000,1.01340000,0,0.0000
510050.SH,20060110,0.85600000,0.85600000,1.01340000,0,0.0000
510050.SH,20060111,0.85000000,0.85000000,1.00630000,0,0.0000
510050.SH,20060112,0.85400000,0.85400000,1.01100000,0,0.0000
510050.SH,20060113,0.84900000,0.84900000,1.00510000,0,0.0000
510050.SH,20060116,0.83300000,0.83300000,0.98610000,0,0.0000
510050.SH,20060117,0.83600000,0.83600000,0.98970000,0,0.0000
510050.SH,20060118,0.85300000,0.85300000,1.00980000,0,0.0000
510050.SH,20060119,0.85900000,0.85900000,1.01690000,0,0.0000
510050.SH,20060120,0.85800000,0.85800000,1.01570000,0,0.0000
510050.SH,20060123,0.85800000,0.85800000,1.01570000,0,0.0000
510050.SH,20060124,0.85600000,0.85600000,1.01340000,0,0.0000
510050.SH,20060125,0.86500000,0.86500000,1.02400000,0,0.0000
510050.SH,20060206,0.87900000,0.87900000,1.04060000,0,0.0000
510050.SH,20060207,0.87400000,0.87400000,1.03470000,0,0.0000
510050.SH,20060208,0.88000000,0.88000000,1.04180000,0,0.0000
510050.SH,20060209,0.86900000,0.86900000,1.02880000,0,0.0000
510050.SH,20060210,0.87700000,0.87700000,1.03820000,0,0.0000
510050.SH,20060213,0.87600000,0.87600000,1.03700000,0,0.0000
510050.SH,20060214,0.87900000,0.87900000,1.04060000,0,0.0000
510050.SH,20060215,0.88500000,0.88500000,1.04770000,0,0.0000
510050.SH,20060216,0.87300000,0.87300000,1.03350000,0,0.0000
510050.SH,20060217,0.87500000,0.87500000,1.03590000,0,0.0000
510050.SH,20060220,0.87500000,0.87500000,1.03590000,0,0.0000
510050.SH,20060221,0.88900000,0.88900000,1.05240000,0,0.0000
510050.SH,20060222,0.88700000,0.88700000,1.05010000,0,0.0000
510050.SH,20060223,0.89400000,0.89400000,1.05840000,0,0.0000
510050.SH,20060224,0.89900000,0.89900000,1.06430000,0,0.0000
510050.SH,20060227,0.90900000,0.90900000,1.07610000,0,0.0000
510050.SH,20060228,0.91500000,0.91500000,1.08320000,0,0.0000
510050.SH,20060301,0.91700000,0.91700000,1.08560000,0,0.0000
510050.SH,20060302,0.90100000,0.90100000,1.06660000,0,0.0000
510050.SH,20060303,0.90400000,0.90400000,1.07020000,0,0.0000
510050.SH,20060306,0.90300000,1.06900000,1.06900000,0,0.0000
510050.SH,20060307,0.88500000,1.04800000,1.04770000,0,0.0000
510050.SH,20060308,0.88200000,1.04400000,1.04410000,0,0.0000
510050.SH,20060309,0.87600000,1.03700000,1.03700000,0,0.0000
510050.SH,20060310,0.87900000,1.04100000,1.04060000,0,0.0000
510050.SH,20060313,0.88600000,1.04900000,1.04890000,0,0.0000
510050.SH,20060314,0.88300000,1.04500000,1.04530000,0,0.0000
510050.SH,20060315,0.89000000,1.05400000,1.05360000,0,0.0000
510050.SH,20060316,0.88800000,1.05100000,1.05130000,0,0.0000
510050.SH,20060317,0.88500000,1.04800000,1.04770000,0,0.0000
510050.SH,20060320,0.89700000,1.06200000,1.06190000,0,0.0000
510050.SH,20060321,0.89700000,1.06200000,1.06190000,0,0.0000
510050.SH,20060322,0.89800000,1.06300000,1.06310000,0,0.0000
510050.SH,20060323,0.89700000,1.06200000,1.06190000,0,0.0000
510050.SH,20060324,0.89100000,1.05500000,1.05480000,0,0.0000
510050.SH,20060327,0.89500000,1.06000000,1.05950000,0,0.0000
510050.SH,20060328,0.89700000,1.06200000,1.06190000,0,0.0000
510050.SH,20060329,0.90700000,1.07400000,1.07370000,0,0.0000
510050.SH,20060330,0.90000000,1.06500000,1.06550000,0,0.0000
510050.SH,20060331,0.90000000,1.06500000,1.06550000,0,0.0000
510050.SH,20060403,0.91300000,1.08100000,1.08080000,0,0.0000
510050.SH,20060404,0.92200000,1.09200000,1.09150000,0,0.0000
510050.SH,20060405,0.92800000,1.09900000,1.09860000,0,0.0000
510050.SH,20060406,0.92300000,1.09300000,1.09270000,0,0.0000
510050.SH,20060407,0.91800000,1.08700000,1.08680000,0,0.0000
510050.SH,20060410,0.93000000,1.10100000,1.10100000,0,0.0000
510050.SH,20060411,0.93300000,1.10500000,1.10450000,0,0.0000
510050.SH,20060412,0.93000000,1.10100000,1.10100000,0,0.0000
510050.SH,20060413,0.91300000,1.08100000,1.08080000,0,0.0000
510050.SH,20060414,0.93200000,1.10300000,1.10330000,0,0.0000
510050.SH,20060417,0.94300000,1.11600000,1.11640000,0,0.0000
510050.SH,20060418,0.94900000,1.12300000,1.12350000,0,0.0000
510050.SH,20060419,0.95300000,1.12800000,1.12820000,0,0.0000
510050.SH,20060420,0.94400000,1.11800000,1.11750000,0,0.0000
510050.SH,20060421,0.96200000,1.13900000,1.13890000,0,0.0000
510050.SH,20060424,0.96400000,1.14100000,1.14120000,0,0.0000
510050.SH,20060425,0.95500000,1.13100000,1.13060000,0,0.0000
510050.SH,20060426,0.97200000,1.15100000,1.15070000,0,0.0000
510050.SH,20060427,0.96800000,1.14600000,1.14600000,0,0.0000
510050.SH,20060428,0.98900000,1.17100000,1.17080000,0,0.0000
510050.SH,20060508,1.02000000,1.20800000,1.20750000,0,0.0000
510050.SH,20060509,1.04100000,1.23200000,1.23240000,0,0.0000
510050.SH,20060510,1.04600000,1.23800000,1.23830000,0,0.0000
510050.SH,20060511,1.03600000,1.22600000,1.22650000,0,0.0000
510050.SH,20060512,1.07500000,1.27300000,1.27260000,0,0.0000
510050.SH,20060515,1.11000000,1.31400000,1.31410000,0,0.0000
510050.SH,20060516,1.10500000,1.30800000,1.30810000,0,0.0000
510050.SH,20060517,1.10700000,1.31100000,1.31050000,0,0.0000
510050.SH,20060518,1.09400000,1.29500000,1.29510000,0,0.0000
510050.SH,20060519,1.10300000,1.33400000,1.33506507,1,0.0240
510050.SH,20060522,1.10400000,1.33500000,1.33627546,0,0.0240
510050.SH,20060523,1.07100000,1.29600000,1.29633245,0,0.0240
510050.SH,20060524,1.06800000,1.29300000,1.29270126,0,0.0240
510050.SH,20060525,1.06900000,1.29400000,1.29391166,0,0.0240
510050.SH,20060526,1.08400000,1.31200000,1.31206757,0,0.0240
510050.SH,20060529,1.11000000,1.34200000,1.34353783,0,0.0240
510050.SH,20060530,1.11300000,1.34600000,1.34716901,0,0.0240
510050.SH,20060531,1.10200000,1.33300000,1.33385467,0,0.0240
510050.SH,20060601,1.13000000,1.36600000,1.36774572,0,0.0240
510050.SH,20060602,1.12000000,1.35400000,1.35564177,0,0.0240
510050.SH,20060605,1.12500000,1.36000000,1.36169375,0,0.0240
510050.SH,20060606,1.12300000,1.35800000,1.35927296,0,0.0240
510050.SH,20060607,1.07200000,1.29700000,1.29754284,0,0.0240
510050.SH,20060608,1.08200000,1.30900000,1.30964678,0,0.0240
510050.SH,20060609,1.05900000,1.28200000,1.28180771,0,0.0240
510050.SH,20060612,1.06300000,1.28700000,1.28664929,0,0.0240
510050.SH,20060613,1.06100000,1.28400000,1.28422850,0,0.0240
510050.SH,20060614,1.05000000,1.27100000,1.27091416,0,0.0240
510050.SH,20060615,1.05000000,1.27100000,1.27091416,0,0.0240
510050.SH,20060616,1.07600000,1.30200000,1.30238442,0,0.0240
510050.SH,20060619,1.08600000,1.31400000,1.31448836,0,0.0240
510050.SH,20060620,1.09000000,1.31900000,1.31932994,0,0.0240
510050.SH,20060621,1.08600000,1.31400000,1.31448836,0,0.0240
510050.SH,20060622,1.08700000,1.31500000,1.31569876,0,0.0240
510050.SH,20060623,1.09200000,1.32100000,1.32175073,0,0.0240
510050.SH,20060626,1.11500000,1.34800000,1.34958980,0,0.0240
510050.SH,20060627,1.11300000,1.34600000,1.34716901,0,0.0240
510050.SH,20060628,1.11200000,1.34500000,1.34595862,0,0.0240
510050.SH,20060629,1.13600000,1.37300000,1.37500808,0,0.0240
510050.SH,20060630,1.13400000,1.37100000,1.37258729,0,0.0240
510050.SH,20060703,1.15700000,1.39800000,1.40042637,0,0.0240
510050.SH,20060704,1.14700000,1.38600000,1.38832242,0,0.0240
510050.SH,20060705,1.12500000,1.36000000,1.36169375,0,0.0240
510050.SH,20060706,1.14100000,1.37900000,1.38106006,0,0.0240
510050.SH,20060707,1.13000000,1.36600000,1.36774572,0,0.0240
510050.SH,20060710,1.13000000,1.36600000,1.36774572,0,0.0240
510050.SH,20060711,1.13300000,1.37000000,1.37137690,0,0.0240
510050.SH,20060712,1.13200000,1.36900000,1.37016651,0,0.0240
510050.SH,20060713,1.08400000,1.31200000,1.31206757,0,0.0240
510050.SH,20060714,1.09200000,1.32100000,1.32175073,0,0.0240
510050.SH,20060717,1.10000000,1.33100000,1.33143388,0,0.0240
510050.SH,20060718,1.09700000,1.32700000,1.32780270,0,0.0240
510050.SH,20060719,1.07300000,1.29900000,1.29875323,0,0.0240
510050.SH,20060720,1.07900000,1.30600000,1.30601560,0,0.0240
510050.SH,20060721,1.08900000,1.31800000,1.31811955,0,0.0240
510050.SH,20060724,1.09100000,1.32000000,1.32054033,0,0.0240
510050.SH,20060725,1.10100000,1.33200000,1.33264428,0,0.0240
510050.SH,20060726,1.10200000,1.33300000,1.33385467,0,0.0240
510050.SH,20060727,1.09300000,1.32200000,1.32296112,0,0.0240
510050.SH,20060728,1.08300000,1.31100000,1.31085718,0,0.0240
510050.SH,20060731,1.05300000,1.27500000,1.27454535,0,0.0240
510050.SH,20060801,1.04300000,1.26300000,1.26244140,0,0.0240
510050.SH,20060802,1.03900000,1.25800000,1.25759982,0,0.0240
510050.SH,20060803,1.04000000,1.26000000,1.25881022,0,0.0240
510050.SH,20060804,1.02300000,1.23900000,1.23823351,0,0.0240
510050.SH,20060807,1.01000000,1.22400000,1.22249838,0,0.0240
510050.SH,20060808,1.02700000,1.24400000,1.24307509,0,0.0240
510050.SH,20060809,1.02600000,1.24300000,1.24186470,0,0.0240
510050.SH,20060810,1.04400000,1.26400000,1.26365180,0,0.0240
510050.SH,20060811,1.04400000,1.26400000,1.26365180,0,0.0240
510050.SH,20060814,1.02500000,1.24200000,1.24065430,0,0.0240
510050.SH,20060815,1.04000000,1.26000000,1.25881022,0,0.0240
510050.SH,20060816,1.05100000,1.27300000,1.27212456,0,0.0240
510050.SH,20060817,1.04300000,1.26300000,1.26244140,0,0.0240
510050.SH,20060818,1.04200000,1.26200000,1.26123101,0,0.0240
510050.SH,20060821,1.04300000,1.26300000,1.26244140,0,0.0240
510050.SH,20060822,1.05300000,1.27500000,1.27454535,0,0.0240
510050.SH,20060823,1.05400000,1.27600000,1.27575574,0,0.0240
510050.SH,20060824,1.06100000,1.28400000,1.28422850,0,0.0240
510050.SH,20060825,1.06100000,1.28400000,1.28422850,0,0.0240
510050.SH,20060828,1.07900000,1.30600000,1.30601560,0,0.0240
510050.SH,20060829,1.08000000,1.30700000,1.30722600,0,0.0240
510050.SH,20060830,1.07900000,1.30600000,1.30601560,0,0.0240
510050.SH,20060831,1.07900000,1.30600000,1.30601560,0,0.0240
510050.SH,20060901,1.06500000,1.28900000,1.28907008,0,0.0240
510050.SH,20060904,1.07800000,1.30500000,1.30480521,0,0.0240
510050.SH,20060905,1.08400000,1.31200000,1.31206757,0,0.0240
510050.SH,20060906,1.08900000,1.31800000,1.31811955,0,0.0240
510050.SH,20060907,1.07800000,1.30500000,1.30480521,0,0.0240
510050.SH,20060908,1.08400000,1.31200000,1.31206757,0,0.0240
510050.SH,20060911,1.09200000,1.32100000,1.32175073,0,0.0240
510050.SH,20060912,1.10000000,1.33100000,1.33143388,0,0.0240
510050.SH,20060913,1.10400000,1.33500000,1.33627546,0,0.0240
510050.SH,20060914,1.10600000,1.33800000,1.33869625,0,0.0240
510050.SH,20060915,1.12900000,1.36500000,1.36653532,0,0.0240
510050.SH,20060918,1.13000000,1.36600000,1.36774572,0,0.0240
510050.SH,20060919,1.13600000,1.37300000,1.37500808,0,0.0240
510050.SH,20060920,1.13300000,1.37000000,1.37137690,0,0.0240
510050.SH,20060921,1.14300000,1.38200000,1.38348084,0,0.0240
510050.SH,20060922,1.13000000,1.36600000,1.36774572,0,0.0240
510050.SH,20060925,1.12800000,1.36400000,1.36532493,0,0.0240
510050.SH,20060926,1.11400000,1.34700000,1.34837941,0,0.0240
510050.SH,20060927,1.12500000,1.36000000,1.36169375,0,0.0240
510050.SH,20060928,1.13700000,1.37400000,1.37621848,0,0.0240
510050.SH,20060929,1.15000000,1.39000000,1.39195361,0,0.0240
510050.SH,20060930,1.15000000,1.39000000,1.39195361,0,0.0240
510050.SH,20061009,1.18600000,1.43200000,1.43552781,0,0.0240
510050.SH,20061010,1.18700000,1.43400000,1.43673820,0,0.0240
510050.SH,20061011,1.18700000,1.43400000,1.43673820,0,0.0240
510050.SH,20061012,1.18300000,1.42900000,1.43189662,0,0.0240
510050.SH,20061013,1.18500000,1.43100000,1.43431741,0,0.0240
510050.SH,20061016,1.17100000,1.41500000,1.41737189,0,0.0240
510050.SH,20061017,1.16100000,1.40300000,1.40526794,0,0.0240
510050.SH,20061018,1.18200000,1.42800000,1.43068623,0,0.0240
510050.SH,20061019,1.18300000,1.42900000,1.43189662,0,0.0240
510050.SH,20061020,1.18700000,1.43400000,1.43673820,0,0.0240
510050.SH,20061023,1.16900000,1.41200000,1.41495110,0,0.0240
510050.SH,20061024,1.19500000,1.44300000,1.44642136,0,0.0240
510050.SH,20061025,1.20200000,1.45100000,1.45489412,0,0.0240
510050.SH,20061026,1.21300000,1.46400000,1.46820846,0,0.0240
510050.SH,20061027,1.20100000,1.45000000,1.45368372,0,0.0240
510050.SH,20061030,1.21300000,1.46400000,1.46820846,0,0.0240
510050.SH,20061031,1.23200000,1.48700000,1.49120595,0,0.0240
510050.SH,20061101,1.24900000,1.50700000,1.51178266,0,0.0240
510050.SH,20061102,1.24600000,1.50300000,1.50815147,0,0.0240
510050.SH,20061103,1.25800000,1.51800000,1.52267621,0,0.0240
510050.SH,20061106,1.28600000,1.55100000,1.55656725,0,0.0240
510050.SH,20061107,1.29800000,1.56500000,1.57109198,0,0.0240
510050.SH,20061108,1.28200000,1.54600000,1.55172567,0,0.0240
510050.SH,20061109,1.31100000,1.58000000,1.58682711,0,0.0240
510050.SH,20061110,1.30300000,1.57100000,1.57714396,0,0.0240
510050.SH,20061113,1.28400000,1.54800000,1.55414646,0,0.0240
510050.SH,20061114,1.29800000,1.56500000,1.57109198,0,0.0240
510050.SH,20061115,1.32900000,1.60200000,1.60861421,0,0.0240
510050.SH,20061116,1.29800000,1.60900000,1.61608456,1,0.0610
510050.SH,20061117,1.32000000,1.63500000,1.64347582,0,0.0610
510050.SH,20061120,1.35800000,1.68000000,1.69078800,0,0.0610
510050.SH,20061121,1.37300000,1.69800000,1.70946387,0,0.0610
510050.SH,20061122,1.37800000,1.70400000,1.71568915,0,0.0610
510050.SH,20061123,1.39000000,1.71800000,1.73062984,0,0.0610
510050.SH,20061124,1.38100000,1.70700000,1.71942432,0,0.0610
510050.SH,20061127,1.37800000,1.70400000,1.71568915,0,0.0610
510050.SH,20061128,1.36600000,1.68900000,1.70074846,0,0.0610
510050.SH,20061129,1.38000000,1.70600000,1.71817927,0,0.0610
510050.SH,20061130,1.42000000,1.75300000,1.76798156,0,0.0610
510050.SH,20061201,1.42500000,1.75900000,1.77420685,0,0.0610
510050.SH,20061204,1.47700000,1.82100000,1.83894984,0,0.0610
510050.SH,20061205,1.48800000,1.83400000,1.85264547,0,0.0610
510050.SH,20061206,1.48400000,1.82900000,1.84766524,0,0.0610
510050.SH,20061207,1.49500000,1.84200000,1.86136087,0,0.0610
510050.SH,20061208,1.44200000,1.77900000,1.79537283,0,0.0610
510050.SH,20061211,1.50700000,1.85600000,1.87630156,0,0.0610
510050.SH,20061212,1.52300000,1.87500000,1.89622248,0,0.0610
510050.SH,20061213,1.52300000,1.87500000,1.89622248,0,0.0610
510050.SH,20061214,1.55100000,1.90800000,1.93108409,0,0.0610
510050.SH,20061215,1.57100000,1.93200000,1.95598524,0,0.0610
510050.SH,20061218,1.60900000,1.97700000,2.00329742,0,0.0610
510050.SH,20061219,1.61500000,1.98400000,2.01076777,0,0.0610
510050.SH,20061220,1.61500000,1.98400000,2.01076777,0,0.0610
510050.SH,20061221,1.59200000,1.95700000,1.98213144,0,0.0610
510050.SH,20061222,1.58800000,1.95200000,1.97715121,0,0.0610
510050.SH,20061225,1.63200000,2.00400000,2.03193374,0,0.0610
510050.SH,20061226,1.63900000,2.01300000,2.04064914,0,0.0610
510050.SH,20061227,1.68900000,2.07200000,2.10290202,0,0.0610
510050.SH,20061228,1.69900000,2.08400000,2.11535259,0,0.0610
510050.SH,20061229,1.76400000,2.16100000,2.19628132,0,0.0610
510050.SH,20061231,1.76300000,2.15900000,2.19503627,0,0.0610
510050.SH,20070104,1.80000000,2.20300000,2.24110339,0,0.0610
510050.SH,20070105,1.78500000,2.18500000,2.22242753,0,0.0610
510050.SH,20070108,1.82400000,2.23200000,2.27098477,0,0.0610
510050.SH,20070109,1.89800000,2.31900000,2.36311902,0,0.0610
510050.SH,20070110,1.92500000,2.35100000,2.39673557,0,0.0610
510050.SH,20070111,1.88800000,2.30700000,2.35066845,0,0.0610
510050.SH,20070112,1.83600000,2.24600000,2.28592546,0,0.0610
510050.SH,20070115,1.91700000,2.34200000,2.38677511,0,0.0610
510050.SH,20070116,1.94600000,2.37600000,2.42288178,0,0.0610
510050.SH,20070117,1.92000000,2.34500000,2.39051028,0,0.0610
510050.SH,20070118,1.90200000,2.32400000,2.36809925,0,0.0610
510050.SH,20070119,1.96000000,2.39300000,2.44031258,0,0.0610
510050.SH,20070122,2.03800000,2.48500000,2.53742706,0,0.0610
510050.SH,20070123,2.07500000,2.52900000,2.58349419,0,0.0610
510050.SH,20070124,2.11000000,2.57000000,2.62707120,0,0.0610
510050.SH,20070125,2.06300000,2.51400000,2.56855350,0,0.0610
510050.SH,20070126,2.13400000,2.59900000,2.65695258,0,0.0610
510050.SH,20070129,2.19900000,2.67500000,2.73788131,0,0.0610
510050.SH,20070130,2.17900000,2.65200000,2.71298016,0,0.0610
510050.SH,20070131,2.03400000,2.48000000,2.53244683,0,0.0610
510050.SH,20070201,2.03100000,2.47700000,2.52871166,0,0.0610
510050.SH,20070202,1.93900000,2.36800000,2.41416638,0,0.0610
510050.SH,20070205,1.88800000,2.30700000,2.35066845,0,0.0610
510050.SH,20070206,1.93600000,2.36400000,2.41043120,0,0.0610
510050.SH,20070207,1.98400000,2.42100000,2.47019396,0,0.0610
510050.SH,20070208,2.00600000,2.44700000,2.49758522,0,0.0610
510050.SH,20070209,1.98400000,2.42100000,2.47019396,0,0.0610
510050.SH,20070212,2.05900000,2.51000000,2.56357327,0,0.0610
510050.SH,20070213,2.08600000,2.54200000,2.59718982,0,0.0610
510050.SH,20070214,2.15000000,2.61700000,2.67687350,0,0.0610
510050.SH,20070215,2.21000000,2.68900000,2.75157694,0,0.0610
510050.SH,20070216,2.20900000,2.68700000,2.75033188,0,0.0610
510050.SH,20070226,2.22200000,2.70300000,2.76651763,0,0.0610
510050.SH,20070227,2.01200000,2.45400000,2.50505557,0,0.0610
510050.SH,20070228,2.07600000,2.53000000,2.58473925,0,0.0610
510050.SH,20070301,2.02300000,2.46700000,2.51875120,0,0.0610
510050.SH,20070302,2.04800000,2.49700000,2.54987764,0,0.0610
510050.SH,20070305,2.00000000,2.44000000,2.49011488,0,0.0610
510050.SH,20070306,2.05500000,2.50500000,2.55859304,0,0.0610
510050.SH,20070307,2.10300000,2.56200000,2.61835580,0,0.0610
510050.SH,20070308,2.11900000,2.58100000,2.63827672,0,0.0610
510050.SH,20070309,2.11400000,2.57500000,2.63205143,0,0.0610
510050.SH,20070312,2.10800000,2.56800000,2.62458108,0,0.0610
510050.SH,20070313,2.11700000,2.57800000,2.63578660,0,0.0610
510050.SH,20070314,2.07100000,2.52400000,2.57851396,0,0.0610
510050.SH,20070315,2.11100000,2.57100000,2.62831626,0,0.0610
510050.SH,20070316,2.08000000,2.53500000,2.58971948,0,0.0610
510050.SH,20070319,2.14800000,2.61500000,2.67438338,0,0.0610
510050.SH,20070320,2.14700000,2.61400000,2.67313832,0,0.0610
510050.SH,20070321,2.16700000,2.63800000,2.69803947,0,0.0610
510050.SH,20070322,2.18100000,2.65400000,2.71547028,0,0.0610
510050.SH,20070323,2.17400000,2.64600000,2.70675487,0,0.0610
510050.SH,20070326,2.20500000,2.68300000,2.74535166,0,0.0610
510050.SH,20070327,2.21000000,2.68900000,2.75157694,0,0.0610
510050.SH,20070328,2.25200000,2.73800000,2.80386935,0,0.0610
510050.SH,20070329,2.26900000,2.75800000,2.82503533,0,0.0610
510050.SH,20070330,2.25800000,2.74500000,2.81133970,0,0.0610
510050.SH,20070331,2.25800000,2.31900000,2.81133970,0,0.0610
510050.SH,20070402,2.30700000,2.80300000,2.87234751,0,0.0610
510050.SH,20070403,2.32800000,2.82800000,2.89849372,0,0.0610
510050.SH,20070404,2.33900000,2.84100000,2.91218935,0,0.0610
510050.SH,20070405,2.35300000,2.85800000,2.92962016,0,0.0610
510050.SH,20070406,2.35000000,2.85400000,2.92588498,0,0.0610
510050.SH,20070409,2.39800000,2.91100000,2.98564774,0,0.0610
510050.SH,20070410,2.42700000,2.94500000,3.02175441,0,0.0610
510050.SH,20070411,2.46500000,2.99000000,3.06906659,0,0.0610
510050.SH,20070412,2.49100000,3.02100000,3.10143808,0,0.0610
510050.SH,20070413,2.47400000,3.00100000,3.08027211,0,0.0610
510050.SH,20070416,2.54100000,3.08000000,3.16369096,0,0.0610
510050.SH,20070417,2.53500000,3.07300000,3.15622061,0,0.0610
510050.SH,20070418,2.51900000,3.05400000,3.13629969,0,0.0610
510050.SH,20070419,2.41600000,2.93200000,3.00805878,0,0.0610
510050.SH,20070420,2.50400000,3.03700000,3.11762383,0,0.0610
510050.SH,20070423,2.60500000,3.15600000,3.24337463,0,0.0610
510050.SH,20070424,2.61400000,3.16700000,3.25458015,0,0.0610
510050.SH,20070425,2.63600000,3.19300000,3.28197141,0,0.0610
510050.SH,20070426,2.65400000,3.21400000,3.30438245,0,0.0610
510050.SH,20070427,2.63000000,3.18600000,3.27450107,0,0.0610
510050.SH,20070430,2.67700000,3.24100000,3.33301877,0,0.0610
510050.SH,20070508,2.75100000,3.32900000,3.42515302,0,0.0610
510050.SH,20070509,2.78500000,3.36900000,3.46748497,0,0.0610
510050.SH,20070510,2.81100000,3.40000000,3.49985646,0,0.0610
510050.SH,20070511,2.80100000,3.38800000,3.48740589,0,0.0610
510050.SH,20070514,2.82000000,3.41100000,3.51106198,0,0.0610
510050.SH,20070515,2.70900000,3.27900000,3.37286060,0,0.0610
510050.SH,20070516,2.76500000,3.34600000,3.44258382,0,0.0610
510050.SH,20070517,2.80500000,3.39300000,3.49238612,0,0.0610
510050.SH,20070518,2.78800000,3.37300000,3.47122014,0,0.0610
510050.SH,20070521,2.79800000,3.38500000,3.48367072,0,0.0610
510050.SH,20070522,2.81400000,3.40400000,3.50359164,0,0.0610
510050.SH,20070523,2.85100000,3.44700000,3.54965876,0,0.0610
510050.SH,20070524,2.83800000,3.43200000,3.53347301,0,0.0610
510050.SH,20070525,2.86800000,3.46700000,3.57082474,0,0.0610
510050.SH,20070528,2.92000000,3.52900000,3.63556772,0,0.0610
510050.SH,20070529,2.97200000,3.59100000,3.70031071,0,0.0610
510050.SH,20070530,2.79000000,3.37500000,3.47371026,0,0.0610
510050.SH,20070531,2.88200000,3.48400000,3.58825554,0,0.0610
510050.SH,20070601,2.84700000,3.44300000,3.54467853,0,0.0610
510050.SH,20070604,2.64800000,3.20700000,3.29691210,0,0.0610
510050.SH,20070605,2.72300000,3.29600000,3.39029141,0,0.0610
510050.SH,20070606,2.72600000,3.29900000,3.39402658,0,0.0610
510050.SH,20070607,2.79900000,3.38600000,3.48491577,0,0.0610
510050.SH,20070608,2.79600000,3.38200000,3.48118060,0,0.0610
510050.SH,20070611,2.86100000,3.45900000,3.56210934,0,0.0610
510050.SH,20070612,2.92500000,3.53500000,3.64179301,0,0.0610
510050.SH,20070613,2.98500000,3.60600000,3.71649646,0,0.0610
510050.SH,20070614,2.95100000,3.56600000,3.67416451,0,0.0610
510050.SH,20070615,2.97600000,3.59500000,3.70529094,0,0.0610
510050.SH,20070618,3.07100000,3.70800000,3.82357140,0,0.0610
510050.SH,20070619,3.07300000,3.71000000,3.82606151,0,0.0610
510050.SH,20070620,3.00100000,3.62500000,3.73641738,0,0.0610
510050.SH,20070621,3.05400000,3.68800000,3.80240542,0,0.0610
510050.SH,20070622,2.99600000,3.61900000,3.73019209,0,0.0610
510050.SH,20070625,2.91400000,3.52200000,3.62809738,0,0.0610
510050.SH,20070626,2.93900000,3.55200000,3.65922382,0,0.0610
510050.SH,20070627,3.02700000,3.65600000,3.76878887,0,0.0610
510050.SH,20070628,2.94400000,3.55700000,3.66544910,0,0.0610
510050.SH,20070629,2.89400000,3.49800000,3.60319623,0,0.0610
510050.SH,20070630,2.89400000,3.49800000,3.60319623,0,0.0610
510050.SH,20070702,2.89700000,3.50200000,3.60693140,0,0.0610
510050.SH,20070703,2.93900000,3.55200000,3.65922382,0,0.0610
510050.SH,20070704,2.86600000,3.46500000,3.56833462,0,0.0610
510050.SH,20070705,2.73700000,3.31200000,3.40772221,0,0.0610
510050.SH,20070706,2.84400000,3.43900000,3.54094336,0,0.0610
510050.SH,20070709,2.92100000,3.53000000,3.63681278,0,0.0610
510050.SH,20070710,2.91700000,3.52500000,3.63183255,0,0.0610
510050.SH,20070711,2.91900000,3.52800000,3.63432267,0,0.0610
510050.SH,20070712,2.95300000,3.56800000,3.67665462,0,0.0610
510050.SH,20070713,2.95200000,3.56700000,3.67540956,0,0.0610
510050.SH,20070716,2.86400000,3.46300000,3.56584451,0,0.0610
510050.SH,20070717,2.93900000,3.55200000,3.65922382,0,0.0610
510050.SH,20070718,2.96000000,3.57600000,3.68537002,0,0.0610
510050.SH,20070719,2.95200000,3.56700000,3.67540956,0,0.0610
510050.SH,20070720,3.07800000,3.71600000,3.83228680,0,0.0610
510050.SH,20070723,3.19300000,3.85200000,3.97546841,0,0.0610
510050.SH,20070724,3.19700000,3.85700000,3.98044864,0,0.0610
510050.SH,20070725,3.26800000,3.94100000,4.06884771,0,0.0610
510050.SH,20070726,3.27400000,3.94800000,4.07631806,0,0.0610
510050.SH,20070727,3.25800000,3.92900000,4.05639714,0,0.0610
510050.SH,20070730,3.32500000,4.00800000,4.13981599,0,0.0610
510050.SH,20070731,3.35400000,4.04300000,4.17592265,0,0.0610
510050.SH,20070801,3.25200000,3.92200000,4.04892679,0,0.0610
510050.SH,20070802,3.33000000,4.01400000,4.14604128,0,0.0610
510050.SH,20070803,3.47800000,4.19000000,4.33030978,0,0.0610
510050.SH,20070806,3.55400000,4.28000000,4.42493414,0,0.0610
510050.SH,20070807,3.56500000,4.29300000,4.43862977,0,0.0610
510050.SH,20070808,3.54400000,4.26800000,4.41248357,0,0.0610
510050.SH,20070809,3.64300000,4.38500000,4.53574425,0,0.0610
510050.SH,20070810,3.64500000,4.38700000,4.53823437,0,0.0610
510050.SH,20070813,3.67400000,4.42200000,4.57434103,0,0.0610
510050.SH,20070814,3.70800000,4.46200000,4.61667299,0,0.0610
510050.SH,20070815,3.72800000,4.48600000,4.64157414,0,0.0610
510050.SH,20070816,3.63400000,4.37400000,4.52453874,0,0.0610
510050.SH,20070817,3.54100000,4.26400000,4.40874840,0,0.0610
510050.SH,20070820,3.74900000,4.51000000,4.66772034,0,0.0610
510050.SH,20070821,3.81500000,4.58900000,4.74989413,0,0.0610
510050.SH,20070822,3.86200000,4.64400000,4.80841183,0,0.0610
510050.SH,20070823,3.91100000,4.70200000,4.86941965,0,0.0610
510050.SH,20070824,4.00800000,4.81700000,4.99019022,0,0.0610
510050.SH,20070827,4.03300000,4.84700000,5.02131666,0,0.0610
510050.SH,20070828,4.04500000,4.86100000,5.03625734,0,0.0610
510050.SH,20070829,3.97900000,4.78300000,4.95408355,0,0.0610
510050.SH,20070830,4.01200000,4.82200000,4.99517045,0,0.0610
510050.SH,20070831,4.06600000,4.88600000,5.06240355,0,0.0610
510050.SH,20070903,4.15200000,4.98800000,5.16947849,0,0.0610
510050.SH,20070904,4.09000000,4.91400000,5.09228493,0,0.0610
510050.SH,20070905,4.07800000,4.90000000,5.07734424,0,0.0610
510050.SH,20070906,4.13600000,4.96900000,5.14955757,0,0.0610
510050.SH,20070907,4.05500000,4.87300000,5.04870792,0,0.0610
510050.SH,20070910,4.11200000,4.94000000,5.11967619,0,0.0610
510050.SH,20070911,3.93900000,4.73500000,4.90428126,0,0.0610
510050.SH,20070912,3.97200000,4.77400000,4.94536815,0,0.0610
510050.SH,20070913,4.06100000,4.88000000,5.05617826,0,0.0610
510050.SH,20070914,4.08900000,4.91300000,5.09103987,0,0.0610
510050.SH,20070917,4.16700000,5.00500000,5.18815435,0,0.0610
510050.SH,20070918,4.13000000,4.96100000,5.14208723,0,0.0610
510050.SH,20070919,4.09500000,4.92000000,5.09851022,0,0.0610
510050.SH,20070920,4.14100000,4.97400000,5.15578286,0,0.0610
510050.SH,20070921,4.11000000,4.93800000,5.11718608,0,0.0610
510050.SH,20070924,4.15400000,4.99000000,5.17196861,0,0.0610
510050.SH,20070925,4.10700000,4.93400000,5.11345091,0,0.0610
510050.SH,20070926,4.04800000,4.86400000,5.03999252,0,0.0610
510050.SH,20070927,4.09600000,4.92100000,5.09975527,0,0.0610
510050.SH,20070928,4.20300000,5.04800000,5.23297642,0,0.0610
510050.SH,20070930,4.20300000,5.04800000,5.23297642,0,0.0610
510050.SH,20071008,4.28100000,5.14000000,5.33009090,0,0.0610
510050.SH,20071009,4.30700000,5.17100000,5.36246239,0,0.0610
510050.SH,20071010,4.32700000,5.19500000,5.38736354,0,0.0610
510050.SH,20071011,4.45800000,5.35000000,5.55046607,0,0.0610
510050.SH,20071012,4.45200000,5.34300000,5.54299572,0,0.0610
510050.SH,20071015,4.56000000,5.47100000,5.67746193,0,0.0610
510050.SH,20071016,4.58500000,5.50000000,5.70858836,0,0.0610
510050.SH,20071017,4.52900000,5.43400000,5.63886515,0,0.0610
510050.SH,20071018,4.35800000,5.23100000,5.42596032,0,0.0610
510050.SH,20071019,4.34700000,5.21800000,5.41226469,0,0.0610
510050.SH,20071022,4.25100000,5.10500000,5.29273918,0,0.0610
510050.SH,20071023,4.33700000,5.20700000,5.39981412,0,0.0610
510050.SH,20071024,4.39000000,5.26900000,5.46580216,0,0.0610
510050.SH,20071025,4.21500000,5.06200000,5.24791711,0,0.0610
510050.SH,20071026,4.27600000,5.13400000,5.32386561,0,0.0610
510050.SH,20071029,4.36900000,5.24400000,5.43965596,0,0.0610
510050.SH,20071030,4.41200000,5.29500000,5.49319343,0,0.0610
510050.SH,20071031,4.45400000,5.34500000,5.54548584,0,0.0610
510050.SH,20071101,4.40100000,5.28200000,5.47949779,0,0.0610
510050.SH,20071102,4.29800000,5.16000000,5.35125688,0,0.0610
510050.SH,20071105,4.21800000,5.06600000,5.25165228,0,0.0610
510050.SH,20071106,4.17900000,5.01900000,5.20309504,0,0.0610
510050.SH,20071107,4.21400000,5.06100000,5.24667205,0,0.0610
510050.SH,20071108,4.02000000,4.83100000,5.00513091,0,0.0610
510050.SH,20071109,3.99400000,4.80000000,4.97275942,0,0.0610
510050.SH,20071112,3.96700000,4.76900000,4.93914286,0,0.0610
510050.SH,20071113,3.92600000,4.72000000,4.88809551,0,0.0610
510050.SH,20071114,4.07900000,4.90100000,5.07858930,0,0.0610
510050.SH,20071115,4.03900000,4.85400000,5.02878700,0,0.0610
510050.SH,20071116,3.97900000,4.78300000,4.95408355,0,0.0610
510050.SH,20071119,3.95100000,4.75000000,4.91922195,0,0.0610
510050.SH,20071120,4.00200000,4.81000000,4.98271987,0,0.0610
510050.SH,20071121,3.94400000,4.74100000,4.91050654,0,0.0610
510050.SH,20071122,3.79600000,4.56600000,4.72623804,0,0.0610
510050.SH,20071123,3.86200000,4.64400000,4.80841183,0,0.0610
510050.SH,20071126,3.82600000,4.60200000,4.76358977,0,0.0610
510050.SH,20071127,3.76500000,4.52900000,4.68764126,0,0.0610
510050.SH,20071128,3.72800000,4.48600000,4.64157414,0,0.0610
510050.SH,20071129,3.89600000,4.68400000,4.85074379,0,0.0610
510050.SH,20071130,3.81300000,4.58600000,4.74740402,0,0.0610
510050.SH,20071203,3.84600000,4.62500000,4.78849091,0,0.0610
510050.SH,20071204,3.89300000,4.68100000,4.84700861,0,0.0610
510050.SH,20071205,3.99100000,4.79700000,4.96902424,0,0.0610
510050.SH,20071206,3.99700000,4.80400000,4.97649459,0,0.0610
510050.SH,20071207,4.04600000,4.86200000,5.03750240,0,0.0610
510050.SH,20071210,4.09000000,4.91400000,5.09228493,0,0.0610
510050.SH,20071211,4.07800000,4.90000000,5.07734424,0,0.0610
510050.SH,20071212,4.00800000,4.81700000,4.99019022,0,0.0610
510050.SH,20071213,3.88400000,4.67000000,4.83580310,0,0.0610
510050.SH,20071214,3.95200000,4.75100000,4.92046700,0,0.0610
510050.SH,20071217,3.83200000,4.60900000,4.77106011,0,0.0610
510050.SH,20071218,3.81400000,4.58700000,4.74864908,0,0.0610
510050.SH,20071219,3.90700000,4.69700000,4.86443942,0,0.0610
510050.SH,20071220,3.98000000,4.78400000,4.95532861,0,0.0610
510050.SH,20071221,4.01900000,4.83000000,5.00388585,0,0.0610
510050.SH,20071224,4.09400000,4.91900000,5.09726516,0,0.0610
510050.SH,20071225,4.09100000,4.91500000,5.09352999,0,0.0610
510050.SH,20071226,4.10600000,4.93300000,5.11220585,0,0.0610
510050.SH,20071227,4.18400000,5.02500000,5.20932033,0,0.0610
510050.SH,20071228,4.15700000,4.99300000,5.17570378,0,0.0610
510050.SH,20071229,4.15700000,4.99300000,5.17570378,0,0.0610
510050.SH,20071231,4.15700000,4.99300000,5.17570378,0,0.0610
510050.SH,20080102,4.16000000,4.99700000,5.17943895,0,0.0610
510050.SH,20080103,4.17100000,5.01000000,5.19313458,0,0.0610
510050.SH,20080104,4.21500000,5.06200000,5.24791711,0,0.0610
510050.SH,20080107,4.26200000,5.11800000,5.30643481,0,0.0610
510050.SH,20080108,4.28100000,5.14000000,5.33009090,0,0.0610
510050.SH,20080109,4.32500000,5.19200000,5.38487343,0,0.0610
510050.SH,20080110,4.35300000,5.22500000,5.41973504,0,0.0610
510050.SH,20080111,4.40900000,5.29200000,5.48945825,0,0.0610
510050.SH,20080114,4.42500000,5.31100000,5.50937917,0,0.0610
510050.SH,20080115,4.38200000,5.26000000,5.45584170,0,0.0610
510050.SH,20080116,4.22700000,5.07600000,5.26285780,0,0.0610
510050.SH,20080117,4.15100000,4.98600000,5.16823343,0,0.0610
510050.SH,20080118,4.16700000,5.00500000,5.18815435,0,0.0610
510050.SH,20080121,3.96500000,4.76600000,4.93665275,0,0.0610
510050.SH,20080122,3.69700000,4.44900000,4.60297736,0,0.0610
510050.SH,20080123,3.84100000,4.61900000,4.78226563,0,0.0610
510050.SH,20080124,3.83400000,4.61100000,4.77355022,0,0.0610
510050.SH,20080125,3.88900000,4.67600000,4.84202838,0,0.0610
510050.SH,20080128,3.61600000,4.35300000,4.50212770,0,0.0610
510050.SH,20080129,3.62900000,4.36800000,4.51831345,0,0.0610
510050.SH,20080130,3.56300000,4.29000000,4.43613966,0,0.0610
510050.SH,20080131,3.51600000,4.23500000,4.37762196,0,0.0610
510050.SH,20080201,3.50800000,4.22500000,4.36766150,0,0.0610
510050.SH,20080204,3.79400000,4.56400000,4.72374793,0,0.0610
510050.SH,20080205,3.76800000,4.53300000,4.69137643,0,0.0610
510050.SH,20080213,3.66900000,4.41600000,4.56811575,0,0.0610
510050.SH,20080214,3.71700000,4.47300000,4.62787850,0,0.0610
510050.SH,20080215,3.66100000,4.40600000,4.55815529,0,0.0610
510050.SH,20080218,3.72300000,4.48000000,4.63534885,0,0.0610
510050.SH,20080219,3.80000000,4.57100000,4.73121827,0,0.0610
510050.SH,20080220,3.69500000,4.44700000,4.60048724,0,0.0610
510050.SH,20080221,3.64200000,4.38400000,4.53449920,0,0.0610
510050.SH,20080222,3.49600000,4.21100000,4.35272081,0,0.0610
510050.SH,20080225,3.37100000,4.06300000,4.19708863,0,0.0610
510050.SH,20080226,3.39800000,4.09500000,4.23070518,0,0.0610
510050.SH,20080227,3.48700000,4.20000000,4.34151529,0,0.0610
510050.SH,20080228,3.46400000,4.17300000,4.31287897,0,0.0610
510050.SH,20080229,3.50000000,4.21600000,4.35770104,0,0.0610
510050.SH,20080303,3.56600000,4.29400000,4.43987483,0,0.0610
510050.SH,20080304,3.45800000,4.16600000,4.30540863,0,0.0610
510050.SH,20080305,3.41400000,4.11400000,4.25062610,0,0.0610
510050.SH,20080306,3.47500000,4.18600000,4.32657460,0,0.0610
510050.SH,20080307,3.42700000,4.12900000,4.26681185,0,0.0610
510050.SH,20080310,3.28800000,3.96500000,4.09374886,0,0.0610
510050.SH,20080311,3.29500000,3.97300000,4.10246426,0,0.0610
510050.SH,20080312,3.19600000,3.85600000,3.97920358,0,0.0610
510050.SH,20080313,3.15100000,3.80200000,3.92317599,0,0.0610
510050.SH,20080314,3.11800000,3.76300000,3.88208910,0,0.0610
510050.SH,20080317,3.01900000,3.64600000,3.75882841,0,0.0610
510050.SH,20080318,2.91000000,3.51700000,3.62311715,0,0.0610
510050.SH,20080319,2.98100000,3.60100000,3.71151623,0,0.0610
510050.SH,20080320,3.05000000,3.68300000,3.79742519,0,0.0610
510050.SH,20080321,3.05800000,3.69200000,3.80738565,0,0.0610
510050.SH,20080324,2.91300000,3.52100000,3.62685232,0,0.0610
510050.SH,20080325,2.92900000,3.54000000,3.64677324,0,0.0610
510050.SH,20080326,2.93900000,3.55200000,3.65922382,0,0.0610
510050.SH,20080327,2.80800000,3.39600000,3.49612129,0,0.0610
510050.SH,20080328,2.94500000,3.55900000,3.66669416,0,0.0610
510050.SH,20080331,2.86000000,3.45800000,3.56086428,0,0.0610
510050.SH,20080401,2.75300000,3.33100000,3.42764313,0,0.0610
510050.SH,20080402,2.77900000,3.36200000,3.46001463,0,0.0610
510050.SH,20080403,2.85900000,3.45700000,3.55961922,0,0.0610
510050.SH,20080407,2.97600000,3.59500000,3.70529094,0,0.0610
510050.SH,20080408,2.99300000,3.61500000,3.72645692,0,0.0610
510050.SH,20080409,2.83100000,3.42400000,3.52475761,0,0.0610
510050.SH,20080410,2.86600000,3.46500000,3.56833462,0,0.0610
510050.SH,20080411,2.88800000,3.49100000,3.59572589,0,0.0610
510050.SH,20080414,2.71600000,3.28800000,3.38157601,0,0.0610
510050.SH,20080415,2.74300000,3.31900000,3.41519256,0,0.0610
510050.SH,20080416,2.68500000,3.25100000,3.34297923,0,0.0610
510050.SH,20080417,2.61500000,3.16800000,3.25582521,0,0.0610
510050.SH,20080418,2.53300000,3.07100000,3.15373050,0,0.0610
510050.SH,20080421,2.56000000,3.10300000,3.18734705,0,0.0610
510050.SH,20080422,2.60700000,3.15800000,3.24586475,0,0.0610
510050.SH,20080423,2.72500000,3.29800000,3.39278152,0,0.0610
510050.SH,20080424,2.97400000,3.59300000,3.70280083,0,0.0610
510050.SH,20080425,2.97100000,3.58900000,3.69906565,0,0.0610
510050.SH,20080428,2.90600000,3.51200000,3.61813692,0,0.0610
510050.SH,20080429,2.94100000,3.55400000,3.66171393,0,0.0610
510050.SH,20080430,3.09600000,3.73700000,3.85469783,0,0.0610
510050.SH,20080505,3.13800000,3.78700000,3.90699025,0,0.0610
510050.SH,20080506,3.09700000,3.73900000,3.85594289,0,0.0610
510050.SH,20080507,2.96200000,3.57900000,3.68786014,0,0.0610
510050.SH,20080508,3.01800000,3.64500000,3.75758335,0,0.0610
510050.SH,20080509,2.96700000,3.58500000,3.69408542,0,0.0610
510050.SH,20080512,2.97900000,3.59900000,3.70902611,0,0.0610
510050.SH,20080513,2.92300000,3.53300000,3.63930290,0,0.0610
510050.SH,20080514,3.01800000,3.64500000,3.75758335,0,0.0610
510050.SH,20080515,2.99800000,3.62100000,3.73268221,0,0.0610
510050.SH,20080516,2.99700000,3.62000000,3.73143715,0,0.0610
510050.SH,20080519,2.97000000,3.58800000,3.69782060,0,0.0610
510050.SH,20080520,2.83700000,3.43100000,3.53222796,0,0.0610
510050.SH,20080521,2.89100000,3.49500000,3.59946106,0,0.0610
510050.SH,20080522,2.84500000,3.44000000,3.54218842,0,0.0610
510050.SH,20080523,2.84600000,3.44100000,3.54343347,0,0.0610
510050.SH,20080526,2.76200000,3.34200000,3.43884865,0,0.0610
510050.SH,20080527,2.76700000,3.34800000,3.44507394,0,0.0610
510050.SH,20080528,2.84100000,3.43600000,3.53720819,0,0.0610
510050.SH,20080529,2.77900000,3.36200000,3.46001463,0,0.0610
510050.SH,20080530,2.80800000,3.39600000,3.49612129,0,0.0610
510050.SH,20080602,2.82100000,3.41200000,3.51230704,0,0.0610
510050.SH,20080603,2.81300000,3.40200000,3.50234658,0,0.0610
510050.SH,20080604,2.74900000,3.32700000,3.42266290,0,0.0610
510050.SH,20080605,2.73100000,3.30500000,3.40025187,0,0.0610
510050.SH,20080606,2.71000000,3.28000000,3.37410566,0,0.0610
510050.SH,20080610,2.50500000,3.03800000,3.11886889,0,0.0610
510050.SH,20080611,2.47000000,2.99600000,3.07529188,0,0.0610
510050.SH,20080612,2.42000000,2.93700000,3.01303900,0,0.0610
510050.SH,20080613,2.36700000,2.87400000,2.94705096,0,0.0610
510050.SH,20080616,2.37100000,2.87900000,2.95203119,0,0.0610
510050.SH,20080617,2.31600000,2.81400000,2.88355303,0,0.0610
510050.SH,20080618,2.41700000,2.93400000,3.00930383,0,0.0610
510050.SH,20080619,2.26200000,2.75000000,2.81631993,0,0.0610
510050.SH,20080620,2.32400000,2.82300000,2.89351349,0,0.0610
510050.SH,20080623,2.27500000,2.76500000,2.83250568,0,0.0610
510050.SH,20080624,2.30700000,2.80300000,2.87234751,0,0.0610
510050.SH,20080625,2.38300000,2.89300000,2.96697188,0,0.0610
510050.SH,20080626,2.37700000,2.88600000,2.95950153,0,0.0610
510050.SH,20080627,2.26300000,2.75100000,2.81756499,0,0.0610
510050.SH,20080630,2.23700000,2.72000000,2.78519349,0,0.0610
510050.SH,20080701,2.14500000,2.61200000,2.67064821,0,0.0610
510050.SH,20080702,2.13300000,2.59700000,2.65570752,0,0.0610
510050.SH,20080703,2.16300000,2.63300000,2.69305924,0,0.0610
510050.SH,20080704,2.14800000,2.61500000,2.67438338,0,0.0610
510050.SH,20080707,2.26200000,2.75000000,2.81631993,0,0.0610
510050.SH,20080708,2.26800000,2.75700000,2.82379027,0,0.0610
510050.SH,20080709,2.36300000,2.87000000,2.94207073,0,0.0610
510050.SH,20080710,2.33500000,2.83600000,2.90720912,0,0.0610
510050.SH,20080711,2.32100000,2.82000000,2.88977832,0,0.0610
510050.SH,20080714,2.33500000,2.83600000,2.90720912,0,0.0610
510050.SH,20080715,2.23300000,2.71600000,2.78021326,0,0.0610
510050.SH,20080716,2.16500000,2.63500000,2.69554936,0,0.0610
510050.SH,20080717,2.14900000,2.61600000,2.67562844,0,0.0610
510050.SH,20080718,2.23300000,2.71600000,2.78021326,0,0.0610
510050.SH,20080721,2.30000000,2.79500000,2.86363211,0,0.0610
510050.SH,20080722,2.29200000,2.78600000,2.85367165,0,0.0610
510050.SH,20080723,2.28500000,2.77700000,2.84495625,0,0.0610
510050.SH,20080724,2.36900000,2.87700000,2.94954108,0,0.0610
510050.SH,20080725,2.33600000,2.83800000,2.90845418,0,0.0610
510050.SH,20080728,2.35200000,2.85700000,2.92837510,0,0.0610
510050.SH,20080729,2.30900000,2.80600000,2.87483763,0,0.0610
510050.SH,20080730,2.29500000,2.78900000,2.85740682,0,0.0610
510050.SH,20080731,2.24100000,2.72500000,2.79017372,0,0.0610
510050.SH,20080801,2.27900000,2.77000000,2.83748591,0,0.0610
510050.SH,20080804,2.23100000,2.71300000,2.77772315,0,0.0610
510050.SH,20080805,2.19400000,2.67000000,2.73165602,0,0.0610
510050.SH,20080806,2.22100000,2.70200000,2.76527257,0,0.0610
510050.SH,20080807,2.21500000,2.69400000,2.75780223,0,0.0610
510050.SH,20080808,2.12700000,2.59000000,2.64823717,0,0.0610
510050.SH,20080811,2.04700000,2.49600000,2.54863258,0,0.0610
510050.SH,20080812,2.03600000,2.48300000,2.53493695,0,0.0610
510050.SH,20080813,2.02500000,2.46900000,2.52124132,0,0.0610
510050.SH,20080814,2.01700000,2.46000000,2.51128086,0,0.0610
510050.SH,20080815,2.03400000,2.48000000,2.53244683,0,0.0610
510050.SH,20080818,1.93400000,2.36200000,2.40794109,0,0.0610
510050.SH,20080819,1.96300000,2.39600000,2.44404775,0,0.0610
510050.SH,20080820,2.11900000,2.58100000,2.63827672,0,0.0610
510050.SH,20080821,2.04700000,2.49600000,2.54863258,0,0.0610
510050.SH,20080822,2.01800000,2.46100000,2.51252591,0,0.0610
510050.SH,20080825,2.02400000,2.46800000,2.51999626,0,0.0610
510050.SH,20080826,1.98800000,2.42600000,2.47517419,0,0.0610
510050.SH,20080827,1.98800000,2.42600000,2.47517419,0,0.0610
510050.SH,20080828,2.00300000,2.44300000,2.49385005,0,0.0610
510050.SH,20080829,2.04100000,2.48800000,2.54116224,0,0.0610
510050.SH,20080901,1.97200000,2.40700000,2.45525327,0,0.0610
510050.SH,20080902,1.94900000,2.38000000,2.42661695,0,0.0610
510050.SH,20080903,1.91400000,2.33800000,2.38303994,0,0.0610
510050.SH,20080904,1.91200000,2.33600000,2.38054983,0,0.0610
510050.SH,20080905,1.86300000,2.27800000,2.31954201,0,0.0610
510050.SH,20080908,1.83500000,2.24500000,2.28468040,0,0.0610
510050.SH,20080909,1.84500000,2.25600000,2.29713098,0,0.0610
510050.SH,20080910,1.84500000,2.25600000,2.29713098,0,0.0610
510050.SH,20080911,1.77200000,2.17000000,2.20624178,0,0.0610
510050.SH,20080912,1.77600000,2.17500000,2.21122201,0,0.0610
510050.SH,20080916,1.68400000,2.06600000,2.09667673,0,0.0610
510050.SH,20080917,1.60400000,1.97100000,1.99707213,0,0.0610
510050.SH,20080918,1.58000000,1.94300000,1.96719076,0,0.0610
510050.SH,20080919,1.72300000,2.11200000,2.14523397,0,0.0610
510050.SH,20080922,1.84900000,2.26100000,2.30211121,0,0.0610
510050.SH,20080923,1.78900000,2.19000000,2.22740776,0,0.0610
510050.SH,20080924,1.79900000,2.20200000,2.23985833,0,0.0610
510050.SH,20080925,1.87000000,2.28600000,2.32825741,0,0.0610
510050.SH,20080926,1.87000000,2.28600000,2.32825741,0,0.0610
510050.SH,20080930,1.87000000,2.28600000,2.32825741,0,0.0610
510050.SH,20081006,1.77000000,2.16800000,2.20375167,0,0.0610
510050.SH,20081007,1.73800000,2.13000000,2.16390983,0,0.0610
510050.SH,20081008,1.66100000,2.03900000,2.06804041,0,0.0610
510050.SH,20081009,1.64600000,2.02100000,2.04936455,0,0.0610
510050.SH,20081010,1.58500000,1.94900000,1.97341604,0,0.0610
510050.SH,20081013,1.66400000,2.04200000,2.07177558,0,0.0610
510050.SH,20081014,1.62100000,1.99100000,2.01823811,0,0.0610
510050.SH,20081015,1.60600000,1.97300000,1.99956225,0,0.0610
510050.SH,20081016,1.53300000,1.88700000,1.90867306,0,0.0610
510050.SH,20081017,1.53900000,1.89400000,1.91614340,0,0.0610
510050.SH,20081020,1.58800000,1.95200000,1.97715121,0,0.0610
510050.SH,20081021,1.57200000,1.93300000,1.95723030,0,0.0610
510050.SH,20081022,1.53100000,1.88500000,1.90618294,0,0.0610
510050.SH,20081023,1.52000000,1.87200000,1.89248731,0,0.0610
510050.SH,20081024,1.46900000,1.81100000,1.82898938,0,0.0610
510050.SH,20081027,1.36500000,1.68800000,1.69950341,0,0.0610
510050.SH,20081028,1.41000000,1.74100000,1.75553099,0,0.0610
510050.SH,20081029,1.37700000,1.70200000,1.71444409,0,0.0610
510050.SH,20081030,1.41900000,1.75200000,1.76673651,0,0.0610
510050.SH,20081031,1.38800000,1.71500000,1.72813973,0,0.0610
510050.SH,20081103,1.38600000,1.71300000,1.72564961,0,0.0610
510050.SH,20081104,1.37500000,1.70000000,1.71195398,0,0.0610
510050.SH,20081105,1.43300000,1.76900000,1.78416731,0,0.0610
510050.SH,20081106,1.39300000,1.72100000,1.73436501,0,0.0610
510050.SH,20081107,1.42200000,1.75600000,1.77047168,0,0.0610
510050.SH,20081110,1.52600000,1.87900000,1.89995765,0,0.0610
510050.SH,20081111,1.50100000,1.84900000,1.86883122,0,0.0610
510050.SH,20081112,1.51400000,1.86500000,1.88501696,0,0.0610
510050.SH,20081113,1.56500000,1.92500000,1.94851489,0,0.0610
510050.SH,20081114,1.60400000,1.97100000,1.99707213,0,0.0610
510050.SH,20081117,1.62900000,2.00100000,2.02819857,0,0.0610
510050.SH,20081118,1.51700000,1.86800000,1.88875214,0,0.0610
510050.SH,20081119,1.53900000,1.96500000,1.99505116,1,0.1210
510050.SH,20081120,1.51000000,1.93100000,1.95745761,0,0.1210
510050.SH,20081121,1.49900000,1.91800000,1.94319798,0,0.1210
510050.SH,20081124,1.43500000,1.84200000,1.86023289,0,0.1210
510050.SH,20081125,1.43400000,1.84100000,1.85893656,0,0.1210
510050.SH,20081126,1.44000000,1.84800000,1.86671454,0,0.1210
510050.SH,20081127,1.45400000,1.86500000,1.88486315,0,0.1210
510050.SH,20081128,1.41100000,1.81400000,1.82912098,0,0.1210
510050.SH,20081201,1.42400000,1.82900000,1.84597326,0,0.1210
510050.SH,20081202,1.41900000,1.82300000,1.83949162,0,0.1210
510050.SH,20081203,1.48400000,1.90000000,1.92375304,0,0.1210
510050.SH,20081204,1.51700000,1.93900000,1.96653191,0,0.1210
510050.SH,20081205,1.53300000,1.95800000,1.98727318,0,0.1210
510050.SH,20081208,1.59600000,2.03300000,2.06894195,0,0.1210
510050.SH,20081209,1.55000000,1.97800000,2.00931079,0,0.1210
510050.SH,20081210,1.59900000,2.03600000,2.07283093,0,0.1210
510050.SH,20081211,1.56200000,1.99200000,2.02486674,0,0.1210
510050.SH,20081212,1.49700000,1.91500000,1.94060532,0,0.1210
510050.SH,20081215,1.50700000,1.92700000,1.95356862,0,0.1210
510050.SH,20081216,1.51000000,1.93100000,1.95745761,0,0.1210
510050.SH,20081217,1.50800000,1.92800000,1.95486495,0,0.1210
510050.SH,20081218,1.55000000,1.97800000,2.00931079,0,0.1210
510050.SH,20081219,1.55100000,1.97900000,2.01060712,0,0.1210
510050.SH,20081222,1.52100000,1.94400000,1.97171723,0,0.1210
510050.SH,20081223,1.45400000,1.86500000,1.88486315,0,0.1210
510050.SH,20081224,1.43300000,1.84000000,1.85764023,0,0.1210
510050.SH,20081225,1.42000000,1.82400000,1.84078795,0,0.1210
510050.SH,20081226,1.42000000,1.82400000,1.84078795,0,0.1210
510050.SH,20081229,1.41100000,1.81400000,1.82912098,0,0.1210
510050.SH,20081230,1.39500000,1.79500000,1.80837971,0,0.1210
510050.SH,20081231,1.39000000,1.78900000,1.80189806,0,0.1210
510050.SH,20090105,1.43900000,1.84700000,1.86541821,0,0.1210
510050.SH,20090106,1.48500000,1.90100000,1.92504937,0,0.1210
510050.SH,20090107,1.47100000,1.88500000,1.90690075,0,0.1210
510050.SH,20090108,1.43500000,1.84200000,1.86023289,0,0.1210
510050.SH,20090109,1.45100000,1.86100000,1.88097416,0,0.1210
510050.SH,20090112,1.44500000,1.85400000,1.87319619,0,0.1210
510050.SH,20090113,1.41800000,1.82200000,1.83819529,0,0.1210
510050.SH,20090114,1.47900000,1.89400000,1.91727139,0,0.1210
510050.SH,20090115,1.47100000,1.88500000,1.90690075,0,0.1210
510050.SH,20090116,1.50600000,1.92600000,1.95227229,0,0.1210
510050.SH,20090119,1.53200000,1.95700000,1.98597686,0,0.1210
510050.SH,20090120,1.54100000,1.96800000,1.99764382,0,0.1210
510050.SH,20090121,1.53700000,1.96300000,1.99245850,0,0.1210
510050.SH,20090122,1.54800000,1.97600000,2.00671813,0,0.1210
510050.SH,20090123,1.54000000,1.96600000,1.99634749,0,0.1210
510050.SH,20090202,1.54300000,1.97000000,2.00023648,0,0.1210
510050.SH,20090203,1.58100000,2.01500000,2.04949700,0,0.1210
510050.SH,20090204,1.63000000,2.07300000,2.11301715,0,0.1210
510050.SH,20090205,1.62800000,2.07100000,2.11042449,0,0.1210
510050.SH,20090206,1.68700000,2.14000000,2.18690793,0,0.1210
510050.SH,20090209,1.71400000,2.17200000,2.22190883,0,0.1210
510050.SH,20090210,1.72100000,2.18100000,2.23098314,0,0.1210
510050.SH,20090211,1.72600000,2.18700000,2.23746479,0,0.1210
510050.SH,20090212,1.69800000,2.15300000,2.20116756,0,0.1210
510050.SH,20090213,1.75400000,2.22000000,2.27376201,0,0.1210
510050.SH,20090216,1.81500000,2.29200000,2.35283812,0,0.1210
510050.SH,20090217,1.76300000,2.23000000,2.28542898,0,0.1210
510050.SH,20090218,1.67700000,2.12900000,2.17394464,0,0.1210
510050.SH,20090219,1.67800000,2.13000000,2.17524097,0,0.1210
510050.SH,20090220,1.69800000,2.15300000,2.20116756,0,0.1210
510050.SH,20090223,1.73600000,2.19800000,2.25042808,0,0.1210
510050.SH,20090224,1.64700000,2.09300000,2.13505475,0,0.1210
510050.SH,20090225,1.66800000,2.11800000,2.16227767,0,0.1210
510050.SH,20090226,1.61200000,2.05200000,2.08968322,0,0.1210
510050.SH,20090227,1.59700000,2.03400000,2.07023828,0,0.1210
510050.SH,20090302,1.59800000,2.03500000,2.07153460,0,0.1210
510050.SH,20090303,1.57100000,2.00300000,2.03653371,0,0.1210
510050.SH,20090304,1.67800000,2.13000000,2.17524097,0,0.1210
510050.SH,20090305,1.70000000,2.15600000,2.20376022,0,0.1210
510050.SH,20090306,1.68500000,2.13800000,2.18431527,0,0.1210
510050.SH,20090309,1.62800000,2.07100000,2.11042449,0,0.1210
510050.SH,20090310,1.65600000,2.10400000,2.14672172,0,0.1210
510050.SH,20090311,1.64200000,2.08700000,2.12857310,0,0.1210
510050.SH,20090312,1.63700000,2.08100000,2.12209146,0,0.1210
510050.SH,20090313,1.63400000,2.07800000,2.11820247,0,0.1210
510050.SH,20090316,1.66300000,2.11200000,2.15579603,0,0.1210
510050.SH,20090317,1.71100000,2.16900000,2.21801984,0,0.1210
510050.SH,20090318,1.70800000,2.16500000,2.21413085,0,0.1210
510050.SH,20090319,1.74000000,2.20300000,2.25561340,0,0.1210
510050.SH,20090320,1.73200000,2.19400000,2.24524276,0,0.1210
510050.SH,20090323,1.77200000,2.24100000,2.29709594,0,0.1210
510050.SH,20090324,1.78200000,2.25300000,2.31005924,0,0.1210
510050.SH,20090325,1.75400000,2.22000000,2.27376201,0,0.1210
510050.SH,20090326,1.81500000,2.29200000,2.35283812,0,0.1210
510050.SH,20090327,1.83100000,2.31100000,2.37357939,0,0.1210
510050.SH,20090330,1.82200000,2.30000000,2.36191242,0,0.1210
510050.SH,20090331,1.83500000,2.31600000,2.37876471,0,0.1210
510050.SH,20090401,1.85600000,2.34000000,2.40598763,0,0.1210
510050.SH,20090402,1.88300000,2.37200000,2.44098852,0,0.1210
510050.SH,20090403,1.89500000,2.38700000,2.45654448,0,0.1210
510050.SH,20090407,1.89500000,2.38700000,2.45654448,0,0.1210
510050.SH,20090408,1.81800000,2.29500000,2.35672710,0,0.1210
510050.SH,20090409,1.85000000,2.33300000,2.39820965,0,0.1210
510050.SH,20090410,1.89600000,2.38800000,2.45784081,0,0.1210
510050.SH,20090413,1.94100000,2.44100000,2.51617564,0,0.1210
510050.SH,20090414,1.95000000,2.45200000,2.52784260,0,0.1210
510050.SH,20090415,1.94400000,2.44500000,2.52006463,0,0.1210
510050.SH,20090416,1.94300000,2.44300000,2.51876830,0,0.1210
510050.SH,20090417,1.91900000,2.41500000,2.48765639,0,0.1210
510050.SH,20090420,1.95600000,2.45900000,2.53562058,0,0.1210
510050.SH,20090421,1.93100000,2.42900000,2.50321234,0,0.1210
510050.SH,20090422,1.87600000,2.36400000,2.43191422,0,0.1210
510050.SH,20090423,1.87800000,2.36600000,2.43450688,0,0.1210
510050.SH,20090424,1.86400000,2.35000000,2.41635826,0,0.1210
510050.SH,20090427,1.83100000,2.31100000,2.37357939,0,0.1210
510050.SH,20090428,1.82800000,2.30700000,2.36969040,0,0.1210
510050.SH,20090429,1.90300000,2.39600000,2.46691511,0,0.1210
510050.SH,20090430,1.90000000,2.39300000,2.46302613,0,0.1210
510050.SH,20090504,1.96100000,2.46500000,2.54210223,0,0.1210
510050.SH,20090505,1.96400000,2.46800000,2.54599122,0,0.1210
510050.SH,20090506,1.98400000,2.49200000,2.57191781,0,0.1210
510050.SH,20090507,1.99300000,2.50300000,2.58358477,0,0.1210
510050.SH,20090508,2.02300000,2.53800000,2.62247466,0,0.1210
510050.SH,20090511,2.00200000,2.51300000,2.59525174,0,0.1210
510050.SH,20090512,2.03800000,2.55600000,2.64191960,0,0.1210
510050.SH,20090513,2.05500000,2.57600000,2.66395720,0,0.1210
510050.SH,20090514,2.02400000,2.53900000,2.62377099,0,0.1210
510050.SH,20090515,2.02400000,2.53900000,2.62377099,0,0.1210
510050.SH,20090518,2.03100000,2.54800000,2.63284530,0,0.1210
510050.SH,20090519,2.05100000,2.57100000,2.65877189,0,0.1210
510050.SH,20090520,2.02100000,2.53600000,2.61988200,0,0.1210
510050.SH,20090521,1.97400000,2.48000000,2.55895451,0,0.1210
510050.SH,20090522,1.97000000,2.47500000,2.55376919,0,0.1210
510050.SH,20090525,1.97300000,2.47900000,2.55765818,0,0.1210
510050.SH,20090526,1.94900000,2.45100000,2.52654627,0,0.1210
510050.SH,20090527,1.99300000,2.50300000,2.58358477,0,0.1210
510050.SH,20090601,2.07700000,2.60200000,2.69247645,0,0.1210
510050.SH,20090602,2.07500000,2.60000000,2.68988380,0,0.1210
510050.SH,20090603,2.14600000,2.68400000,2.78192319,0,0.1210
510050.SH,20090604,2.17300000,2.71600000,2.81692409,0,0.1210
510050.SH,20090605,2.16000000,2.70000000,2.80007181,0,0.1210
510050.SH,20090608,2.18400000,2.72900000,2.83118372,0,0.1210
510050.SH,20090609,2.19300000,2.73900000,2.84285068,0,0.1210
510050.SH,20090610,2.20900000,2.75800000,2.86359195,0,0.1210
510050.SH,20090611,2.19700000,2.74400000,2.84803600,0,0.1210
510050.SH,20090612,2.15800000,2.69800000,2.79747915,0,0.1210
510050.SH,20090615,2.21700000,2.76800000,2.87396259,0,0.1210
510050.SH,20090616,2.20700000,2.75600000,2.86099929,0,0.1210
510050.SH,20090617,2.23500000,2.78900000,2.89729652,0,0.1210
510050.SH,20090618,2.28100000,2.84400000,2.95692768,0,0.1210
510050.SH,20090619,2.30500000,2.87200000,2.98803959,0,0.1210
510050.SH,20090622,2.31500000,2.88400000,3.00100289,0,0.1210
510050.SH,20090623,2.32800000,2.89900000,3.01785517,0,0.1210
510050.SH,20090624,2.33400000,2.90600000,3.02563315,0,0.1210
510050.SH,20090625,2.33400000,2.90600000,3.02563315,0,0.1210
510050.SH,20090626,2.34100000,2.91500000,3.03470745,0,0.1210
510050.SH,20090629,2.38800000,2.97000000,3.09563494,0,0.1210
510050.SH,20090630,2.37900000,2.96000000,3.08396798,0,0.1210
510050.SH,20090701,2.44000000,3.03200000,3.16304408,0,0.1210
510050.SH,20090702,2.48200000,3.08200000,3.21748992,0,0.1210
510050.SH,20090703,2.51000000,3.11500000,3.25378715,0,0.1210
510050.SH,20090706,2.54900000,3.16100000,3.30434400,0,0.1210
510050.SH,20090707,2.51700000,3.12300000,3.26286145,0,0.1210
510050.SH,20090708,2.50100000,3.10400000,3.24212018,0,0.1210
510050.SH,20090709,2.53200000,3.14100000,3.28230640,0,0.1210
510050.SH,20090710,2.52000000,3.12700000,3.26675044,0,0.1210
510050.SH,20090713,2.47200000,3.07000000,3.20452662,0,0.1210
510050.SH,20090714,2.55200000,3.16400000,3.30823299,0,0.1210
510050.SH,20090715,2.58000000,3.19800000,3.34453021,0,0.1210
510050.SH,20090716,2.60100000,3.22200000,3.37175313,0,0.1210
510050.SH,20090717,2.60800000,3.23100000,3.38082744,0,0.1210
510050.SH,20090720,2.65600000,3.28800000,3.44305126,0,0.1210
510050.SH,20090721,2.62700000,3.25300000,3.40545770,0,0.1210
510050.SH,20090722,2.68000000,3.31600000,3.47416317,0,0.1210
510050.SH,20090723,2.72000000,3.36300000,3.52601635,0,0.1210
510050.SH,20090724,2.74700000,3.39500000,3.56101725,0,0.1210
510050.SH,20090727,2.80700000,3.46600000,3.63879702,0,0.1210
510050.SH,20090728,2.80000000,3.45800000,3.62972271,0,0.1210
510050.SH,20090729,2.67400000,3.30900000,3.46638519,0,0.1210
510050.SH,20090730,2.75600000,3.40600000,3.57268421,0,0.1210
510050.SH,20090731,2.81900000,3.48000000,3.65435297,0,0.1210
510050.SH,20090803,2.84200000,3.50800000,3.68416855,0,0.1210
510050.SH,20090804,2.81600000,3.47700000,3.65046398,0,0.1210
510050.SH,20090805,2.77000000,3.42200000,3.59083283,0,0.1210
510050.SH,20090806,2.70700000,3.34800000,3.50916406,0,0.1210
510050.SH,20090807,2.64200000,3.27100000,3.42490264,0,0.1210
510050.SH,20090810,2.62100000,3.24600000,3.39767972,0,0.1210
510050.SH,20090811,2.62300000,3.24800000,3.40027238,0,0.1210
510050.SH,20090812,2.50300000,3.10600000,3.24471284,0,0.1210
510050.SH,20090813,2.53800000,3.14800000,3.29008437,0,0.1210
510050.SH,20090814,2.47300000,3.07100000,3.20582295,0,0.1210
510050.SH,20090817,2.33900000,2.91200000,3.03211479,0,0.1210
510050.SH,20090818,2.35300000,2.92900000,3.05026341,0,0.1210
510050.SH,20090819,2.24300000,2.79900000,2.90766716,0,0.1210
510050.SH,20090820,2.34400000,2.91800000,3.03859644,0,0.1210
510050.SH,20090821,2.37900000,2.96000000,3.08396798,0,0.1210
510050.SH,20090824,2.38000000,2.96100000,3.08526431,0,0.1210
510050.SH,20090825,2.27300000,2.83400000,2.94655704,0,0.1210
510050.SH,20090826,2.30700000,2.87400000,2.99063225,0,0.1210
510050.SH,20090827,2.29100000,2.85500000,2.96989098,0,0.1210
510050.SH,20090828,2.20800000,2.75700000,2.86229562,0,0.1210
510050.SH,20090831,2.06000000,2.58200000,2.67043885,0,0.1210
510050.SH,20090901,2.09000000,2.61700000,2.70932874,0,0.1210
510050.SH,20090902,2.13700000,2.67300000,2.77025623,0,0.1210
510050.SH,20090903,2.24200000,2.79700000,2.90637083,0,0.1210
510050.SH,20090904,2.24800000,2.80500000,2.91414881,0,0.1210
510050.SH,20090907,2.26400000,2.82300000,2.93489008,0,0.1210
510050.SH,20090908,2.30400000,2.87100000,2.98674326,0,0.1210
510050.SH,20090909,2.31400000,2.88300000,2.99970656,0,0.1210
510050.SH,20090910,2.29300000,2.85800000,2.97248364,0,0.1210
510050.SH,20090911,2.36300000,2.94100000,3.06322670,0,0.1210
510050.SH,20090914,2.39000000,2.97300000,3.09822760,0,0.1210
510050.SH,20090915,2.39100000,2.97400000,3.09952393,0,0.1210
510050.SH,20090916,2.34400000,2.91800000,3.03859644,0,0.1210
510050.SH,20090917,2.38800000,2.97000000,3.09563494,0,0.1210
510050.SH,20090918,2.30500000,2.87200000,2.98803959,0,0.1210
510050.SH,20090921,2.30100000,2.86700000,2.98285427,0,0.1210
510050.SH,20090922,2.24600000,2.80200000,2.91155615,0,0.1210
510050.SH,20090923,2.21300000,2.76300000,2.86877727,0,0.1210
510050.SH,20090924,2.24600000,2.80200000,2.91155615,0,0.1210
510050.SH,20090925,2.23800000,2.79300000,2.90118551,0,0.1210
510050.SH,20090928,2.17700000,2.72000000,2.82210941,0,0.1210
510050.SH,20090929,2.19200000,2.73800000,2.84155435,0,0.1210
510050.SH,20090930,2.21200000,2.76200000,2.86748094,0,0.1210
510050.SH,20091009,2.31900000,2.88900000,3.00618820,0,0.1210
510050.SH,20091012,2.30400000,2.87100000,2.98674326,0,0.1210
510050.SH,20091013,2.34200000,2.91600000,3.03600378,0,0.1210
510050.SH,20091014,2.36200000,2.93900000,3.06193037,0,0.1210
510050.SH,20091015,2.37200000,2.95100000,3.07489367,0,0.1210
510050.SH,20091016,2.36900000,2.94800000,3.07100468,0,0.1210
510050.SH,20091019,2.42200000,3.01100000,3.13971015,0,0.1210
510050.SH,20091020,2.46200000,3.05800000,3.19156333,0,0.1210
510050.SH,20091021,2.45500000,3.05000000,3.18248902,0,0.1210
510050.SH,20091022,2.43400000,3.02500000,3.15526610,0,0.1210
510050.SH,20091023,2.48500000,3.08500000,3.22137891,0,0.1210
510050.SH,20091026,2.48800000,3.08900000,3.22526790,0,0.1210
510050.SH,20091027,2.41900000,3.00700000,3.13582116,0,0.1210
510050.SH,20091028,2.41500000,3.00200000,3.13063584,0,0.1210
510050.SH,20091029,2.35500000,2.93100000,3.05285607,0,0.1210
510050.SH,20091030,2.38200000,2.96300000,3.08785696,0,0.1210
510050.SH,20091102,2.46800000,3.06500000,3.19934130,0,0.1210
510050.SH,20091103,2.49400000,3.09600000,3.23304587,0,0.1210
510050.SH,20091104,2.50900000,3.11400000,3.25249082,0,0.1210
510050.SH,20091105,2.51100000,3.11600000,3.25508347,0,0.1210
510050.SH,20091106,2.52000000,3.12700000,3.26675044,0,0.1210
510050.SH,20091109,2.52600000,3.13400000,3.27452842,0,0.1210
510050.SH,20091110,2.52700000,3.13500000,3.27582475,0,0.1210
510050.SH,20091111,2.51600000,3.12200000,3.26156512,0,0.1210
510050.SH,20091112,2.51400000,3.11900000,3.25897246,0,0.1210
510050.SH,20091113,2.52900000,3.13700000,3.27841741,0,0.1210
510050.SH,20091116,2.60500000,3.22700000,3.37693845,0,0.1210
510050.SH,20091117,2.60900000,3.23200000,3.38212377,0,0.1210
510050.SH,20091118,2.60900000,3.23200000,3.38212377,0,0.1210
510050.SH,20091119,2.60500000,3.22700000,3.37693845,0,0.1210
510050.SH,20091120,2.58500000,3.20300000,3.35101186,0,0.1210
510050.SH,20091123,2.59700000,3.21800000,3.36656782,0,0.1210
510050.SH,20091124,2.52800000,3.13600000,3.27712108,0,0.1210
510050.SH,20091125,2.57200000,3.18800000,3.33415958,0,0.1210
510050.SH,20091126,2.46500000,3.06100000,3.19545232,0,0.1210
510050.SH,20091127,2.39400000,2.97700000,3.10341292,0,0.1210
510050.SH,20091130,2.47300000,3.07100000,3.20582295,0,0.1210
510050.SH,20091201,2.49700000,3.09900000,3.23693486,0,0.1210
510050.SH,20091202,2.51800000,3.12400000,3.26415778,0,0.1210
510050.SH,20091203,2.50300000,3.10600000,3.24471284,0,0.1210
510050.SH,20091204,2.59000000,3.20900000,3.35749351,0,0.1210
510050.SH,20091207,2.59900000,3.22000000,3.36916047,0,0.1210
510050.SH,20091208,2.55700000,3.17000000,3.31471463,0,0.1210
510050.SH,20091209,2.50000000,3.10300000,3.24082385,0,0.1210
510050.SH,20091210,2.51400000,3.11900000,3.25897246,0,0.1210
510050.SH,20091211,2.51200000,3.11700000,3.25637980,0,0.1210
510050.SH,20091214,2.55800000,3.17200000,3.31601096,0,0.1210
510050.SH,20091215,2.52900000,3.13700000,3.27841741,0,0.1210
510050.SH,20091216,2.51700000,3.12300000,3.26286145,0,0.1210
510050.SH,20091217,2.46900000,3.06600000,3.20063763,0,0.1210
510050.SH,20091218,2.42900000,3.01900000,3.14878445,0,0.1210
510050.SH,20091221,2.41700000,3.00500000,3.13322850,0,0.1210
510050.SH,20091222,2.36200000,2.93900000,3.06193037,0,0.1210
510050.SH,20091223,2.37600000,2.95600000,3.08007899,0,0.1210
510050.SH,20091224,2.43500000,3.02600000,3.15656243,0,0.1210
510050.SH,20091225,2.41200000,2.99900000,3.12674685,0,0.1210
510050.SH,20091228,2.44900000,3.04200000,3.17471104,0,0.1210
510050.SH,20091229,2.47200000,3.07000000,3.20452662,0,0.1210
510050.SH,20091230,2.54100000,3.15100000,3.29397336,0,0.1210
510050.SH,20091231,2.55200000,3.16400000,3.30823299,0,0.1210
510050.SH,20100104,2.51300000,3.11800000,3.25767613,0,0.1210
510050.SH,20100105,2.54100000,3.15100000,3.29397336,0,0.1210
510050.SH,20100106,2.51100000,3.11600000,3.25508347,0,0.1210
510050.SH,20100107,2.46100000,3.05700000,3.19026700,0,0.1210
510050.SH,20100108,2.46200000,3.05800000,3.19156333,0,0.1210
510050.SH,20100111,2.47300000,3.07100000,3.20582295,0,0.1210
510050.SH,20100112,2.50300000,3.10600000,3.24471284,0,0.1210
510050.SH,20100113,2.39600000,2.98000000,3.10600558,0,0.1210
510050.SH,20100114,2.41900000,3.00700000,3.13582116,0,0.1210
510050.SH,20100115,2.42500000,3.01400000,3.14359913,0,0.1210
510050.SH,20100118,2.41900000,3.00700000,3.13582116,0,0.1210
510050.SH,20100119,2.43100000,3.02100000,3.15137711,0,0.1210
510050.SH,20100120,2.36000000,2.93700000,3.05933771,0,0.1210
510050.SH,20100121,2.37800000,2.95800000,3.08267165,0,0.1210
510050.SH,20100122,2.38100000,2.96200000,3.08656063,0,0.1210
510050.SH,20100125,2.35400000,2.93000000,3.05155974,0,0.1210
510050.SH,20100126,2.31300000,2.88100000,2.99841023,0,0.1210
510050.SH,20100127,2.26500000,2.82500000,2.93618641,0,0.1210
510050.SH,20100128,2.25300000,2.81000000,2.92063045,0,0.1210
510050.SH,20100129,2.24400000,2.80000000,2.90896349,0,0.1210
510050.SH,20100201,2.21200000,2.76200000,2.86748094,0,0.1210
510050.SH,20100202,2.21700000,2.76800000,2.87396259,0,0.1210
510050.SH,20100203,2.28000000,2.84200000,2.95563135,0,0.1210
510050.SH,20100204,2.26400000,2.82300000,2.93489008,0,0.1210
510050.SH,20100205,2.22200000,2.77400000,2.88044424,0,0.1210
510050.SH,20100208,2.21300000,2.76300000,2.86877727,0,0.1210
510050.SH,20100209,2.23100000,2.78400000,2.89211120,0,0.1210
510050.SH,20100210,2.26200000,2.82100000,2.93229742,0,0.1210
510050.SH,20100211,2.26800000,2.82800000,2.94007540,0,0.1210
510050.SH,20100212,2.28700000,2.85100000,2.96470566,0,0.1210
510050.SH,20100222,2.27100000,2.83200000,2.94396439,0,0.1210
510050.SH,20100223,2.23000000,2.78300000,2.89081487,0,0.1210
510050.SH,20100224,2.25400000,2.81200000,2.92192678,0,0.1210
510050.SH,20100225,2.28500000,2.84800000,2.96211300,0,0.1210
510050.SH,20100226,2.27700000,2.83900000,2.95174236,0,0.1210
510050.SH,20100301,2.31300000,2.88100000,2.99841023,0,0.1210
510050.SH,20100302,2.30400000,2.87100000,2.98674326,0,0.1210
510050.SH,20100303,2.31400000,2.88300000,2.99970656,0,0.1210
510050.SH,20100304,2.26500000,2.82500000,2.93618641,0,0.1210
510050.SH,20100305,2.27100000,2.83200000,2.94396439,0,0.1210
510050.SH,20100308,2.28700000,2.85100000,2.96470566,0,0.1210
510050.SH,20100309,2.30500000,2.87200000,2.98803959,0,0.1210
510050.SH,20100310,2.29500000,2.86000000,2.97507629,0,0.1210
510050.SH,20100311,2.30200000,2.86800000,2.98415060,0,0.1210
510050.SH,20100312,2.27600000,2.83800000,2.95044603,0,0.1210
510050.SH,20100315,2.24100000,2.79600000,2.90507450,0,0.1210
510050.SH,20100316,2.26200000,2.82100000,2.93229742,0,0.1210
510050.SH,20100317,2.30800000,2.87600000,2.99192858,0,0.1210
510050.SH,20100318,2.29600000,2.86100000,2.97637262,0,0.1210
510050.SH,20100319,2.31200000,2.88000000,2.99711390,0,0.1210
510050.SH,20100322,2.31800000,2.88700000,3.00489187,0,0.1210
510050.SH,20100323,2.29300000,2.85800000,2.97248364,0,0.1210
510050.SH,20100324,2.29300000,2.85800000,2.97248364,0,0.1210
510050.SH,20100325,2.26000000,2.81900000,2.92970476,0,0.1210
510050.SH,20100326,2.29400000,2.85900000,2.97377996,0,0.1210
510050.SH,20100329,2.36400000,2.94200000,3.06452303,0,0.1210
510050.SH,20100330,2.36900000,2.94800000,3.07100468,0,0.1210
510050.SH,20100331,2.35000000,2.92500000,3.04637442,0,0.1210
510050.SH,20100401,2.37600000,2.95600000,3.08007899,0,0.1210
510050.SH,20100402,2.37800000,2.95800000,3.08267165,0,0.1210
510050.SH,20100406,2.37700000,2.95700000,3.08137532,0,0.1210
510050.SH,20100407,2.36100000,2.93800000,3.06063404,0,0.1210
510050.SH,20100408,2.32500000,2.89600000,3.01396618,0,0.1210
510050.SH,20100409,2.34500000,2.91900000,3.03989277,0,0.1210
510050.SH,20100412,2.31800000,2.88700000,3.00489187,0,0.1210
510050.SH,20100413,2.36500000,2.94300000,3.06581936,0,0.1210
510050.SH,20100414,2.36700000,2.94500000,3.06841202,0,0.1210
510050.SH,20100415,2.36600000,2.94400000,3.06711569,0,0.1210
510050.SH,20100416,2.32900000,2.90000000,3.01915150,0,0.1210
510050.SH,20100419,2.21000000,2.76000000,2.86488828,0,0.1210
510050.SH,20100420,2.20400000,2.75200000,2.85711031,0,0.1210
510050.SH,20100421,2.23800000,2.79300000,2.90118551,0,0.1210
510050.SH,20100422,2.19500000,2.74200000,2.84544334,0,0.1210
510050.SH,20100423,2.18400000,2.72900000,2.83118372,0,0.1210
510050.SH,20100426,2.16900000,2.71100000,2.81173877,0,0.1210
510050.SH,20100427,2.13000000,2.66500000,2.76118192,0,0.1210
510050.SH,20100428,2.12400000,2.65800000,2.75340394,0,0.1210
510050.SH,20100429,2.12300000,2.65700000,2.75210761,0,0.1210
510050.SH,20100430,2.14800000,2.68600000,2.78451585,0,0.1210
510050.SH,20100504,2.11200000,2.64400000,2.73784799,0,0.1210
510050.SH,20100505,2.11500000,2.64700000,2.74173698,0,0.1210
510050.SH,20100506,2.01500000,2.52900000,2.61210402,0,0.1210
510050.SH,20100507,1.98800000,2.49700000,2.57710313,0,0.1210
510050.SH,20100510,2.01500000,2.52900000,2.61210402,0,0.1210
510050.SH,20100511,1.97600000,2.48300000,2.56154717,0,0.1210
510050.SH,20100512,2.00900000,2.52200000,2.60432605,0,0.1210
510050.SH,20100513,2.05000000,2.57000000,2.65747556,0,0.1210
510050.SH,20100514,2.02800000,2.54400000,2.62895631,0,0.1210
510050.SH,20100517,1.93700000,2.43600000,2.51099032,0,0.1210
510050.SH,20100518,1.97900000,2.48600000,2.56543616,0,0.1210
510050.SH,20100519,1.96700000,2.47200000,2.54988021,0,0.1210
510050.SH,20100520,1.93500000,2.43400000,2.50839766,0,0.1210
510050.SH,20100521,1.95300000,2.45500000,2.53173159,0,0.1210
510050.SH,20100524,2.01700000,2.53100000,2.61469668,0,0.1210
510050.SH,20100525,1.96800000,2.47300000,2.55117653,0,0.1210
510050.SH,20100526,1.96700000,2.47200000,2.54988021,0,0.1210
510050.SH,20100527,1.99400000,2.50400000,2.58488110,0,0.1210
510050.SH,20100528,1.98500000,2.49300000,2.57321414,0,0.1210
510050.SH,20100531,1.93900000,2.43900000,2.51358298,0,0.1210
510050.SH,20100601,1.92400000,2.42100000,2.49413803,0,0.1210
510050.SH,20100602,1.92200000,2.41900000,2.49154538,0,0.1210
510050.SH,20100603,1.91000000,2.40400000,2.47598942,0,0.1210
510050.SH,20100604,1.91000000,2.40400000,2.47598942,0,0.1210
510050.SH,20100607,1.86900000,2.35600000,2.42283991,0,0.1210
510050.SH,20100608,1.86100000,2.34600000,2.41246927,0,0.1210
510050.SH,20100609,1.92300000,2.42000000,2.49284171,0,0.1210
510050.SH,20100610,1.89000000,2.38100000,2.45006283,0,0.1210
510050.SH,20100611,1.89900000,2.39100000,2.46172980,0,0.1210
510050.SH,20100617,1.89700000,2.38900000,2.45913714,0,0.1210
510050.SH,20100618,1.88700000,2.37700000,2.44617384,0,0.1210
510050.SH,20100621,1.94900000,2.45100000,2.52654627,0,0.1210
510050.SH,20100622,1.94600000,2.44700000,2.52265728,0,0.1210
510050.SH,20100623,1.92900000,2.42700000,2.50061968,0,0.1210
510050.SH,20100624,1.93100000,2.42900000,2.50321234,0,0.1210
510050.SH,20100625,1.93400000,2.43300000,2.50710133,0,0.1210
510050.SH,20100628,1.92900000,2.42700000,2.50061968,0,0.1210
510050.SH,20100629,1.85300000,2.33700000,2.40209864,0,0.1210
510050.SH,20100630,1.84100000,2.32300000,2.38654268,0,0.1210
510050.SH,20100701,1.82400000,2.30300000,2.36450508,0,0.1210
510050.SH,20100702,1.83700000,2.31800000,2.38135736,0,0.1210
510050.SH,20100705,1.82300000,2.30100000,2.36320875,0,0.1210
510050.SH,20100706,1.85200000,2.33600000,2.40080231,0,0.1210
510050.SH,20100707,1.85600000,2.34000000,2.40598763,0,0.1210
510050.SH,20100708,1.85600000,2.34000000,2.40598763,0,0.1210
510050.SH,20100709,1.89900000,2.39100000,2.46172980,0,0.1210
510050.SH,20100712,1.91500000,2.41000000,2.48247107,0,0.1210
510050.SH,20100713,1.88700000,2.37700000,2.44617384,0,0.1210
510050.SH,20100714,1.90200000,2.39500000,2.46561879,0,0.1210
510050.SH,20100715,1.86900000,2.35600000,2.42283991,0,0.1210
510050.SH,20100716,1.86900000,2.35600000,2.42283991,0,0.1210
510050.SH,20100719,1.90900000,2.40300000,2.47469309,0,0.1210
510050.SH,20100720,1.94100000,2.44100000,2.51617564,0,0.1210
510050.SH,20100721,1.94500000,2.44600000,2.52136096,0,0.1210
510050.SH,20100722,1.96500000,2.46900000,2.54728755,0,0.1210
510050.SH,20100723,1.97600000,2.48300000,2.56154717,0,0.1210
510050.SH,20100726,1.98300000,2.49100000,2.57062148,0,0.1210
510050.SH,20100727,1.96700000,2.47200000,2.54988021,0,0.1210
510050.SH,20100728,2.01400000,2.52800000,2.61080769,0,0.1210
510050.SH,20100729,2.02400000,2.53900000,2.62377099,0,0.1210
510050.SH,20100730,2.01800000,2.53200000,2.61599301,0,0.1210
510050.SH,20100802,2.04700000,2.56700000,2.65358657,0,0.1210
510050.SH,20100803,2.01000000,2.52300000,2.60562238,0,0.1210
510050.SH,20100804,2.01300000,2.52600000,2.60951136,0,0.1210
510050.SH,20100805,1.98500000,2.49300000,2.57321414,0,0.1210
510050.SH,20100806,2.01100000,2.52400000,2.60691870,0,0.1210
510050.SH,20100809,2.02000000,2.53500000,2.61858567,0,0.1210
510050.SH,20100810,1.96700000,2.47200000,2.54988021,0,0.1210
510050.SH,20100811,1.97200000,2.47800000,2.55636185,0,0.1210
510050.SH,20100812,1.94700000,2.44800000,2.52395361,0,0.1210
510050.SH,20100813,1.96300000,2.46700000,2.54469489,0,0.1210
510050.SH,20100816,2.00400000,2.51600000,2.59784440,0,0.1210
510050.SH,20100817,2.01400000,2.52800000,2.61080769,0,0.1210
510050.SH,20100818,2.00800000,2.52000000,2.60302972,0,0.1210
510050.SH,20100819,2.02800000,2.54400000,2.62895631,0,0.1210
510050.SH,20100820,2.00100000,2.51200000,2.59395541,0,0.1210
510050.SH,20100823,1.99700000,2.50700000,2.58877009,0,0.1210
510050.SH,20100824,1.99400000,2.50400000,2.58488110,0,0.1210
510050.SH,20100825,1.94900000,2.45100000,2.52654627,0,0.1210
510050.SH,20100826,1.94800000,2.44900000,2.52524994,0,0.1210
510050.SH,20100827,1.95200000,2.45400000,2.53043526,0,0.1210
510050.SH,20100830,1.97700000,2.48400000,2.56284350,0,0.1210
510050.SH,20100831,1.95800000,2.46100000,2.53821324,0,0.1210
510050.SH,20100901,1.95200000,2.45400000,2.53043526,0,0.1210
510050.SH,20100902,1.96900000,2.47400000,2.55247286,0,0.1210
510050.SH,20100903,1.96200000,2.46600000,2.54339856,0,0.1210
510050.SH,20100906,2.00800000,2.52000000,2.60302972,0,0.1210
510050.SH,20100907,2.00500000,2.51700000,2.59914073,0,0.1210
510050.SH,20100908,1.98800000,2.49700000,2.57710313,0,0.1210
510050.SH,20100909,1.95100000,2.45300000,2.52913893,0,0.1210
510050.SH,20100910,1.94800000,2.44900000,2.52524994,0,0.1210
510050.SH,20100913,1.95600000,2.45900000,2.53562058,0,0.1210
510050.SH,20100914,1.96000000,2.46400000,2.54080590,0,0.1210
510050.SH,20100915,1.92800000,2.42600000,2.49932335,0,0.1210
510050.SH,20100916,1.89300000,2.38400000,2.45395182,0,0.1210
510050.SH,20100917,1.89300000,2.38400000,2.45395182,0,0.1210
510050.SH,20100920,1.89600000,2.38800000,2.45784081,0,0.1210
510050.SH,20100921,1.90000000,2.39300000,2.46302613,0,0.1210
510050.SH,20100927,1.91600000,2.41100000,2.48376740,0,0.1210
510050.SH,20100928,1.89900000,2.39100000,2.46172980,0,0.1210
510050.SH,20100929,1.90400000,2.39700000,2.46821144,0,0.1210
510050.SH,20100930,1.94900000,2.45100000,2.52654627,0,0.1210
510050.SH,20101008,2.02600000,2.54200000,2.62636365,0,0.1210
510050.SH,20101011,2.10100000,2.63000000,2.72358836,0,0.1210
510050.SH,20101012,2.12500000,2.65900000,2.75470027,0,0.1210
510050.SH,20101013,2.15900000,2.69900000,2.79877548,0,0.1210
510050.SH,20101014,2.19000000,2.73600000,2.83896169,0,0.1210
510050.SH,20101015,2.28000000,2.84200000,2.95563135,0,0.1210
510050.SH,20101018,2.26800000,2.82800000,2.94007540,0,0.1210
510050.SH,20101019,2.30400000,2.87100000,2.98674326,0,0.1210
510050.SH,20101020,2.31000000,2.87800000,2.99452124,0,0.1210
510050.SH,20101021,2.27100000,2.83200000,2.94396439,0,0.1210
510050.SH,20101022,2.25800000,2.81600000,2.92711210,0,0.1210
510050.SH,20101025,2.31900000,2.88900000,3.00618820,0,0.1210
510050.SH,20101026,2.29800000,2.86400000,2.97896528,0,0.1210
510050.SH,20101027,2.25100000,2.80800000,2.91803779,0,0.1210
510050.SH,20101028,2.25000000,2.80700000,2.91674147,0,0.1210
510050.SH,20101029,2.21600000,2.76700000,2.87266626,0,0.1210
510050.SH,20101101,2.26500000,2.82500000,2.93618641,0,0.1210
510050.SH,20101102,2.25800000,2.81600000,2.92711210,0,0.1210
510050.SH,20101103,2.25200000,2.80900000,2.91933412,0,0.1210
510050.SH,20101104,2.28000000,2.84200000,2.95563135,0,0.1210
510050.SH,20101105,2.30200000,2.86800000,2.98415060,0,0.1210
510050.SH,20101108,2.31400000,2.88300000,2.99970656,0,0.1210
510050.SH,20101109,2.28100000,2.84400000,2.95692768,0,0.1210
510050.SH,20101110,2.24900000,2.80600000,2.91544514,0,0.1210
510050.SH,20101111,2.27500000,2.83600000,2.94914970,0,0.1210
510050.SH,20101112,2.15300000,2.69200000,2.79099750,0,0.1210
510050.SH,20101115,2.14500000,2.68300000,2.78062686,0,0.1210
510050.SH,20101116,2.02100000,2.56700000,2.65202778,1,0.1470
510050.SH,20101117,2.00200000,2.54400000,2.62709531,0,0.1470
510050.SH,20101118,2.02600000,2.57200000,2.65858896,0,0.1470
510050.SH,20101119,2.02800000,2.57500000,2.66121343,0,0.1470
510050.SH,20101122,2.00700000,2.55000000,2.63365649,0,0.1470
510050.SH,20101123,1.96900000,2.50500000,2.58379154,0,0.1470
510050.SH,20101124,2.00800000,2.55100000,2.63496872,0,0.1470
510050.SH,20101125,2.03700000,2.58600000,2.67302355,0,0.1470
510050.SH,20101126,2.01400000,2.55800000,2.64284214,0,0.1470
510050.SH,20101129,2.00800000,2.55100000,2.63496872,0,0.1470
510050.SH,20101130,1.97600000,2.51300000,2.59297719,0,0.1470
510050.SH,20101201,1.98000000,2.51800000,2.59822613,0,0.1470
510050.SH,20101202,1.99300000,2.53300000,2.61528519,0,0.1470
510050.SH,20101203,2.00300000,2.54500000,2.62840755,0,0.1470
510050.SH,20101206,2.02700000,2.57400000,2.65990120,0,0.1470
510050.SH,20101207,2.04300000,2.59300000,2.68089696,0,0.1470
510050.SH,20101208,2.01500000,2.55900000,2.64415437,0,0.1470
510050.SH,20101209,1.99300000,2.53300000,2.61528519,0,0.1470
510050.SH,20101210,2.01800000,2.56300000,2.64809108,0,0.1470
510050.SH,20101213,2.07000000,2.62500000,2.71632732,0,0.1470
510050.SH,20101214,2.06600000,2.62000000,2.71107838,0,0.1470
510050.SH,20101215,2.05100000,2.60200000,2.69139485,0,0.1470
510050.SH,20101216,2.03300000,2.58100000,2.66777461,0,0.1470
510050.SH,20101217,2.02900000,2.57600000,2.66252567,0,0.1470
510050.SH,20101220,1.99600000,2.53700000,2.61922190,0,0.1470
510050.SH,20101221,2.04600000,2.59600000,2.68483367,0,0.1470
510050.SH,20101222,2.01800000,2.56300000,2.64809108,0,0.1470
510050.SH,20101223,2.01500000,2.55900000,2.64415437,0,0.1470
510050.SH,20101224,2.01000000,2.55400000,2.63759319,0,0.1470
510050.SH,20101227,1.97400000,2.51100000,2.59035272,0,0.1470
510050.SH,20101228,1.94700000,2.47900000,2.55492236,0,0.1470
510050.SH,20101229,1.95000000,2.48300000,2.55885907,0,0.1470
510050.SH,20101230,1.94100000,2.47200000,2.54704895,0,0.1470
510050.SH,20101231,1.97200000,2.50900000,2.58772825,0,0.1470
510050.SH,20110104,2.01000000,2.55400000,2.63759319,0,0.1470
510050.SH,20110105,1.99400000,2.53500000,2.61659743,0,0.1470
510050.SH,20110106,1.97900000,2.51700000,2.59691390,0,0.1470
510050.SH,20110107,2.00100000,2.54300000,2.62578308,0,0.1470
510050.SH,20110110,1.97100000,2.50700000,2.58641601,0,0.1470
510050.SH,20110111,1.99500000,2.53600000,2.61790966,0,0.1470
510050.SH,20110112,2.01300000,2.55700000,2.64152990,0,0.1470
510050.SH,20110113,2.01000000,2.55400000,2.63759319,0,0.1470
510050.SH,20110114,1.97800000,2.51600000,2.59560166,0,0.1470
510050.SH,20110117,1.91500000,2.44100000,2.51293083,0,0.1470
510050.SH,20110118,1.92000000,2.44700000,2.51949201,0,0.1470
510050.SH,20110119,1.95000000,2.48300000,2.55885907,0,0.1470
510050.SH,20110120,1.89200000,2.41400000,2.48274941,0,0.1470
510050.SH,20110121,1.92200000,2.44900000,2.52211648,0,0.1470
510050.SH,20110124,1.90800000,2.43300000,2.50374518,0,0.1470
510050.SH,20110125,1.90700000,2.43200000,2.50243295,0,0.1470
510050.SH,20110126,1.92200000,2.44900000,2.52211648,0,0.1470
510050.SH,20110127,1.94500000,2.47700000,2.55229789,0,0.1470
510050.SH,20110128,1.94000000,2.47100000,2.54573671,0,0.1470
510050.SH,20110131,1.95900000,2.49300000,2.57066919,0,0.1470
510050.SH,20110201,1.96500000,2.50000000,2.57854260,0,0.1470
510050.SH,20110209,1.93800000,2.46800000,2.54311224,0,0.1470
510050.SH,20110210,1.97100000,2.50700000,2.58641601,0,0.1470
510050.SH,20110211,1.97200000,2.50900000,2.58772825,0,0.1470
510050.SH,20110214,2.04100000,2.59000000,2.67827249,0,0.1470
510050.SH,20110215,2.03600000,2.58400000,2.67171132,0,0.1470
510050.SH,20110216,2.04400000,2.59400000,2.68220920,0,0.1470
510050.SH,20110217,2.04000000,2.58900000,2.67696026,0,0.1470
510050.SH,20110218,2.02300000,2.56900000,2.65465225,0,0.1470
510050.SH,20110221,2.03900000,2.58800000,2.67564802,0,0.1470
510050.SH,20110222,1.98400000,2.52300000,2.60347507,0,0.1470
510050.SH,20110223,1.98900000,2.52900000,2.61003625,0,0.1470
510050.SH,20110224,1.99500000,2.53600000,2.61790966,0,0.1470
510050.SH,20110225,1.99800000,2.53900000,2.62184637,0,0.1470
510050.SH,20110228,2.01200000,2.55600000,2.64021767,0,0.1470
510050.SH,20110301,2.02600000,2.57200000,2.65858896,0,0.1470
510050.SH,20110302,2.03200000,2.58000000,2.66646237,0,0.1470
510050.SH,20110303,2.04300000,2.59300000,2.68089696,0,0.1470
510050.SH,20110304,2.07100000,2.62600000,2.71763955,0,0.1470
510050.SH,20110307,2.11300000,2.67500000,2.77275344,0,0.1470
510050.SH,20110308,2.11300000,2.67500000,2.77275344,0,0.1470
510050.SH,20110309,2.11000000,2.67200000,2.76881674,0,0.1470
510050.SH,20110310,2.06200000,2.61500000,2.70582944,0,0.1470
510050.SH,20110311,2.04000000,2.58900000,2.67696026,0,0.1470
510050.SH,20110314,2.04500000,2.59500000,2.68352143,0,0.1470
510050.SH,20110315,2.01000000,2.55400000,2.63759319,0,0.1470
510050.SH,20110316,2.04000000,2.58900000,2.67696026,0,0.1470
510050.SH,20110317,2.01400000,2.55800000,2.64284214,0,0.1470
510050.SH,20110318,2.02600000,2.57200000,2.65858896,0,0.1470
510050.SH,20110321,2.02700000,2.57400000,2.65990120,0,0.1470
510050.SH,20110322,2.04500000,2.59500000,2.68352143,0,0.1470
510050.SH,20110323,2.06500000,2.61900000,2.70976614,0,0.1470
510050.SH,20110324,2.05400000,2.60600000,2.69533155,0,0.1470
510050.SH,20110325,2.08700000,2.64500000,2.73863532,0,0.1470
510050.SH,20110328,2.09300000,2.65200000,2.74650873,0,0.1470
510050.SH,20110329,2.08600000,2.64400000,2.73732309,0,0.1470
510050.SH,20110330,2.09100000,2.64900000,2.74388426,0,0.1470
510050.SH,20110331,2.07300000,2.62800000,2.72026403,0,0.1470
510050.SH,20110401,2.11600000,2.67900000,2.77669015,0,0.1470
510050.SH,20110406,2.16500000,2.73700000,2.84098968,0,0.1470
510050.SH,20110407,2.16300000,2.73500000,2.83836521,0,0.1470
510050.SH,20110408,2.17400000,2.74800000,2.85279980,0,0.1470
510050.SH,20110411,2.16500000,2.73700000,2.84098968,0,0.1470
510050.SH,20110412,2.15400000,2.72400000,2.82655509,0,0.1470
510050.SH,20110413,2.18900000,2.76500000,2.87248333,0,0.1470
510050.SH,20110414,2.17900000,2.75400000,2.85936098,0,0.1470
510050.SH,20110415,2.18900000,2.76500000,2.87248333,0,0.1470
510050.SH,20110418,2.18900000,2.76500000,2.87248333,0,0.1470
510050.SH,20110419,2.14200000,2.71000000,2.81080827,0,0.1470
510050.SH,20110420,2.13400000,2.70000000,2.80031039,0,0.1470
510050.SH,20110421,2.15000000,2.71900000,2.82130615,0,0.1470
510050.SH,20110422,2.14100000,2.70900000,2.80949603,0,0.1470
510050.SH,20110425,2.11800000,2.68100000,2.77931462,0,0.1470
510050.SH,20110426,2.11000000,2.67200000,2.76881674,0,0.1470
510050.SH,20110427,2.10400000,2.66500000,2.76094332,0,0.1470
510050.SH,20110428,2.10200000,2.66200000,2.75831885,0,0.1470
510050.SH,20110429,2.10400000,2.66500000,2.76094332,0,0.1470
510050.SH,20110503,2.10400000,2.66500000,2.76094332,0,0.1470
510050.SH,20110504,2.04700000,2.59700000,2.68614590,0,0.1470
510050.SH,20110505,2.04000000,2.58900000,2.67696026,0,0.1470
510050.SH,20110506,2.02700000,2.57400000,2.65990120,0,0.1470
510050.SH,20110509,2.02600000,2.57200000,2.65858896,0,0.1470
510050.SH,20110510,2.04600000,2.59600000,2.68483367,0,0.1470
510050.SH,20110511,2.03700000,2.58600000,2.67302355,0,0.1470
510050.SH,20110512,2.01000000,2.55400000,2.63759319,0,0.1470
510050.SH,20110513,2.03100000,2.57800000,2.66515014,0,0.1470
510050.SH,20110516,2.00700000,2.55000000,2.63365649,0,0.1470
510050.SH,20110517,2.02200000,2.56800000,2.65334002,0,0.1470
510050.SH,20110518,2.04200000,2.59100000,2.67958473,0,0.1470
510050.SH,20110519,2.03500000,2.58300000,2.67039908,0,0.1470
510050.SH,20110520,2.04100000,2.59000000,2.67827249,0,0.1470
510050.SH,20110523,1.98200000,2.52000000,2.60085060,0,0.1470
510050.SH,20110524,1.98500000,2.52400000,2.60478731,0,0.1470
510050.SH,20110525,1.96100000,2.49600000,2.57329366,0,0.1470
510050.SH,20110526,1.96400000,2.49900000,2.57723036,0,0.1470
510050.SH,20110527,1.96600000,2.50100000,2.57985484,0,0.1470
510050.SH,20110530,1.96800000,2.50400000,2.58247931,0,0.1470
510050.SH,20110531,1.99800000,2.53900000,2.62184637,0,0.1470
510050.SH,20110601,1.99100000,2.53100000,2.61266072,0,0.1470
510050.SH,20110602,1.95100000,2.48400000,2.56017130,0,0.1470
510050.SH,20110603,1.96600000,2.50100000,2.57985484,0,0.1470
510050.SH,20110607,1.97500000,2.51200000,2.59166495,0,0.1470
510050.SH,20110608,1.97100000,2.50700000,2.58641601,0,0.1470
510050.SH,20110609,1.94100000,2.47200000,2.54704895,0,0.1470
510050.SH,20110610,1.94700000,2.47900000,2.55492236,0,0.1470
510050.SH,20110613,1.94400000,2.47500000,2.55098566,0,0.1470
510050.SH,20110614,1.96800000,2.50400000,2.58247931,0,0.1470
510050.SH,20110615,1.95200000,2.48500000,2.56148354,0,0.1470
510050.SH,20110616,1.92900000,2.45800000,2.53130213,0,0.1470
510050.SH,20110617,1.91600000,2.44200000,2.51424306,0,0.1470
510050.SH,20110620,1.90900000,2.43400000,2.50505742,0,0.1470
510050.SH,20110621,1.92800000,2.45600000,2.52998989,0,0.1470
510050.SH,20110622,1.92700000,2.45500000,2.52867765,0,0.1470
510050.SH,20110623,1.95600000,2.49000000,2.56673248,0,0.1470
510050.SH,20110624,2.00300000,2.54500000,2.62840755,0,0.1470
510050.SH,20110627,2.00000000,2.54200000,2.62447084,0,0.1470
510050.SH,20110628,2.00000000,2.54200000,2.62447084,0,0.1470
510050.SH,20110629,1.96800000,2.50400000,2.58247931,0,0.1470
510050.SH,20110630,1.99800000,2.53900000,2.62184637,0,0.1470
510050.SH,20110701,1.99700000,2.53800000,2.62053413,0,0.1470
510050.SH,20110704,2.04600000,2.59600000,2.68483367,0,0.1470
510050.SH,20110705,2.04100000,2.59000000,2.67827249,0,0.1470
510050.SH,20110706,2.02900000,2.57600000,2.66252567,0,0.1470
510050.SH,20110707,2.01900000,2.56400000,2.64940331,0,0.1470
510050.SH,20110708,2.02800000,2.57500000,2.66121343,0,0.1470
510050.SH,20110711,2.02300000,2.56900000,2.65465225,0,0.1470
510050.SH,20110712,1.98100000,2.51900000,2.59953837,0,0.1470
510050.SH,20110713,2.01100000,2.55500000,2.63890543,0,0.1470
510050.SH,20110714,2.01800000,2.56300000,2.64809108,0,0.1470
510050.SH,20110715,2.02400000,2.57000000,2.65596449,0,0.1470
510050.SH,20110718,2.01600000,2.56100000,2.64546661,0,0.1470
510050.SH,20110719,2.00200000,2.54400000,2.62709531,0,0.1470
510050.SH,20110720,1.99700000,2.53800000,2.62053413,0,0.1470
510050.SH,20110721,1.97500000,2.51200000,2.59166495,0,0.1470
510050.SH,20110722,1.97800000,2.51600000,2.59560166,0,0.1470
510050.SH,20110725,1.92400000,2.45200000,2.52474095,0,0.1470
510050.SH,20110726,1.93000000,2.45900000,2.53261436,0,0.1470
510050.SH,20110727,1.93300000,2.46200000,2.53655107,0,0.1470
510050.SH,20110728,1.91500000,2.44100000,2.51293083,0,0.1470
510050.SH,20110729,1.92400000,2.45200000,2.52474095,0,0.1470
510050.SH,20110801,1.92600000,2.45400000,2.52736542,0,0.1470
510050.SH,20110802,1.91000000,2.43500000,2.50636965,0,0.1470
510050.SH,20110803,1.90900000,2.43400000,2.50505742,0,0.1470
510050.SH,20110804,1.91100000,2.43600000,2.50768189,0,0.1470
510050.SH,20110805,1.86500000,2.38200000,2.44731906,0,0.1470
510050.SH,20110808,1.81000000,2.31700000,2.37514611,0,0.1470
510050.SH,20110809,1.81600000,2.32400000,2.38301952,0,0.1470
510050.SH,20110810,1.82800000,2.33800000,2.39876635,0,0.1470
510050.SH,20110811,1.85400000,2.36900000,2.43288447,0,0.1470
510050.SH,20110812,1.85200000,2.36600000,2.43026000,0,0.1470
510050.SH,20110815,1.88700000,2.40800000,2.47618824,0,0.1470
510050.SH,20110816,1.87800000,2.39700000,2.46437812,0,0.1470
510050.SH,20110817,1.87200000,2.39000000,2.45650471,0,0.1470
510050.SH,20110818,1.83800000,2.35000000,2.41188870,0,0.1470
510050.SH,20110819,1.82000000,2.32900000,2.38826846,0,0.1470
510050.SH,20110822,1.80500000,2.31100000,2.36858493,0,0.1470
510050.SH,20110823,1.83600000,2.34800000,2.40926423,0,0.1470
510050.SH,20110824,1.82200000,2.33100000,2.39089294,0,0.1470
510050.SH,20110825,1.89400000,2.41600000,2.48537389,0,0.1470
510050.SH,20110826,1.89200000,2.41400000,2.48274941,0,0.1470
510050.SH,20110829,1.85300000,2.36800000,2.43157223,0,0.1470
510050.SH,20110830,1.85100000,2.36500000,2.42894776,0,0.1470
510050.SH,20110831,1.85700000,2.37200000,2.43682117,0,0.1470
510050.SH,20110901,1.85600000,2.37100000,2.43550894,0,0.1470
510050.SH,20110902,1.83600000,2.34800000,2.40926423,0,0.1470
510050.SH,20110905,1.80200000,2.30700000,2.36464823,0,0.1470
510050.SH,20110906,1.79500000,2.29900000,2.35546258,0,0.1470
510050.SH,20110907,1.83000000,2.34000000,2.40139082,0,0.1470
510050.SH,20110908,1.81500000,2.32300000,2.38170729,0,0.1470
510050.SH,20110909,1.81600000,2.32400000,2.38301952,0,0.1470
510050.SH,20110913,1.79800000,2.30300000,2.35939929,0,0.1470
510050.SH,20110914,1.80200000,2.30700000,2.36464823,0,0.1470
510050.SH,20110915,1.79500000,2.29900000,2.35546258,0,0.1470
510050.SH,20110916,1.80000000,2.30500000,2.36202376,0,0.1470
510050.SH,20110919,1.76500000,2.26400000,2.31609552,0,0.1470
510050.SH,20110920,1.77300000,2.27300000,2.32659340,0,0.1470
510050.SH,20110921,1.82400000,2.33300000,2.39351741,0,0.1470
510050.SH,20110922,1.76600000,2.26500000,2.31740775,0,0.1470
510050.SH,20110923,1.75500000,2.25200000,2.30297316,0,0.1470
510050.SH,20110926,1.70500000,2.19200000,2.23736139,0,0.1470
510050.SH,20110927,1.72600000,2.21700000,2.26491833,0,0.1470
510050.SH,20110928,1.71100000,2.20000000,2.24523480,0,0.1470
510050.SH,20110929,1.70500000,2.19200000,2.23736139,0,0.1470
510050.SH,20110930,1.70100000,2.18800000,2.23211245,0,0.1470
510050.SH,20111010,1.68600000,2.17000000,2.21242892,0,0.1470
510050.SH,20111011,1.69100000,2.17600000,2.21899010,0,0.1470
510050.SH,20111012,1.75400000,2.25000000,2.30166093,0,0.1470
510050.SH,20111013,1.76300000,2.26100000,2.31347105,0,0.1470
510050.SH,20111014,1.76100000,2.25900000,2.31084657,0,0.1470
510050.SH,20111017,1.77300000,2.27300000,2.32659340,0,0.1470
510050.SH,20111018,1.72500000,2.21600000,2.26360610,0,0.1470
510050.SH,20111019,1.72400000,2.21500000,2.26229386,0,0.1470
510050.SH,20111020,1.68900000,2.17400000,2.21636562,0,0.1470
510050.SH,20111021,1.69200000,2.17700000,2.22030233,0,0.1470
510050.SH,20111024,1.74500000,2.24000000,2.28985081,0,0.1470
510050.SH,20111025,1.76800000,2.26700000,2.32003222,0,0.1470
510050.SH,20111026,1.78100000,2.28200000,2.33709128,0,0.1470
510050.SH,20111027,1.79000000,2.29300000,2.34890140,0,0.1470
510050.SH,20111028,1.82300000,2.33200000,2.39220517,0,0.1470
510050.SH,20111031,1.80700000,2.31300000,2.37120940,0,0.1470
510050.SH,20111101,1.81100000,2.31800000,2.37645835,0,0.1470
510050.SH,20111102,1.84100000,2.35300000,2.41582541,0,0.1470
510050.SH,20111103,1.83500000,2.34600000,2.40795200,0,0.1470
510050.SH,20111104,1.84700000,2.36100000,2.42369882,0,0.1470
510050.SH,20111107,1.82500000,2.33500000,2.39482964,0,0.1470
510050.SH,20111108,1.82400000,2.33300000,2.39351741,0,0.1470
510050.SH,20111109,1.83700000,2.34900000,2.41057647,0,0.1470
510050.SH,20111110,1.79700000,2.30100000,2.35808705,0,0.1470
510050.SH,20111111,1.79500000,2.29900000,2.35546258,0,0.1470
510050.SH,20111114,1.83100000,2.34200000,2.40270305,0,0.1470
510050.SH,20111115,1.82300000,2.33200000,2.39220517,0,0.1470
510050.SH,20111116,1.77000000,2.26900000,2.32265669,0,0.1470
510050.SH,20111117,1.76200000,2.26000000,2.31215881,0,0.1470
510050.SH,20111118,1.73500000,2.22800000,2.27672845,0,0.1470
510050.SH,20111121,1.73600000,2.22900000,2.27804069,0,0.1470
510050.SH,20111122,1.73700000,2.23000000,2.27935292,0,0.1470
510050.SH,20111123,1.71500000,2.20400000,2.25048375,0,0.1470
510050.SH,20111124,1.71900000,2.20900000,2.25573269,0,0.1470
510050.SH,20111125,1.70600000,2.19400000,2.23867363,0,0.1470
510050.SH,20111128,1.70800000,2.19600000,2.24129810,0,0.1470
510050.SH,20111129,1.73000000,2.22200000,2.27016728,0,0.1470
510050.SH,20111130,1.67700000,2.15900000,2.20061880,0,0.1470
510050.SH,20111201,1.72700000,2.21900000,2.26623057,0,0.1470
510050.SH,20111202,1.71900000,2.20900000,2.25573269,0,0.1470
510050.SH,20111205,1.70900000,2.19700000,2.24261033,0,0.1470
510050.SH,20111206,1.70400000,2.19100000,2.23604916,0,0.1470
510050.SH,20111207,1.71800000,2.20800000,2.25442045,0,0.1470
510050.SH,20111208,1.71700000,2.20700000,2.25310822,0,0.1470
510050.SH,20111209,1.70700000,2.19500000,2.23998586,0,0.1470
510050.SH,20111212,1.69400000,2.17900000,2.22292680,0,0.1470
510050.SH,20111213,1.66100000,2.14000000,2.17962303,0,0.1470
510050.SH,20111214,1.65200000,2.13000000,2.16781291,0,0.1470
510050.SH,20111215,1.61300000,2.08400000,2.11663573,0,0.1470
510050.SH,20111216,1.64300000,2.11900000,2.15600280,0,0.1470
510050.SH,20111219,1.63900000,2.11400000,2.15075385,0,0.1470
510050.SH,20111220,1.63900000,2.11400000,2.15075385,0,0.1470
510050.SH,20111221,1.61800000,2.08900000,2.12319691,0,0.1470
510050.SH,20111222,1.62300000,2.09500000,2.12975809,0,0.1470
510050.SH,20111223,1.63200000,2.10600000,2.14156821,0,0.1470
510050.SH,20111226,1.61600000,2.08700000,2.12057244,0,0.1470
510050.SH,20111227,1.60500000,2.07400000,2.10613785,0,0.1470
510050.SH,20111228,1.60900000,2.07900000,2.11138679,0,0.1470
510050.SH,20111229,1.61100000,2.08100000,2.11401126,0,0.1470
510050.SH,20111230,1.63200000,2.10600000,2.14156821,0,0.1470
510050.SH,20111231,1.63200000,2.10600000,2.14156821,0,0.1470
510050.SH,20120104,1.60900000,2.07900000,2.11138679,0,0.1470
510050.SH,20120105,1.61100000,2.08100000,2.11401126,0,0.1470
510050.SH,20120106,1.62300000,2.09500000,2.12975809,0,0.1470
510050.SH,20120109,1.67400000,2.15600000,2.19668209,0,0.1470
510050.SH,20120110,1.72100000,2.21100000,2.25835716,0,0.1470
510050.SH,20120111,1.70900000,2.19700000,2.24261033,0,0.1470
510050.SH,20120112,1.71700000,2.20700000,2.25310822,0,0.1470
510050.SH,20120113,1.70200000,2.18900000,2.23342468,0,0.1470
510050.SH,20120116,1.67800000,2.16100000,2.20193103,0,0.1470
510050.SH,20120117,1.75300000,2.24900000,2.30034869,0,0.1470
510050.SH,20120118,1.73100000,2.22300000,2.27147951,0,0.1470
510050.SH,20120119,1.76700000,2.26600000,2.31871999,0,0.1470
510050.SH,20120120,1.79200000,2.29500000,2.35152587,0,0.1470
510050.SH,20120130,1.76000000,2.25800000,2.30953434,0,0.1470
510050.SH,20120131,1.76100000,2.25900000,2.31084657,0,0.1470
510050.SH,20120201,1.73000000,2.22200000,2.27016728,0,0.1470
510050.SH,20120202,1.77800000,2.27900000,2.33315458,0,0.1470
510050.SH,20120203,1.78800000,2.29100000,2.34627693,0,0.1470
510050.SH,20120206,1.78100000,2.28200000,2.33709128,0,0.1470
510050.SH,20120207,1.74800000,2.24300000,2.29378751,0,0.1470
510050.SH,20120208,1.79900000,2.30400000,2.36071152,0,0.1470
510050.SH,20120209,1.79400000,2.29800000,2.35415034,0,0.1470
510050.SH,20120210,1.79400000,2.29800000,2.35415034,0,0.1470
510050.SH,20120213,1.78400000,2.28600000,2.34102799,0,0.1470
510050.SH,20120214,1.77500000,2.27500000,2.32921787,0,0.1470
510050.SH,20120215,1.78900000,2.29200000,2.34758917,0,0.1470
510050.SH,20120216,1.77700000,2.27800000,2.33184234,0,0.1470
510050.SH,20120217,1.78100000,2.28200000,2.33709128,0,0.1470
510050.SH,20120220,1.78400000,2.28600000,2.34102799,0,0.1470
510050.SH,20120221,1.79400000,2.29800000,2.35415034,0,0.1470
510050.SH,20120222,1.81000000,2.31700000,2.37514611,0,0.1470
510050.SH,20120223,1.81400000,2.32200000,2.38039505,0,0.1470
510050.SH,20120224,1.84100000,2.35300000,2.41582541,0,0.1470
510050.SH,20120227,1.84300000,2.35600000,2.41844988,0,0.1470
510050.SH,20120228,1.85300000,2.36800000,2.43157223,0,0.1470
510050.SH,20120229,1.83700000,2.34900000,2.41057647,0,0.1470
510050.SH,20120301,1.83300000,2.34400000,2.40532752,0,0.1470
510050.SH,20120302,1.85800000,2.37400000,2.43813341,0,0.1470
510050.SH,20120305,1.84200000,2.35500000,2.41713764,0,0.1470
510050.SH,20120306,1.80800000,2.31400000,2.37252164,0,0.1470
510050.SH,20120307,1.79100000,2.29400000,2.35021364,0,0.1470
510050.SH,20120308,1.81200000,2.31900000,2.37777058,0,0.1470
510050.SH,20120309,1.82600000,2.33600000,2.39614188,0,0.1470
510050.SH,20120312,1.81100000,2.31800000,2.37645835,0,0.1470
510050.SH,20120313,1.82700000,2.33700000,2.39745411,0,0.1470
510050.SH,20120314,1.79100000,2.29400000,2.35021364,0,0.1470
510050.SH,20120315,1.77500000,2.27500000,2.32921787,0,0.1470
510050.SH,20120316,1.79400000,2.29800000,2.35415034,0,0.1470
510050.SH,20120319,1.79200000,2.29500000,2.35152587,0,0.1470
510050.SH,20120320,1.76900000,2.26800000,2.32134446,0,0.1470
510050.SH,20120321,1.77200000,2.27200000,2.32528116,0,0.1470
510050.SH,20120322,1.77400000,2.27400000,2.32790564,0,0.1470
510050.SH,20120323,1.76200000,2.26000000,2.31215881,0,0.1470
510050.SH,20120326,1.76400000,2.26200000,2.31478328,0,0.1470
510050.SH,20120327,1.76200000,2.26000000,2.31215881,0,0.1470
510050.SH,20120328,1.72200000,2.21300000,2.25966939,0,0.1470
510050.SH,20120329,1.70200000,2.18900000,2.23342468,0,0.1470
510050.SH,20120330,1.71900000,2.20900000,2.25573269,0,0.1470
510050.SH,20120331,1.71900000,2.20900000,2.25573269,0,0.1470
510050.SH,20120405,1.74800000,2.24300000,2.29378751,0,0.1470
510050.SH,20120406,1.75000000,2.24600000,2.29641199,0,0.1470
510050.SH,20120409,1.73400000,2.22700000,2.27541622,0,0.1470
510050.SH,20120410,1.74800000,2.24300000,2.29378751,0,0.1470
510050.SH,20120411,1.74700000,2.24200000,2.29247528,0,0.1470
510050.SH,20120412,1.78200000,2.28400000,2.33840352,0,0.1470
510050.SH,20120413,1.78800000,2.29100000,2.34627693,0,0.1470
510050.SH,20120416,1.78100000,2.28200000,2.33709128,0,0.1470
510050.SH,20120417,1.76100000,2.25900000,2.31084657,0,0.1470
510050.SH,20120418,1.80000000,2.30500000,2.36202376,0,0.1470
510050.SH,20120419,1.80200000,2.30700000,2.36464823,0,0.1470
510050.SH,20120420,1.82600000,2.33600000,2.39614188,0,0.1470
510050.SH,20120423,1.81100000,2.31800000,2.37645835,0,0.1470
510050.SH,20120424,1.82000000,2.32900000,2.38826846,0,0.1470
510050.SH,20120425,1.83000000,2.34000000,2.40139082,0,0.1470
510050.SH,20120426,1.83400000,2.34500000,2.40663976,0,0.1470
510050.SH,20120427,1.83400000,2.34500000,2.40663976,0,0.1470
510050.SH,20120502,1.87400000,2.39300000,2.45912918,0,0.1470
510050.SH,20120503,1.87600000,2.39500000,2.46175365,0,0.1470
510050.SH,20120504,1.88800000,2.40900000,2.47750047,0,0.1470
510050.SH,20120507,1.87900000,2.39800000,2.46569035,0,0.1470
510050.SH,20120508,1.87600000,2.39500000,2.46175365,0,0.1470
510050.SH,20120509,1.84300000,2.35600000,2.41844988,0,0.1470
510050.SH,20120510,1.84300000,2.35600000,2.41844988,0,0.1470
510050.SH,20120511,1.82900000,2.33900000,2.40007858,0,0.1470
510050.SH,20120514,1.81300000,2.32000000,2.37908282,0,0.1470
510050.SH,20120515,1.81400000,2.32200000,2.38039505,0,0.1470
510050.SH,20120516,1.77700000,2.29100000,2.34606877,1,0.1580
510050.SH,20120517,1.80300000,2.32200000,2.38039505,0,0.1580
510050.SH,20120518,1.77900000,2.29300000,2.34870925,0,0.1580
510050.SH,20120521,1.78800000,2.30400000,2.36059143,0,0.1580
510050.SH,20120522,1.81400000,2.33500000,2.39491770,0,0.1580
510050.SH,20120523,1.80500000,2.32400000,2.38303553,0,0.1580
510050.SH,20120524,1.79300000,2.31000000,2.36719263,0,0.1580
510050.SH,20120525,1.78000000,2.29400000,2.35002950,0,0.1580
510050.SH,20120528,1.80500000,2.32400000,2.38303553,0,0.1580
510050.SH,20120529,1.82800000,2.35100000,2.41340108,0,0.1580
510050.SH,20120530,1.82200000,2.34400000,2.40547963,0,0.1580
510050.SH,20120531,1.81100000,2.33100000,2.39095698,0,0.1580
510050.SH,20120601,1.81400000,2.33500000,2.39491770,0,0.1580
510050.SH,20120604,1.76700000,2.27900000,2.33286636,0,0.1580
510050.SH,20120605,1.77000000,2.28200000,2.33682708,0,0.1580
510050.SH,20120606,1.77500000,2.28800000,2.34342829,0,0.1580
510050.SH,20120607,1.76800000,2.28000000,2.33418660,0,0.1580
510050.SH,20120608,1.75000000,2.25900000,2.31042226,0,0.1580
510050.SH,20120611,1.77000000,2.28200000,2.33682708,0,0.1580
510050.SH,20120612,1.76000000,2.27100000,2.32362467,0,0.1580
510050.SH,20120613,1.78600000,2.30100000,2.35795094,0,0.1580
510050.SH,20120614,1.77400000,2.28700000,2.34210805,0,0.1580
510050.SH,20120615,1.78800000,2.30400000,2.36059143,0,0.1580
510050.SH,20120618,1.79600000,2.31300000,2.37115336,0,0.1580
510050.SH,20120619,1.78400000,2.29900000,2.35531046,0,0.1580
510050.SH,20120620,1.78500000,2.30000000,2.35663070,0,0.1580
510050.SH,20120621,1.75700000,2.26700000,2.31966395,0,0.1580
510050.SH,20120625,1.72600000,2.23000000,2.27873647,0,0.1580
510050.SH,20120626,1.72900000,2.23400000,2.28269719,0,0.1580
510050.SH,20120627,1.72300000,2.22700000,2.27477574,0,0.1580
510050.SH,20120628,1.71000000,2.21100000,2.25761261,0,0.1580
510050.SH,20120629,1.73700000,2.24300000,2.29325912,0,0.1580
510050.SH,20120630,1.73700000,2.24300000,2.29325912,0,0.1580
510050.SH,20120702,1.73600000,2.24200000,2.29193888,0,0.1580
510050.SH,20120703,1.74000000,2.24700000,2.29721984,0,0.1580
510050.SH,20120704,1.74300000,2.25000000,2.30118057,0,0.1580
510050.SH,20120705,1.72600000,2.23000000,2.27873647,0,0.1580
510050.SH,20120706,1.74300000,2.25000000,2.30118057,0,0.1580
510050.SH,20120709,1.70000000,2.20000000,2.24441019,0,0.1580
510050.SH,20120710,1.69600000,2.19500000,2.23912923,0,0.1580
510050.SH,20120711,1.70500000,2.20500000,2.25101140,0,0.1580
510050.SH,20120712,1.71400000,2.21600000,2.26289357,0,0.1580
510050.SH,20120713,1.71900000,2.22200000,2.26949478,0,0.1580
510050.SH,20120716,1.69100000,2.18900000,2.23252802,0,0.1580
510050.SH,20120717,1.70300000,2.20300000,2.24837092,0,0.1580
510050.SH,20120718,1.69800000,2.19700000,2.24176971,0,0.1580
510050.SH,20120719,1.70900000,2.21000000,2.25629236,0,0.1580
510050.SH,20120720,1.69300000,2.19100000,2.23516850,0,0.1580
510050.SH,20120723,1.66400000,2.15700000,2.19688151,0,0.1580
510050.SH,20120724,1.66900000,2.16300000,2.20348271,0,0.1580
510050.SH,20120725,1.66300000,2.15600000,2.19556127,0,0.1580
510050.SH,20120726,1.65900000,2.15100000,2.19028030,0,0.1580
510050.SH,20120727,1.66500000,2.15800000,2.19820175,0,0.1580
510050.SH,20120730,1.66100000,2.15300000,2.19292078,0,0.1580
510050.SH,20120731,1.66600000,2.15900000,2.19952199,0,0.1580
510050.SH,20120801,1.68100000,2.17700000,2.21932561,0,0.1580
510050.SH,20120802,1.67100000,2.16500000,2.20612320,0,0.1580
510050.SH,20120803,1.67900000,2.17500000,2.21668513,0,0.1580
510050.SH,20120806,1.69600000,2.19500000,2.23912923,0,0.1580
510050.SH,20120807,1.69500000,2.19400000,2.23780899,0,0.1580
510050.SH,20120808,1.70100000,2.20100000,2.24573043,0,0.1580
510050.SH,20120809,1.71000000,2.21100000,2.25761261,0,0.1580
510050.SH,20120810,1.70300000,2.20300000,2.24837092,0,0.1580
510050.SH,20120813,1.67000000,2.16400000,2.20480295,0,0.1580
510050.SH,20120814,1.67100000,2.16500000,2.20612320,0,0.1580
510050.SH,20120815,1.64700000,2.13700000,2.17443740,0,0.1580
510050.SH,20120816,1.64200000,2.13100000,2.16783620,0,0.1580
510050.SH,20120817,1.64300000,2.13200000,2.16915644,0,0.1580
510050.SH,20120820,1.63300000,2.12000000,2.15595403,0,0.1580
510050.SH,20120821,1.63500000,2.12300000,2.15859451,0,0.1580
510050.SH,20120822,1.62800000,2.11400000,2.14935282,0,0.1580
510050.SH,20120823,1.63400000,2.12100000,2.15727427,0,0.1580
510050.SH,20120824,1.62500000,2.11100000,2.14539210,0,0.1580
510050.SH,20120827,1.59300000,2.07300000,2.10314437,0,0.1580
510050.SH,20120828,1.60600000,2.08800000,2.12030751,0,0.1580
510050.SH,20120829,1.59000000,2.06900000,2.09918365,0,0.1580
510050.SH,20120830,1.59600000,2.07600000,2.10710510,0,0.1580
510050.SH,20120831,1.58700000,2.06600000,2.09522293,0,0.1580
510050.SH,20120903,1.59900000,2.08000000,2.11106582,0,0.1580
510050.SH,20120904,1.58600000,2.06500000,2.09390269,0,0.1580
510050.SH,20120905,1.57500000,2.05200000,2.07938003,0,0.1580
510050.SH,20120906,1.58900000,2.06800000,2.09786341,0,0.1580
510050.SH,20120907,1.65900000,2.15100000,2.19028030,0,0.1580
510050.SH,20120910,1.66000000,2.15200000,2.19160054,0,0.1580
510050.SH,20120911,1.64500000,2.13400000,2.17179692,0,0.1580
510050.SH,20120912,1.64800000,2.13800000,2.17575765,0,0.1580
510050.SH,20120913,1.63700000,2.12500000,2.16123499,0,0.1580
510050.SH,20120914,1.65400000,2.14500000,2.18367909,0,0.1580
510050.SH,20120917,1.62100000,2.10600000,2.14011113,0,0.1580
510050.SH,20120918,1.60400000,2.08600000,2.11766703,0,0.1580
510050.SH,20120919,1.60800000,2.09100000,2.12294799,0,0.1580
510050.SH,20120920,1.57900000,2.05600000,2.08466100,0,0.1580
510050.SH,20120921,1.58500000,2.06300000,2.09258244,0,0.1580
510050.SH,20120924,1.59300000,2.07300000,2.10314437,0,0.1580
510050.SH,20120925,1.59300000,2.07300000,2.10314437,0,0.1580
510050.SH,20120926,1.58000000,2.05800000,2.08598124,0,0.1580
510050.SH,20120927,1.62700000,2.11300000,2.14803258,0,0.1580
510050.SH,20120928,1.65300000,2.14400000,2.18235885,0,0.1580
510050.SH,20120930,1.65300000,2.14400000,2.18235885,0,0.1580
510050.SH,20121008,1.63600000,2.12400000,2.15991475,0,0.1580
510050.SH,20121009,1.66800000,2.16200000,2.20216247,0,0.1580
510050.SH,20121010,1.66500000,2.15800000,2.19820175,0,0.1580
510050.SH,20121011,1.65500000,2.14600000,2.18499933,0,0.1580
510050.SH,20121012,1.65800000,2.15000000,2.18896006,0,0.1580
510050.SH,20121015,1.65300000,2.14400000,2.18235885,0,0.1580
510050.SH,20121016,1.65400000,2.14500000,2.18367909,0,0.1580
510050.SH,20121017,1.65700000,2.14900000,2.18763982,0,0.1580
510050.SH,20121018,1.67900000,2.17500000,2.21668513,0,0.1580
510050.SH,20121019,1.67700000,2.17200000,2.21404464,0,0.1580
510050.SH,20121022,1.68200000,2.17800000,2.22064585,0,0.1580
510050.SH,20121023,1.66400000,2.15700000,2.19688151,0,0.1580
510050.SH,20121024,1.66200000,2.15500000,2.19424102,0,0.1580
510050.SH,20121025,1.65100000,2.14200000,2.17971837,0,0.1580
510050.SH,20121026,1.62300000,2.10800000,2.14275161,0,0.1580
510050.SH,20121029,1.60900000,2.09200000,2.12426824,0,0.1580
510050.SH,20121030,1.61400000,2.09800000,2.13086944,0,0.1580
510050.SH,20121031,1.62500000,2.11100000,2.14539210,0,0.1580
510050.SH,20121101,1.65600000,2.14700000,2.18631958,0,0.1580
510050.SH,20121102,1.66500000,2.15800000,2.19820175,0,0.1580
510050.SH,20121105,1.66300000,2.15600000,2.19556127,0,0.1580
510050.SH,20121106,1.65800000,2.15000000,2.18896006,0,0.1580
510050.SH,20121107,1.65600000,2.14700000,2.18631958,0,0.1580
510050.SH,20121108,1.62900000,2.11600000,2.15067306,0,0.1580
510050.SH,20121109,1.62900000,2.11600000,2.15067306,0,0.1580
510050.SH,20121112,1.63800000,2.12600000,2.16255523,0,0.1580
510050.SH,20121113,1.57500000,2.09500000,2.12743566,1,0.1950
510050.SH,20121114,1.58200000,2.10400000,2.13689093,0,0.1950
510050.SH,20121115,1.56300000,2.08100000,2.11122663,0,0.1950
510050.SH,20121116,1.55100000,2.06700000,2.09501759,0,0.1950
510050.SH,20121119,1.55000000,2.06600000,2.09366684,0,0.1950
510050.SH,20121120,1.54000000,2.05400000,2.08015931,0,0.1950
510050.SH,20121121,1.56300000,2.08100000,2.11122663,0,0.1950
510050.SH,20121122,1.55400000,2.07100000,2.09906985,0,0.1950
510050.SH,20121123,1.56900000,2.08800000,2.11933114,0,0.1950
510050.SH,20121126,1.56300000,2.08100000,2.11122663,0,0.1950
510050.SH,20121127,1.55300000,2.06900000,2.09771910,0,0.1950
510050.SH,20121128,1.54100000,2.05500000,2.08151006,0,0.1950
510050.SH,20121129,1.53200000,2.04400000,2.06935329,0,0.1950
510050.SH,20121130,1.54700000,2.06200000,2.08961458,0,0.1950
510050.SH,20121203,1.53100000,2.04300000,2.06800254,0,0.1950
510050.SH,20121204,1.54500000,2.06000000,2.08691308,0,0.1950
510050.SH,20121205,1.60200000,2.12700000,2.16390599,0,0.1950
510050.SH,20121206,1.60000000,2.12500000,2.16120448,0,0.1950
510050.SH,20121207,1.63500000,2.16600000,2.20848083,0,0.1950
510050.SH,20121210,1.65300000,2.18800000,2.23279438,0,0.1950
510050.SH,20121211,1.64500000,2.17800000,2.22198836,0,0.1950
510050.SH,20121212,1.65600000,2.19100000,2.23684664,0,0.1950
510050.SH,20121213,1.63500000,2.16600000,2.20848083,0,0.1950
510050.SH,20121214,1.72700000,2.27500000,2.33275009,0,0.1950
510050.SH,20121217,1.73700000,2.28700000,2.34625761,0,0.1950
510050.SH,20121218,1.74300000,2.29400000,2.35436213,0,0.1950
510050.SH,20121219,1.74200000,2.29300000,2.35301138,0,0.1950
510050.SH,20121220,1.75100000,2.30400000,2.36516815,0,0.1950
510050.SH,20121221,1.73700000,2.28700000,2.34625761,0,0.1950
510050.SH,20121224,1.74600000,2.29800000,2.35841439,0,0.1950
510050.SH,20121225,1.79700000,2.35800000,2.42730278,0,0.1950
510050.SH,20121226,1.79900000,2.36100000,2.43000429,0,0.1950
510050.SH,20121227,1.78500000,2.34400000,2.41109375,0,0.1950
510050.SH,20121228,1.81500000,2.38000000,2.45161633,0,0.1950
510050.SH,20121231,1.85500000,2.42700000,2.50564644,0,0.1950
510050.SH,20130104,1.86800000,2.44200000,2.52320623,0,0.1950
510050.SH,20130107,1.87700000,2.45300000,2.53536301,0,0.1950
510050.SH,20130108,1.85500000,2.42700000,2.50564644,0,0.1950
510050.SH,20130109,1.85200000,2.42300000,2.50159419,0,0.1950
510050.SH,20130110,1.85200000,2.42300000,2.50159419,0,0.1950
510050.SH,20130111,1.81600000,2.38100000,2.45296708,0,0.1950
510050.SH,20130114,1.88800000,2.46600000,2.55022129,0,0.1950
510050.SH,20130115,1.89500000,2.47400000,2.55967656,0,0.1950
510050.SH,20130116,1.87300000,2.44800000,2.52995999,0,0.1950
510050.SH,20130117,1.85200000,2.42300000,2.50159419,0,0.1950
510050.SH,20130118,1.88400000,2.46100000,2.54481828,0,0.1950
510050.SH,20130121,1.89500000,2.47400000,2.55967656,0,0.1950
510050.SH,20130122,1.89400000,2.47300000,2.55832580,0,0.1950
510050.SH,20130123,1.90600000,2.48700000,2.57453484,0,0.1950
510050.SH,20130124,1.89600000,2.47500000,2.56102731,0,0.1950
510050.SH,20130125,1.88300000,2.46000000,2.54346752,0,0.1950
510050.SH,20130128,1.95200000,2.54200000,2.63666947,0,0.1950
510050.SH,20130129,1.97700000,2.57100000,2.67043829,0,0.1950
510050.SH,20130130,1.98300000,2.57800000,2.67854280,0,0.1950
510050.SH,20130131,1.98700000,2.58300000,2.68394581,0,0.1950
510050.SH,20130201,2.04800000,2.65500000,2.76634173,0,0.1950
510050.SH,20130204,2.05900000,2.66800000,2.78120002,0,0.1950
510050.SH,20130205,2.06300000,2.67300000,2.78660303,0,0.1950
510050.SH,20130206,2.07300000,2.68500000,2.80011055,0,0.1950
510050.SH,20130207,2.04500000,2.65200000,2.76228948,0,0.1950
510050.SH,20130208,2.03800000,2.64400000,2.75283421,0,0.1950
510050.SH,20130218,2.01000000,2.61000000,2.71501313,0,0.1950
510050.SH,20130219,1.97700000,2.57100000,2.67043829,0,0.1950
510050.SH,20130220,1.97500000,2.56900000,2.66773678,0,0.1950
510050.SH,20130221,1.89600000,2.47500000,2.56102731,0,0.1950
510050.SH,20130222,1.88300000,2.46000000,2.54346752,0,0.1950
510050.SH,20130225,1.89000000,2.46800000,2.55292279,0,0.1950
510050.SH,20130226,1.86500000,2.43900000,2.51915397,0,0.1950
510050.SH,20130227,1.88900000,2.46700000,2.55157204,0,0.1950
510050.SH,20130228,1.95500000,2.54500000,2.64072172,0,0.1950
510050.SH,20130301,1.94300000,2.53100000,2.62451269,0,0.1950
510050.SH,20130304,1.84300000,2.41300000,2.48943741,0,0.1950
510050.SH,20130305,1.91700000,2.50000000,2.58939312,0,0.1950
510050.SH,20130306,1.93300000,2.51900000,2.61100516,0,0.1950
510050.SH,20130307,1.90200000,2.48300000,2.56913183,0,0.1950
510050.SH,20130308,1.90100000,2.48100000,2.56778107,0,0.1950
510050.SH,20130311,1.87900000,2.45500000,2.53806451,0,0.1950
510050.SH,20130312,1.85500000,2.42700000,2.50564644,0,0.1950
510050.SH,20130313,1.83600000,2.40400000,2.47998214,0,0.1950
510050.SH,20130314,1.83800000,2.40700000,2.48268365,0,0.1950
510050.SH,20130315,1.84200000,2.41100000,2.48808666,0,0.1950
510050.SH,20130318,1.81200000,2.37600000,2.44756407,0,0.1950
510050.SH,20130319,1.83200000,2.40000000,2.47457913,0,0.1950
510050.SH,20130320,1.90600000,2.48700000,2.57453484,0,0.1950
510050.SH,20130321,1.90200000,2.48300000,2.56913183,0,0.1950
510050.SH,20130322,1.90400000,2.48500000,2.57183333,0,0.1950
510050.SH,20130325,1.90200000,2.48300000,2.56913183,0,0.1950
510050.SH,20130326,1.86100000,2.43400000,2.51375096,0,0.1950
510050.SH,20130327,1.86900000,2.44300000,2.52455698,0,0.1950
510050.SH,20130328,1.79200000,2.35200000,2.42054902,0,0.1950
510050.SH,20130329,1.79400000,2.35500000,2.42325052,0,0.1950
510050.SH,20130331,1.79400000,2.35500000,2.42325052,0,0.1950
510050.SH,20130401,1.78500000,2.34400000,2.41109375,0,0.1950
510050.SH,20130402,1.78400000,2.34300000,2.40974300,0,0.1950
510050.SH,20130403,1.79000000,2.35000000,2.41784751,0,0.1950
510050.SH,20130408,1.77400000,2.33100000,2.39623547,0,0.1950
510050.SH,20130409,1.79000000,2.35000000,2.41784751,0,0.1950
510050.SH,20130410,1.78900000,2.34900000,2.41649676,0,0.1950
510050.SH,20130411,1.78500000,2.34400000,2.41109375,0,0.1950
510050.SH,20130412,1.77600000,2.33300000,2.39893697,0,0.1950
510050.SH,20130415,1.76100000,2.31600000,2.37867568,0,0.1950
510050.SH,20130416,1.77400000,2.33100000,2.39623547,0,0.1950
510050.SH,20130417,1.76300000,2.31800000,2.38137719,0,0.1950
510050.SH,20130418,1.76900000,2.32500000,2.38948170,0,0.1950
510050.SH,20130419,1.82800000,2.39500000,2.46917612,0,0.1950
510050.SH,20130422,1.82400000,2.39000000,2.46377311,0,0.1950
510050.SH,20130423,1.76100000,2.31600000,2.37867568,0,0.1950
510050.SH,20130424,1.79400000,2.35500000,2.42325052,0,0.1950
510050.SH,20130425,1.77900000,2.33700000,2.40298923,0,0.1950
510050.SH,20130426,1.76700000,2.32300000,2.38678020,0,0.1950
510050.SH,20130502,1.76400000,2.31900000,2.38272794,0,0.1950
510050.SH,20130503,1.79600000,2.35700000,2.42595203,0,0.1950
510050.SH,20130506,1.81700000,2.38200000,2.45431784,0,0.1950
510050.SH,20130507,1.81800000,2.38300000,2.45566859,0,0.1950
510050.SH,20130508,1.82400000,2.39000000,2.46377311,0,0.1950
510050.SH,20130509,1.80800000,2.37100000,2.44216106,0,0.1950
510050.SH,20130510,1.81900000,2.38400000,2.45701934,0,0.1950
510050.SH,20130513,1.81000000,2.37400000,2.44486257,0,0.1950
510050.SH,20130514,1.78600000,2.34500000,2.41244450,0,0.1950
510050.SH,20130515,1.79000000,2.35000000,2.41784751,0,0.1950
510050.SH,20130516,1.82100000,2.38700000,2.45972085,0,0.1950
510050.SH,20130517,1.84400000,2.41400000,2.49078816,0,0.1950
510050.SH,20130520,1.86200000,2.43500000,2.51510171,0,0.1950
510050.SH,20130521,1.85200000,2.42300000,2.50159419,0,0.1950
510050.SH,20130522,1.85800000,2.43000000,2.50969870,0,0.1950
510050.SH,20130523,1.82400000,2.39000000,2.46377311,0,0.1950
510050.SH,20130524,1.83000000,2.39700000,2.47187762,0,0.1950
510050.SH,20130527,1.82800000,2.39500000,2.46917612,0,0.1950
510050.SH,20130528,1.87100000,2.44600000,2.52725849,0,0.1950
510050.SH,20130529,1.86200000,2.43500000,2.51510171,0,0.1950
510050.SH,20130530,1.85700000,2.42900000,2.50834795,0,0.1950
510050.SH,20130531,1.84300000,2.41300000,2.48943741,0,0.1950
510050.SH,20130603,1.84500000,2.41500000,2.49213892,0,0.1950
510050.SH,20130604,1.82600000,2.39300000,2.46647461,0,0.1950
510050.SH,20130605,1.81500000,2.38000000,2.45161633,0,0.1950
510050.SH,20130606,1.79400000,2.35500000,2.42325052,0,0.1950
510050.SH,20130607,1.77300000,2.33000000,2.39488471,0,0.1950
510050.SH,20130613,1.72100000,2.26800000,2.32464557,0,0.1950
510050.SH,20130614,1.72500000,2.27300000,2.33004858,0,0.1950
510050.SH,20130617,1.71300000,2.25900000,2.31383955,0,0.1950
510050.SH,20130618,1.72500000,2.27300000,2.33004858,0,0.1950
510050.SH,20130619,1.70900000,2.25400000,2.30843654,0,0.1950
510050.SH,20130620,1.65400000,2.18900000,2.23414513,0,0.1950
510050.SH,20130621,1.65500000,2.19000000,2.23549588,0,0.1950
510050.SH,20130624,1.54700000,2.06200000,2.08961458,0,0.1950
510050.SH,20130625,1.54900000,2.06500000,2.09231609,0,0.1950
510050.SH,20130626,1.53400000,2.04700000,2.07205480,0,0.1950
510050.SH,20130627,1.53900000,2.05300000,2.07880856,0,0.1950
510050.SH,20130628,1.58300000,2.10500000,2.13824168,0,0.1950
510050.SH,20130630,1.58300000,2.10500000,2.13824168,0,0.1950
510050.SH,20130701,1.58000000,2.10100000,2.13418942,0,0.1950
510050.SH,20130702,1.57200000,2.09200000,2.12338340,0,0.1950
510050.SH,20130703,1.55600000,2.07300000,2.10177136,0,0.1950
510050.SH,20130704,1.57000000,2.08900000,2.12068190,0,0.1950
510050.SH,20130705,1.57800000,2.09900000,2.13148792,0,0.1950
510050.SH,20130708,1.54400000,2.05900000,2.08556232,0,0.1950
510050.SH,20130709,1.54300000,2.05800000,2.08421157,0,0.1950
510050.SH,20130710,1.58600000,2.10800000,2.14229394,0,0.1950
510050.SH,20130711,1.68000000,2.22000000,2.26926470,0,0.1950
510050.SH,20130712,1.63100000,2.16200000,2.20307782,0,0.1950
510050.SH,20130715,1.64900000,2.18300000,2.22739137,0,0.1950
510050.SH,20130716,1.65000000,2.18400000,2.22874212,0,0.1950
510050.SH,20130717,1.62700000,2.15700000,2.19767481,0,0.1950
510050.SH,20130718,1.59400000,2.11800000,2.15309996,0,0.1950
510050.SH,20130719,1.55500000,2.07200000,2.10042060,0,0.1950
510050.SH,20130722,1.56000000,2.07800000,2.10717437,0,0.1950
510050.SH,20130723,1.60300000,2.12900000,2.16525674,0,0.1950
510050.SH,20130724,1.58000000,2.10100000,2.13418942,0,0.1950
510050.SH,20130725,1.57900000,2.10000000,2.13283867,0,0.1950
510050.SH,20130726,1.57100000,2.09100000,2.12203265,0,0.1950
510050.SH,20130729,1.53200000,2.04400000,2.06935329,0,0.1950
510050.SH,20130730,1.54900000,2.06500000,2.09231609,0,0.1950
510050.SH,20130731,1.55300000,2.06900000,2.09771910,0,0.1950
510050.SH,20130801,1.58800000,2.11100000,2.14499545,0,0.1950
510050.SH,20130802,1.58600000,2.10800000,2.14229394,0,0.1950
510050.SH,20130805,1.60400000,2.13000000,2.16660749,0,0.1950
510050.SH,20130806,1.60600000,2.13200000,2.16930900,0,0.1950
510050.SH,20130807,1.60000000,2.12500000,2.16120448,0,0.1950
510050.SH,20130808,1.59500000,2.11900000,2.15445072,0,0.1950
510050.SH,20130809,1.60400000,2.13000000,2.16660749,0,0.1950
510050.SH,20130812,1.66300000,2.20000000,2.24630191,0,0.1950
510050.SH,20130813,1.67200000,2.21000000,2.25845868,0,0.1950
510050.SH,20130814,1.66200000,2.19800000,2.24495115,0,0.1950
510050.SH,20130815,1.64700000,2.18100000,2.22468986,0,0.1950
510050.SH,20130816,1.64500000,2.17800000,2.22198836,0,0.1950
510050.SH,20130819,1.66100000,2.19700000,2.24360040,0,0.1950
510050.SH,20130820,1.64700000,2.18100000,2.22468986,0,0.1950
510050.SH,20130821,1.64000000,2.17200000,2.21523459,0,0.1950
510050.SH,20130822,1.63500000,2.16600000,2.20848083,0,0.1950
510050.SH,20130823,1.61800000,2.14600000,2.18551803,0,0.1950
510050.SH,20130826,1.65400000,2.18900000,2.23414513,0,0.1950
510050.SH,20130827,1.65500000,2.19000000,2.23549588,0,0.1950
510050.SH,20130828,1.64600000,2.17900000,2.22333911,0,0.1950
510050.SH,20130829,1.64200000,2.17500000,2.21793610,0,0.1950
510050.SH,20130830,1.64400000,2.17700000,2.22063760,0,0.1950
510050.SH,20130902,1.64600000,2.17900000,2.22333911,0,0.1950
510050.SH,20130903,1.66900000,2.20700000,2.25440642,0,0.1950
510050.SH,20130904,1.66800000,2.20500000,2.25305567,0,0.1950
510050.SH,20130905,1.66300000,2.20000000,2.24630191,0,0.1950
510050.SH,20130906,1.68100000,2.22100000,2.27061546,0,0.1950
510050.SH,20130909,1.77100000,2.32700000,2.39218321,0,0.1950
510050.SH,20130910,1.79800000,2.35900000,2.42865353,0,0.1950
510050.SH,20130911,1.80100000,2.36300000,2.43270579,0,0.1950
510050.SH,20130912,1.83300000,2.40100000,2.47592988,0,0.1950
510050.SH,20130913,1.80800000,2.37100000,2.44216106,0,0.1950
510050.SH,20130916,1.79600000,2.35700000,2.42595203,0,0.1950
510050.SH,20130917,1.75500000,2.30800000,2.37057116,0,0.1950
510050.SH,20130918,1.75700000,2.31100000,2.37327267,0,0.1950
510050.SH,20130923,1.77000000,2.32600000,2.39083246,0,0.1950
510050.SH,20130924,1.73000000,2.27900000,2.33680234,0,0.1950
510050.SH,20130925,1.71700000,2.26400000,2.31924256,0,0.1950
510050.SH,20130926,1.68800000,2.22900000,2.28007073,0,0.1950
510050.SH,20130927,1.69500000,2.23700000,2.28952600,0,0.1950
510050.SH,20130930,1.69900000,2.24200000,2.29492901,0,0.1950
510050.SH,20131008,1.71500000,2.26100000,2.31654105,0,0.1950
510050.SH,20131009,1.72400000,2.27200000,2.32869783,0,0.1950
510050.SH,20131010,1.69200000,2.23400000,2.28547374,0,0.1950
510050.SH,20131011,1.72400000,2.27200000,2.32869783,0,0.1950
510050.SH,20131014,1.71700000,2.26400000,2.31924256,0,0.1950
510050.SH,20131015,1.71100000,2.25600000,2.31113804,0,0.1950
510050.SH,20131016,1.68800000,2.22900000,2.28007073,0,0.1950
510050.SH,20131017,1.68100000,2.22100000,2.27061546,0,0.1950
510050.SH,20131018,1.69100000,2.23300000,2.28412298,0,0.1950
510050.SH,20131021,1.71200000,2.25800000,2.31248879,0,0.1950
510050.SH,20131022,1.69400000,2.23600000,2.28817524,0,0.1950
510050.SH,20131023,1.69200000,2.23400000,2.28547374,0,0.1950
510050.SH,20131024,1.67500000,2.21400000,2.26251094,0,0.1950
510050.SH,20131025,1.66500000,2.20200000,2.24900341,0,0.1950
510050.SH,20131028,1.66400000,2.20100000,2.24765266,0,0.1950
510050.SH,20131029,1.68800000,2.22900000,2.28007073,0,0.1950
510050.SH,20131030,1.70800000,2.25300000,2.30708578,0,0.1950
510050.SH,20131031,1.68500000,2.22600000,2.27601847,0,0.1950
510050.SH,20131101,1.69900000,2.24200000,2.29492901,0,0.1950
510050.SH,20131104,1.69300000,2.23500000,2.28682449,0,0.1950
510050.SH,20131105,1.68700000,2.22800000,2.27871997,0,0.1950
510050.SH,20131106,1.66800000,2.20500000,2.25305567,0,0.1950
510050.SH,20131107,1.66400000,2.20100000,2.24765266,0,0.1950
510050.SH,20131108,1.63900000,2.17100000,2.21388384,0,0.1950
510050.SH,20131111,1.64300000,2.17600000,2.21928685,0,0.1950
510050.SH,20131112,1.66300000,2.20000000,2.24630191,0,0.1950
510050.SH,20131113,1.62000000,2.14900000,2.18821954,0,0.1950
510050.SH,20131114,1.62300000,2.15200000,2.19227179,0,0.1950
510050.SH,20131115,1.60200000,2.19000000,2.23695504,1,0.2480
510050.SH,20131118,1.67100000,2.27200000,2.33330329,0,0.2480
510050.SH,20131119,1.65500000,2.25300000,2.31096167,0,0.2480
510050.SH,20131120,1.65900000,2.25800000,2.31654707,0,0.2480
510050.SH,20131121,1.64400000,2.24000000,2.29560180,0,0.2480
510050.SH,20131122,1.63800000,2.23300000,2.28722369,0,0.2480
510050.SH,20131125,1.62900000,2.22200000,2.27465653,0,0.2480
510050.SH,20131126,1.62700000,2.22000000,2.27186383,0,0.2480
510050.SH,20131127,1.64400000,2.24000000,2.29560180,0,0.2480
510050.SH,20131128,1.66000000,2.25900000,2.31794342,0,0.2480
510050.SH,20131129,1.65600000,2.25400000,2.31235802,0,0.2480
510050.SH,20131202,1.67400000,2.27500000,2.33749234,0,0.2480
510050.SH,20131203,1.67700000,2.27900000,2.34168140,0,0.2480
510050.SH,20131204,1.69400000,2.29900000,2.36541937,0,0.2480
510050.SH,20131205,1.68700000,2.29100000,2.35564491,0,0.2480
510050.SH,20131206,1.67000000,2.27100000,2.33190694,0,0.2480
510050.SH,20131209,1.66600000,2.26600000,2.32632153,0,0.2480
510050.SH,20131210,1.66600000,2.26600000,2.32632153,0,0.2480
510050.SH,20131211,1.63500000,2.22900000,2.28303464,0,0.2480
510050.SH,20131212,1.62900000,2.22200000,2.27465653,0,0.2480
510050.SH,20131213,1.62400000,2.21600000,2.26767477,0,0.2480
510050.SH,20131216,1.60000000,2.18800000,2.23416234,0,0.2480
510050.SH,20131217,1.59600000,2.18300000,2.22857693,0,0.2480
510050.SH,20131218,1.59800000,2.18500000,2.23136963,0,0.2480
510050.SH,20131219,1.57900000,2.16300000,2.20483896,0,0.2480
510050.SH,20131220,1.53700000,2.11300000,2.14619219,0,0.2480
510050.SH,20131223,1.54000000,2.11700000,2.15038125,0,0.2480
510050.SH,20131224,1.53900000,2.11600000,2.14898490,0,0.2480
510050.SH,20131225,1.54700000,2.12500000,2.16015571,0,0.2480
510050.SH,20131226,1.52500000,2.09900000,2.12943598,0,0.2480
510050.SH,20131227,1.54900000,2.12700000,2.16294841,0,0.2480
510050.SH,20131230,1.54600000,2.12400000,2.15875936,0,0.2480
510050.SH,20131231,1.57300000,2.15600000,2.19646085,0,0.2480
510050.SH,20140102,1.55900000,2.13900000,2.17691193,0,0.2480
510050.SH,20140103,1.53400000,2.11000000,2.14200314,0,0.2480
510050.SH,20140106,1.51100000,2.08200000,2.10988706,0,0.2480
510050.SH,20140107,1.50900000,2.08000000,2.10709435,0,0.2480
510050.SH,20140108,1.51300000,2.08500000,2.11267976,0,0.2480
510050.SH,20140109,1.50200000,2.07200000,2.09731989,0,0.2480
510050.SH,20140110,1.49600000,2.06500000,2.08894178,0,0.2480
510050.SH,20140113,1.49300000,2.06100000,2.08475273,0,0.2480
510050.SH,20140114,1.49700000,2.06600000,2.09033814,0,0.2480
510050.SH,20140115,1.48700000,2.05400000,2.07637462,0,0.2480
510050.SH,20140116,1.49100000,2.05900000,2.08196003,0,0.2480
510050.SH,20140117,1.47400000,2.03900000,2.05822205,0,0.2480
510050.SH,20140120,1.46300000,2.02600000,2.04286219,0,0.2480
510050.SH,20140121,1.47700000,2.04200000,2.06241111,0,0.2480
510050.SH,20140122,1.51200000,2.08400000,2.11128341,0,0.2480
510050.SH,20140123,1.49700000,2.06600000,2.09033814,0,0.2480
510050.SH,20140124,1.50000000,2.06900000,2.09452719,0,0.2480
510050.SH,20140127,1.47700000,2.04200000,2.06241111,0,0.2480
510050.SH,20140128,1.48600000,2.05300000,2.07497827,0,0.2480
510050.SH,20140129,1.49300000,2.06100000,2.08475273,0,0.2480
510050.SH,20140130,1.47500000,2.04000000,2.05961840,0,0.2480
510050.SH,20140207,1.47400000,2.03900000,2.05822205,0,0.2480
510050.SH,20140210,1.50300000,2.07300000,2.09871624,0,0.2480
510050.SH,20140211,1.52500000,2.09900000,2.12943598,0,0.2480
510050.SH,20140212,1.52400000,2.09800000,2.12803963,0,0.2480
510050.SH,20140213,1.52600000,2.10000000,2.13083233,0,0.2480
510050.SH,20140214,1.53200000,2.10700000,2.13921044,0,0.2480
510050.SH,20140217,1.53500000,2.11100000,2.14339949,0,0.2480
510050.SH,20140218,1.50600000,2.07600000,2.10290530,0,0.2480
510050.SH,20140219,1.53100000,2.10600000,2.13781409,0,0.2480
510050.SH,20140220,1.51800000,2.09100000,2.11966152,0,0.2480
510050.SH,20140221,1.50300000,2.07300000,2.09871624,0,0.2480
510050.SH,20140224,1.46600000,2.02900000,2.04705124,0,0.2480
510050.SH,20140225,1.43900000,1.99700000,2.00934975,0,0.2480
510050.SH,20140226,1.44300000,2.00200000,2.01493516,0,0.2480
510050.SH,20140227,1.45100000,2.01100000,2.02610597,0,0.2480
510050.SH,20140228,1.46200000,2.02400000,2.04146583,0,0.2480
510050.SH,20140303,1.46000000,2.02200000,2.03867313,0,0.2480
510050.SH,20140304,1.46200000,2.02400000,2.04146583,0,0.2480
510050.SH,20140305,1.44600000,2.00500000,2.01912421,0,0.2480
510050.SH,20140306,1.45700000,2.01800000,2.03448408,0,0.2480
510050.SH,20140307,1.45400000,2.01500000,2.03029502,0,0.2480
510050.SH,20140310,1.40800000,1.96000000,1.96606286,0,0.2480
510050.SH,20140311,1.41200000,1.96500000,1.97164826,0,0.2480
510050.SH,20140312,1.41800000,1.97200000,1.98002637,0,0.2480
510050.SH,20140313,1.43600000,1.99400000,2.00516070,0,0.2480
510050.SH,20140314,1.42500000,1.98100000,1.98980083,0,0.2480
510050.SH,20140317,1.43300000,1.99000000,2.00097164,0,0.2480
510050.SH,20140318,1.42600000,1.98200000,1.99119718,0,0.2480
510050.SH,20140319,1.41800000,1.97200000,1.98002637,0,0.2480
510050.SH,20140320,1.40600000,1.95800000,1.96327015,0,0.2480
510050.SH,20140321,1.46200000,2.02400000,2.04146583,0,0.2480
510050.SH,20140324,1.47600000,2.04100000,2.06101475,0,0.2480
510050.SH,20140325,1.46800000,2.03100000,2.04984394,0,0.2480
510050.SH,20140326,1.46500000,2.02800000,2.04565489,0,0.2480
510050.SH,20140327,1.46200000,2.02400000,2.04146583,0,0.2480
510050.SH,20140328,1.47000000,2.03400000,2.05263665,0,0.2480
510050.SH,20140331,1.46400000,2.02700000,2.04425854,0,0.2480
510050.SH,20140401,1.47100000,2.03500000,2.05403300,0,0.2480
510050.SH,20140402,1.48900000,2.05600000,2.07916732,0,0.2480
510050.SH,20140403,1.47600000,2.04100000,2.06101475,0,0.2480
510050.SH,20140404,1.48800000,2.05500000,2.07777097,0,0.2480
510050.SH,20140408,1.53200000,2.10700000,2.13921044,0,0.2480
510050.SH,20140409,1.52800000,2.10300000,2.13362503,0,0.2480
510050.SH,20140410,1.56600000,2.14700000,2.18668639,0,0.2480
510050.SH,20140411,1.56100000,2.14200000,2.17970463,0,0.2480
510050.SH,20140414,1.55400000,2.13300000,2.16993017,0,0.2480
510050.SH,20140415,1.52000000,2.09300000,2.12245422,0,0.2480
510050.SH,20140416,1.52300000,2.09700000,2.12664327,0,0.2480
510050.SH,20140417,1.51700000,2.08900000,2.11826516,0,0.2480
510050.SH,20140418,1.51800000,2.09100000,2.11966152,0,0.2480
510050.SH,20140421,1.49100000,2.05900000,2.08196003,0,0.2480
510050.SH,20140422,1.50600000,2.07600000,2.10290530,0,0.2480
510050.SH,20140423,1.50400000,2.07400000,2.10011260,0,0.2480
510050.SH,20140424,1.50700000,2.07800000,2.10430165,0,0.2480
510050.SH,20140425,1.49800000,2.06700000,2.09173449,0,0.2480
510050.SH,20140428,1.48100000,2.04700000,2.06799651,0,0.2480
510050.SH,20140429,1.49300000,2.06100000,2.08475273,0,0.2480
510050.SH,20140430,1.49100000,2.05900000,2.08196003,0,0.2480
510050.SH,20140505,1.48400000,2.05000000,2.07218557,0,0.2480
510050.SH,20140506,1.48100000,2.04700000,2.06799651,0,0.2480
510050.SH,20140507,1.47200000,2.03600000,2.05542935,0,0.2480
510050.SH,20140508,1.47500000,2.04000000,2.05961840,0,0.2480
510050.SH,20140509,1.47700000,2.04200000,2.06241111,0,0.2480
510050.SH,20140512,1.50400000,2.07400000,2.10011260,0,0.2480
510050.SH,20140513,1.49900000,2.06800000,2.09313084,0,0.2480
510050.SH,20140514,1.49600000,2.06500000,2.08894178,0,0.2480
510050.SH,20140515,1.48400000,2.05000000,2.07218557,0,0.2480
510050.SH,20140516,1.48400000,2.05000000,2.07218557,0,0.2480
510050.SH,20140519,1.45600000,2.01700000,2.03308773,0,0.2480
510050.SH,20140520,1.45700000,2.01800000,2.03448408,0,0.2480
510050.SH,20140521,1.47000000,2.03400000,2.05263665,0,0.2480
510050.SH,20140522,1.46900000,2.03300000,2.05124029,0,0.2480
510050.SH,20140523,1.48100000,2.04700000,2.06799651,0,0.2480
510050.SH,20140526,1.48300000,2.04900000,2.07078922,0,0.2480
510050.SH,20140527,1.47700000,2.04200000,2.06241111,0,0.2480
510050.SH,20140528,1.48800000,2.05500000,2.07777097,0,0.2480
510050.SH,20140529,1.48100000,2.04700000,2.06799651,0,0.2480
510050.SH,20140530,1.47900000,2.04400000,2.06520381,0,0.2480
510050.SH,20140603,1.47500000,2.04000000,2.05961840,0,0.2480
510050.SH,20140604,1.46400000,2.02700000,2.04425854,0,0.2480
510050.SH,20140605,1.48200000,2.04800000,2.06939286,0,0.2480
510050.SH,20140606,1.47000000,2.03400000,2.05263665,0,0.2480
510050.SH,20140609,1.47300000,2.03700000,2.05682570,0,0.2480
510050.SH,20140610,1.49000000,2.05800000,2.08056368,0,0.2480
510050.SH,20140611,1.48600000,2.05300000,2.07497827,0,0.2480
510050.SH,20140612,1.48100000,2.04700000,2.06799651,0,0.2480
510050.SH,20140613,1.50000000,2.06900000,2.09452719,0,0.2480
510050.SH,20140616,1.51600000,2.08800000,2.11686881,0,0.2480
510050.SH,20140617,1.50100000,2.07100000,2.09592354,0,0.2480
510050.SH,20140618,1.49500000,2.06300000,2.08754543,0,0.2480
510050.SH,20140619,1.47800000,2.04300000,2.06380746,0,0.2480
510050.SH,20140620,1.48700000,2.05400000,2.07637462,0,0.2480
510050.SH,20140623,1.48100000,2.04700000,2.06799651,0,0.2480
510050.SH,20140624,1.48900000,2.05600000,2.07916732,0,0.2480
510050.SH,20140625,1.48200000,2.04800000,2.06939286,0,0.2480
510050.SH,20140626,1.49000000,2.05800000,2.08056368,0,0.2480
510050.SH,20140627,1.48700000,2.05400000,2.07637462,0,0.2480
510050.SH,20140630,1.49600000,2.06500000,2.08894178,0,0.2480
510050.SH,20140701,1.49500000,2.06300000,2.08754543,0,0.2480
510050.SH,20140702,1.49900000,2.06800000,2.09313084,0,0.2480
510050.SH,20140703,1.50700000,2.07800000,2.10430165,0,0.2480
510050.SH,20140704,1.50900000,2.08000000,2.10709435,0,0.2480
510050.SH,20140707,1.51000000,2.08100000,2.10849070,0,0.2480
510050.SH,20140708,1.50900000,2.08000000,2.10709435,0,0.2480
510050.SH,20140709,1.49200000,2.06000000,2.08335638,0,0.2480
510050.SH,20140710,1.49000000,2.05800000,2.08056368,0,0.2480
510050.SH,20140711,1.49600000,2.06500000,2.08894178,0,0.2480
510050.SH,20140714,1.51200000,2.08400000,2.11128341,0,0.2480
510050.SH,20140715,1.51400000,2.08600000,2.11407611,0,0.2480
510050.SH,20140716,1.51400000,2.08600000,2.11407611,0,0.2480
510050.SH,20140717,1.50700000,2.07800000,2.10430165,0,0.2480
510050.SH,20140718,1.51600000,2.08800000,2.11686881,0,0.2480
510050.SH,20140721,1.51700000,2.08900000,2.11826516,0,0.2480
510050.SH,20140722,1.53300000,2.10800000,2.14060679,0,0.2480
510050.SH,20140723,1.54400000,2.12100000,2.15596665,0,0.2480
510050.SH,20140724,1.58000000,2.16400000,2.20623531,0,0.2480
510050.SH,20140725,1.59500000,2.18200000,2.22718058,0,0.2480
510050.SH,20140728,1.64700000,2.24300000,2.29979085,0,0.2480
510050.SH,20140729,1.65000000,2.24700000,2.30397991,0,0.2480
510050.SH,20140730,1.64200000,2.23700000,2.29280910,0,0.2480
510050.SH,20140731,1.66300000,2.26200000,2.32213248,0,0.2480
510050.SH,20140801,1.64900000,2.24600000,2.30258356,0,0.2480
510050.SH,20140804,1.68500000,2.28800000,2.35285221,0,0.2480
510050.SH,20140805,1.67300000,2.27400000,2.33609599,0,0.2480
510050.SH,20140806,1.65900000,2.25800000,2.31654707,0,0.2480
510050.SH,20140807,1.63400000,2.22800000,2.28163829,0,0.2480
510050.SH,20140808,1.63700000,2.23200000,2.28582734,0,0.2480
510050.SH,20140811,1.66000000,2.25900000,2.31794342,0,0.2480
510050.SH,20140812,1.64900000,2.24600000,2.30258356,0,0.2480
510050.SH,20140813,1.65100000,2.24800000,2.30537626,0,0.2480
510050.SH,20140814,1.63700000,2.23200000,2.28582734,0,0.2480
510050.SH,20140815,1.65300000,2.25000000,2.30816896,0,0.2480
510050.SH,20140818,1.65400000,2.25200000,2.30956531,0,0.2480
510050.SH,20140819,1.65000000,2.24700000,2.30397991,0,0.2480
510050.SH,20140820,1.64200000,2.23700000,2.29280910,0,0.2480
510050.SH,20140821,1.62900000,2.22200000,2.27465653,0,0.2480
510050.SH,20140822,1.63500000,2.22900000,2.28303464,0,0.2480
510050.SH,20140825,1.61900000,2.21000000,2.26069301,0,0.2480
510050.SH,20140826,1.61500000,2.20500000,2.25510761,0,0.2480
510050.SH,20140827,1.61400000,2.20400000,2.25371126,0,0.2480
510050.SH,20140828,1.60500000,2.19400000,2.24114409,0,0.2480
510050.SH,20140829,1.62200000,2.21400000,2.26488207,0,0.2480
510050.SH,20140901,1.62700000,2.22000000,2.27186383,0,0.2480
510050.SH,20140902,1.64800000,2.24500000,2.30118721,0,0.2480
510050.SH,20140903,1.66500000,2.26500000,2.32492518,0,0.2480
510050.SH,20140904,1.67800000,2.28000000,2.34307775,0,0.2480
510050.SH,20140905,1.69700000,2.30300000,2.36960843,0,0.2480
510050.SH,20140909,1.68600000,2.29000000,2.35424856,0,0.2480
510050.SH,20140910,1.67100000,2.27200000,2.33330329,0,0.2480
510050.SH,20140911,1.66300000,2.26200000,2.32213248,0,0.2480
510050.SH,20140912,1.67200000,2.27300000,2.33469964,0,0.2480
510050.SH,20140915,1.66600000,2.26600000,2.32632153,0,0.2480
510050.SH,20140916,1.64300000,2.23900000,2.29420545,0,0.2480
510050.SH,20140917,1.64700000,2.24300000,2.29979085,0,0.2480
510050.SH,20140918,1.65200000,2.24900000,2.30677261,0,0.2480
510050.SH,20140919,1.66200000,2.26100000,2.32073613,0,0.2480
510050.SH,20140922,1.62600000,2.21900000,2.27046747,0,0.2480
510050.SH,20140923,1.63800000,2.23300000,2.28722369,0,0.2480
510050.SH,20140924,1.66800000,2.26800000,2.32911424,0,0.2480
510050.SH,20140925,1.66100000,2.26000000,2.31933978,0,0.2480
510050.SH,20140926,1.65800000,2.25600000,2.31515072,0,0.2480
510050.SH,20140929,1.66400000,2.26400000,2.32352883,0,0.2480
510050.SH,20140930,1.66200000,2.26100000,2.32073613,0,0.2480
510050.SH,20141008,1.67600000,2.27800000,2.34028505,0,0.2480
510050.SH,20141009,1.67600000,2.27800000,2.34028505,0,0.2480
510050.SH,20141010,1.66400000,2.26400000,2.32352883,0,0.2480
510050.SH,20141013,1.64800000,2.24500000,2.30118721,0,0.2480
510050.SH,20141014,1.64300000,2.23900000,2.29420545,0,0.2480
510050.SH,20141015,1.65500000,2.25300000,2.31096167,0,0.2480
510050.SH,20141016,1.65100000,2.24800000,2.30537626,0,0.2480
510050.SH,20141017,1.65100000,2.24800000,2.30537626,0,0.2480
510050.SH,20141020,1.65500000,2.25300000,2.31096167,0,0.2480
510050.SH,20141021,1.64300000,2.23900000,2.29420545,0,0.2480
510050.SH,20141022,1.64000000,2.23500000,2.29001639,0,0.2480
510050.SH,20141023,1.62900000,2.22200000,2.27465653,0,0.2480
510050.SH,20141024,1.62600000,2.21900000,2.27046747,0,0.2480
510050.SH,20141027,1.60300000,2.19100000,2.23835139,0,0.2480
510050.SH,20141028,1.62800000,2.22100000,2.27326018,0,0.2480
510050.SH,20141029,1.65100000,2.24800000,2.30537626,0,0.2480
510050.SH,20141030,1.66200000,2.26100000,2.32073613,0,0.2480
510050.SH,20141031,1.70100000,2.30700000,2.37519383,0,0.2480
510050.SH,20141103,1.69400000,2.29900000,2.36541937,0,0.2480
510050.SH,20141104,1.68900000,2.29300000,2.35843762,0,0.2480
510050.SH,20141105,1.68200000,2.28500000,2.34866316,0,0.2480
510050.SH,20141106,1.68000000,2.28200000,2.34587045,0,0.2480
510050.SH,20141107,1.68400000,2.28700000,2.35145586,0,0.2480
510050.SH,20141110,1.73300000,2.34500000,2.41987708,0,0.2480
510050.SH,20141111,1.75500000,2.37100000,2.45059681,0,0.2480
510050.SH,20141112,1.77400000,2.39400000,2.47712749,0,0.2480
510050.SH,20141113,1.77000000,2.38900000,2.47154208,0,0.2480
510050.SH,20141114,1.77100000,2.39000000,2.47293844,0,0.2480
510050.SH,20141117,1.70800000,2.36600000,2.44431646,1,0.2910
510050.SH,20141118,1.67900000,2.33200000,2.40281460,0,0.2910
510050.SH,20141119,1.67200000,2.32400000,2.39279691,0,0.2910
510050.SH,20141120,1.67700000,2.33000000,2.39995240,0,0.2910
510050.SH,20141121,1.71400000,2.37400000,2.45290305,0,0.2910
510050.SH,20141124,1.75600000,2.42300000,2.51300919,0,0.2910
510050.SH,20141125,1.77400000,2.44500000,2.53876897,0,0.2910
510050.SH,20141126,1.81500000,2.49300000,2.59744401,0,0.2910
510050.SH,20141127,1.84900000,2.53300000,2.64610137,0,0.2910
510050.SH,20141128,1.91000000,2.60600000,2.73339838,0,0.2910
510050.SH,20141201,1.91700000,2.61400000,2.74341607,0,0.2910
510050.SH,20141202,2.01700000,2.73200000,2.88652594,0,0.2910
510050.SH,20141203,2.03200000,2.75000000,2.90799242,0,0.2910
510050.SH,20141204,2.15000000,2.89000000,3.07686205,0,0.2910
510050.SH,20141205,2.18800000,2.93500000,3.13124380,0,0.2910
510050.SH,20141208,2.28300000,3.04700000,3.26719817,0,0.2910
510050.SH,20141209,2.16800000,2.91100000,3.10262183,0,0.2910
510050.SH,20141210,2.23400000,2.98900000,3.19707434,0,0.2910
510050.SH,20141211,2.17900000,2.92400000,3.11836391,0,0.2910
510050.SH,20141212,2.17800000,2.92300000,3.11693282,0,0.2910
510050.SH,20141215,2.18300000,2.92900000,3.12408831,0,0.2910
510050.SH,20141216,2.27600000,3.03900000,3.25718048,0,0.2910
510050.SH,20141217,2.35400000,3.13100000,3.36880618,0,0.2910
510050.SH,20141218,2.33500000,3.10900000,3.34161530,0,0.2910
510050.SH,20141219,2.35900000,3.13700000,3.37596167,0,0.2910
510050.SH,20141222,2.39900000,3.18500000,3.43320561,0,0.2910
510050.SH,20141223,2.35000000,3.12700000,3.36308178,0,0.2910
510050.SH,20141224,2.25300000,3.01200000,3.22426521,0,0.2910
510050.SH,20141225,2.33800000,3.11200000,3.34590860,0,0.2910
510050.SH,20141226,2.43500000,3.22700000,3.48472516,0,0.2910
510050.SH,20141229,2.45200000,3.24700000,3.50905384,0,0.2910
510050.SH,20141230,2.49100000,3.29300000,3.56486669,0,0.2910
510050.SH,20141231,2.54600000,3.35900000,3.64357711,0,0.2910
510050.SH,20150105,2.61100000,3.43600000,3.73659852,0,0.2910
510050.SH,20150106,2.58900000,3.40900000,3.70511435,0,0.2910
510050.SH,20150107,2.59000000,3.41100000,3.70654545,0,0.2910
510050.SH,20150108,2.51300000,3.31900000,3.59635086,0,0.2910
510050.SH,20150109,2.52200000,3.33000000,3.60923074,0,0.2910
510050.SH,20150112,2.50100000,3.30500000,3.57917767,0,0.2910
510050.SH,20150113,2.48600000,3.28800000,3.55771119,0,0.2910
510050.SH,20150114,2.49200000,3.29500000,3.56629779,0,0.2910
510050.SH,20150115,2.58600000,3.40600000,3.70082106,0,0.2910
510050.SH,20150116,2.60400000,3.42700000,3.72658083,0,0.2910
510050.SH,20150119,2.37000000,3.15000000,3.39170375,0,0.2910
510050.SH,20150120,2.36500000,3.14400000,3.38454826,0,0.2910
510050.SH,20150121,2.50000000,3.30400000,3.57774658,0,0.2910
510050.SH,20150122,2.50400000,3.30900000,3.58347097,0,0.2910
510050.SH,20150123,2.52300000,3.33100000,3.61066184,0,0.2910
510050.SH,20150126,2.52100000,3.32900000,3.60779965,0,0.2910
510050.SH,20150127,2.48300000,3.28400000,3.55341790,0,0.2910
510050.SH,20150128,2.44600000,3.24000000,3.50046725,0,0.2910
510050.SH,20150129,2.40200000,3.18800000,3.43749891,0,0.2910
510050.SH,20150130,2.36700000,3.14700000,3.38741046,0,0.2910
510050.SH,20150202,2.29900000,3.06600000,3.29009575,0,0.2910
510050.SH,20150203,2.36900000,3.14900000,3.39027265,0,0.2910
510050.SH,20150204,2.33800000,3.11200000,3.34590860,0,0.2910
510050.SH,20150205,2.31700000,3.08700000,3.31585553,0,0.2910
510050.SH,20150206,2.29300000,3.05900000,3.28150916,0,0.2910
510050.SH,20150209,2.33300000,3.10600000,3.33875310,0,0.2910
510050.SH,20150210,2.36900000,3.14900000,3.39027265,0,0.2910
510050.SH,20150211,2.38100000,3.16300000,3.40744584,0,0.2910
510050.SH,20150212,2.38300000,3.16600000,3.41030804,0,0.2910
510050.SH,20150213,2.39300000,3.17700000,3.42461902,0,0.2910
510050.SH,20150216,2.39600000,3.18100000,3.42891232,0,0.2910
510050.SH,20150217,2.41000000,3.19800000,3.44894770,0,0.2910
510050.SH,20150225,2.37200000,3.15300000,3.39456595,0,0.2910
510050.SH,20150226,2.44300000,3.23700000,3.49617395,0,0.2910
510050.SH,20150227,2.44100000,3.23400000,3.49331176,0,0.2910
510050.SH,20150302,2.44400000,3.23800000,3.49760505,0,0.2910
510050.SH,20150303,2.36300000,3.14200000,3.38168606,0,0.2910
510050.SH,20150304,2.36500000,3.14400000,3.38454826,0,0.2910
510050.SH,20150305,2.33500000,3.10900000,3.34161530,0,0.2910
510050.SH,20150306,2.33900000,3.11400000,3.34733970,0,0.2910
510050.SH,20150309,2.39500000,3.18000000,3.42748122,0,0.2910
510050.SH,20150310,2.36200000,3.14100000,3.38025496,0,0.2910
510050.SH,20150311,2.37500000,3.15600000,3.39885925,0,0.2910
510050.SH,20150312,2.44900000,3.24400000,3.50476054,0,0.2910
510050.SH,20150313,2.45900000,3.25600000,3.51907153,0,0.2910
510050.SH,20150316,2.51300000,3.31900000,3.59635086,0,0.2910
510050.SH,20150317,2.54400000,3.35600000,3.64071491,0,0.2910
510050.SH,20150318,2.60900000,3.43300000,3.73373633,0,0.2910
510050.SH,20150319,2.59000000,3.41100000,3.70654545,0,0.2910
510050.SH,20150320,2.63900000,3.46900000,3.77666928,0,0.2910
510050.SH,20150323,2.67800000,3.51500000,3.83248213,0,0.2910
510050.SH,20150324,2.64200000,3.47200000,3.78096258,0,0.2910
510050.SH,20150325,2.60800000,3.43200000,3.73230523,0,0.2910
510050.SH,20150326,2.64500000,3.47600000,3.78525588,0,0.2910
510050.SH,20150327,2.64700000,3.47800000,3.78811807,0,0.2910
510050.SH,20150330,2.74000000,3.58800000,3.92121025,0,0.2910
510050.SH,20150331,2.71100000,3.55400000,3.87970839,0,0.2910
510050.SH,20150401,2.75500000,3.60600000,3.94267673,0,0.2910
510050.SH,20150402,2.73700000,3.58500000,3.91691695,0,0.2910
510050.SH,20150403,2.77300000,3.62700000,3.96843650,0,0.2910
510050.SH,20150407,2.84300000,3.71000000,4.06861341,0,0.2910
510050.SH,20150408,2.90400000,3.78200000,4.15591042,0,0.2910
510050.SH,20150409,2.88400000,3.75900000,4.12728845,0,0.2910
510050.SH,20150410,2.93700000,3.82100000,4.20313668,0,0.2910
510050.SH,20150413,2.99000000,3.88400000,4.27898490,0,0.2910
510050.SH,20150414,3.00100000,3.89700000,4.29472699,0,0.2910
510050.SH,20150415,3.00200000,3.89800000,4.29615809,0,0.2910
510050.SH,20150416,3.12800000,4.04800000,4.47647651,0,0.2910
510050.SH,20150417,3.17700000,4.10600000,4.54660035,0,0.2910
510050.SH,20150420,3.10900000,4.02500000,4.44928564,0,0.2910
510050.SH,20150421,3.15700000,4.08200000,4.51797837,0,0.2910
510050.SH,20150422,3.24000000,4.18000000,4.63675956,0,0.2910
510050.SH,20150423,3.21500000,4.15100000,4.60098210,0,0.2910
510050.SH,20150424,3.16700000,4.09400000,4.53228936,0,0.2910
510050.SH,20150427,3.24900000,4.19100000,4.64963945,0,0.2910
510050.SH,20150428,3.22400000,4.16100000,4.61386198,0,0.2910
510050.SH,20150429,3.22400000,4.16100000,4.61386198,0,0.2910
510050.SH,20150430,3.19400000,4.12600000,4.57092902,0,0.2910
510050.SH,20150504,3.21400000,4.14900000,4.59955100,0,0.2910
510050.SH,20150505,3.09500000,4.00800000,4.42925026,0,0.2910
510050.SH,20150506,3.08600000,3.99800000,4.41637037,0,0.2910
510050.SH,20150507,3.04300000,3.94700000,4.35483313,0,0.2910
510050.SH,20150508,3.05800000,3.96500000,4.37629961,0,0.2910
510050.SH,20150511,3.11500000,4.03200000,4.45787223,0,0.2910
510050.SH,20150512,3.13300000,4.05300000,4.48363201,0,0.2910
510050.SH,20150513,3.08800000,4.00000000,4.41923257,0,0.2910
510050.SH,20150514,3.07500000,3.98500000,4.40062829,0,0.2910
510050.SH,20150515,3.01000000,3.90800000,4.30760688,0,0.2910
510050.SH,20150518,2.95000000,3.83700000,4.22174096,0,0.2910
510050.SH,20150519,3.06300000,3.97100000,4.38345510,0,0.2910
510050.SH,20150520,3.07600000,3.98600000,4.40205939,0,0.2910
510050.SH,20150521,3.10300000,4.01800000,4.44069905,0,0.2910
510050.SH,20150522,3.19700000,4.12900000,4.57522232,0,0.2910
510050.SH,20150525,3.29200000,4.24200000,4.71117669,0,0.2910
510050.SH,20150526,3.32600000,4.28200000,4.75983404,0,0.2910
510050.SH,20150527,3.29000000,4.23900000,4.70831449,0,0.2910
510050.SH,20150528,3.08000000,3.99100000,4.40778378,0,0.2910
510050.SH,20150529,3.06700000,3.97500000,4.38917950,0,0.2910
510050.SH,20150601,3.19600000,4.12800000,4.57379122,0,0.2910
510050.SH,20150602,3.20900000,4.14300000,4.59239550,0,0.2910
510050.SH,20150603,3.19500000,4.12700000,4.57236012,0,0.2910
510050.SH,20150604,3.25400000,4.19700000,4.65679494,0,0.2910
510050.SH,20150605,3.25800000,4.20100000,4.66251934,0,0.2910
510050.SH,20150608,3.41000000,4.38100000,4.88004633,0,0.2910
510050.SH,20150609,3.36700000,4.33000000,4.81850909,0,0.2910
510050.SH,20150610,3.32700000,4.28300000,4.76126514,0,0.2910
510050.SH,20150611,3.30600000,4.25800000,4.73121207,0,0.2910
510050.SH,20150612,3.31000000,4.26300000,4.73693647,0,0.2910
510050.SH,20150615,3.22400000,4.16100000,4.61386198,0,0.2910
510050.SH,20150616,3.14800000,4.07100000,4.50509849,0,0.2910
510050.SH,20150617,3.17900000,4.10800000,4.54946254,0,0.2910
510050.SH,20150618,3.03800000,3.94100000,4.34767764,0,0.2910
510050.SH,20150619,2.87900000,3.75300000,4.12013296,0,0.2910
510050.SH,20150623,2.98200000,3.87500000,4.26753611,0,0.2910
510050.SH,20150624,3.02400000,3.92400000,4.32764226,0,0.2910
510050.SH,20150625,2.92300000,3.80500000,4.18310130,0,0.2910
510050.SH,20150626,2.71700000,3.56100000,3.88829498,0,0.2910
510050.SH,20150629,2.65600000,3.48900000,3.80099796,0,0.2910
510050.SH,20150630,2.84700000,3.71500000,4.07433780,0,0.2910
510050.SH,20150701,2.71500000,3.55900000,3.88543278,0,0.2910
510050.SH,20150702,2.69300000,3.53300000,3.85394861,0,0.2910
510050.SH,20150703,2.57200000,3.38900000,3.68078568,0,0.2910
510050.SH,20150706,2.73900000,3.58700000,3.91977915,0,0.2910
510050.SH,20150707,2.80500000,3.66500000,4.01423166,0,0.2910
510050.SH,20150708,2.60500000,3.42800000,3.72801193,0,0.2910
510050.SH,20150709,2.77400000,3.62800000,3.96986760,0,0.2910
510050.SH,20150710,2.89300000,3.76900000,4.14016834,0,0.2910
510050.SH,20150713,2.86400000,3.73500000,4.09866648,0,0.2910
510050.SH,20150714,2.75900000,3.61100000,3.94840112,0,0.2910
510050.SH,20150715,2.75400000,3.60500000,3.94124563,0,0.2910
510050.SH,20150716,2.73900000,3.58700000,3.91977915,0,0.2910
510050.SH,20150717,2.80400000,3.66400000,4.01280056,0,0.2910
510050.SH,20150720,2.78100000,3.63700000,3.97988529,0,0.2910
510050.SH,20150721,2.77000000,3.62400000,3.96414321,0,0.2910
510050.SH,20150722,2.74000000,3.58800000,3.92121025,0,0.2910
510050.SH,20150723,2.79100000,3.64900000,3.99419628,0,0.2910
510050.SH,20150724,2.74100000,3.58900000,3.92264134,0,0.2910
510050.SH,20150727,2.49600000,3.29900000,3.57202218,0,0.2910
510050.SH,20150728,2.48800000,3.29000000,3.56057339,0,0.2910
510050.SH,20150729,2.53400000,3.34400000,3.62640393,0,0.2910
510050.SH,20150730,2.47000000,3.26900000,3.53481362,0,0.2910
510050.SH,20150731,2.46400000,3.26100000,3.52622702,0,0.2910
510050.SH,20150803,2.48300000,3.28400000,3.55341790,0,0.2910
510050.SH,20150804,2.53700000,3.34800000,3.63069722,0,0.2910
510050.SH,20150805,2.49000000,3.29200000,3.56343559,0,0.2910
510050.SH,20150806,2.47000000,3.26900000,3.53481362,0,0.2910
510050.SH,20150807,2.50600000,3.31100000,3.58633317,0,0.2910
510050.SH,20150810,2.61800000,3.44400000,3.74661621,0,0.2910
510050.SH,20150811,2.59100000,3.41200000,3.70797655,0,0.2910
510050.SH,20150812,2.56100000,3.37600000,3.66504359,0,0.2910
510050.SH,20150813,2.58100000,3.40000000,3.69366556,0,0.2910
510050.SH,20150814,2.57800000,3.39600000,3.68937227,0,0.2910
510050.SH,20150817,2.55200000,3.36600000,3.65216370,0,0.2910
510050.SH,20150818,2.41000000,3.19800000,3.44894770,0,0.2910
510050.SH,20150819,2.43200000,3.22400000,3.48043187,0,0.2910
510050.SH,20150820,2.36000000,3.13800000,3.37739277,0,0.2910
510050.SH,20150821,2.27500000,3.03800000,3.25574938,0,0.2910
510050.SH,20150824,2.06300000,2.78700000,2.95235647,0,0.2910
510050.SH,20150825,1.92100000,2.61900000,2.74914047,0,0.2910
510050.SH,20150826,1.94900000,2.65200000,2.78921123,0,0.2910
510050.SH,20150827,2.09900000,2.82900000,3.00387602,0,0.2910
510050.SH,20150828,2.16300000,2.90500000,3.09546634,0,0.2910
510050.SH,20150831,2.21300000,2.96400000,3.16702127,0,0.2910
510050.SH,20150901,2.23200000,2.98700000,3.19421214,0,0.2910
510050.SH,20150902,2.24600000,3.00300000,3.21424752,0,0.2910
510050.SH,20150907,2.13700000,2.87400000,3.05825777,0,0.2910
510050.SH,20150908,2.18300000,2.92900000,3.12408831,0,0.2910
510050.SH,20150909,2.21400000,2.96600000,3.16845237,0,0.2910
510050.SH,20150910,2.21200000,2.96300000,3.16559017,0,0.2910
510050.SH,20150911,2.19900000,2.94800000,3.14698589,0,0.2910
510050.SH,20150914,2.23100000,2.98600000,3.19278104,0,0.2910
510050.SH,20150915,2.17900000,2.92400000,3.11836391,0,0.2910
510050.SH,20150916,2.24400000,3.00100000,3.21138533,0,0.2910
510050.SH,20150917,2.19800000,2.94700000,3.14555479,0,0.2910
510050.SH,20150918,2.20200000,2.95100000,3.15127918,0,0.2910
510050.SH,20150921,2.21700000,2.96900000,3.17274566,0,0.2910
510050.SH,20150922,2.24000000,2.99600000,3.20566093,0,0.2910
510050.SH,20150923,2.18300000,2.92900000,3.12408831,0,0.2910
510050.SH,20150924,2.19200000,2.93900000,3.13696820,0,0.2910
510050.SH,20150925,2.18700000,2.93400000,3.12981270,0,0.2910
510050.SH,20150928,2.17400000,2.91800000,3.11120842,0,0.2910
510050.SH,20150929,2.13200000,2.86800000,3.05110228,0,0.2910
510050.SH,20150930,2.15100000,2.89100000,3.07829315,0,0.2910
510050.SH,20151008,2.19500000,2.94300000,3.14126149,0,0.2910
510050.SH,20151009,2.22200000,2.97500000,3.17990116,0,0.2910
510050.SH,20151012,2.28500000,3.05000000,3.27006037,0,0.2910
510050.SH,20151013,2.27300000,3.03500000,3.25288719,0,0.2910
510050.SH,20151014,2.25600000,3.01500000,3.22855851,0,0.2910
510050.SH,20151015,2.29900000,3.06600000,3.29009575,0,0.2910
510050.SH,20151016,2.32400000,3.09600000,3.32587322,0,0.2910
510050.SH,20151019,2.31900000,3.09000000,3.31871772,0,0.2910
510050.SH,20151020,2.33700000,3.11100000,3.34447750,0,0.2910
510050.SH,20151021,2.34000000,3.11500000,3.34877079,0,0.2910
510050.SH,20151022,2.33200000,3.10500000,3.33732201,0,0.2910
510050.SH,20151023,2.34300000,3.11800000,3.35306409,0,0.2910
510050.SH,20151026,2.34900000,3.12500000,3.36165068,0,0.2910
510050.SH,20151027,2.34900000,3.12500000,3.36165068,0,0.2910
510050.SH,20151028,2.31100000,3.08000000,3.30726893,0,0.2910
510050.SH,20151029,2.30700000,3.07600000,3.30154454,0,0.2910
510050.SH,20151030,2.31300000,3.08300000,3.31013113,0,0.2910
510050.SH,20151102,2.28100000,3.04500000,3.26433598,0,0.2910
510050.SH,20151103,2.27300000,3.03500000,3.25288719,0,0.2910
510050.SH,20151104,2.36900000,3.14900000,3.39027265,0,0.2910
510050.SH,20151105,2.43700000,3.23000000,3.48758736,0,0.2910
510050.SH,20151106,2.48900000,3.29100000,3.56200449,0,0.2910
510050.SH,20151109,2.52800000,3.33700000,3.61781734,0,0.2910
510050.SH,20151110,2.51700000,3.32400000,3.60207525,0,0.2910
510050.SH,20151111,2.50000000,3.30400000,3.57774658,0,0.2910
510050.SH,20151112,2.47200000,3.27100000,3.53767581,0,0.2910
510050.SH,20151113,2.44400000,3.23800000,3.49760505,0,0.2910
510050.SH,20151116,2.44300000,3.23700000,3.49617395,0,0.2910
510050.SH,20151117,2.44900000,3.24400000,3.50476054,0,0.2910
510050.SH,20151118,2.43600000,3.22800000,3.48615626,0,0.2910
510050.SH,20151119,2.46400000,3.26100000,3.52622702,0,0.2910
510050.SH,20151120,2.46200000,3.25900000,3.52336483,0,0.2910
510050.SH,20151123,2.45300000,3.24800000,3.51048494,0,0.2910
510050.SH,20151124,2.44400000,3.23800000,3.49760505,0,0.2910
510050.SH,20151125,2.45500000,3.25100000,3.51334714,0,0.2910
510050.SH,20151126,2.44700000,3.24100000,3.50189835,0,0.2910
510050.SH,20151127,2.33400000,3.10800000,3.34018420,0,0.2910
510050.SH,20151130,2.33500000,3.10900000,3.34161530,0,0.2910
510050.SH,20151201,2.34400000,3.11900000,3.35449519,0,0.2910
510050.SH,20151202,2.45500000,3.25100000,3.51334714,0,0.2910
510050.SH,20151203,2.45800000,3.25400000,3.51764043,0,0.2910
510050.SH,20151204,2.39500000,3.18000000,3.42748122,0,0.2910
510050.SH,20151207,2.39300000,3.17700000,3.42461902,0,0.2910
510050.SH,20151208,2.36300000,3.14200000,3.38168606,0,0.2910
510050.SH,20151209,2.36800000,3.14800000,3.38884156,0,0.2910
510050.SH,20151210,2.35600000,3.13400000,3.37166837,0,0.2910
510050.SH,20151211,2.34200000,3.11700000,3.35163299,0,0.2910
510050.SH,20151214,2.41000000,3.19800000,3.44894770,0,0.2910
510050.SH,20151215,2.38100000,3.16300000,3.40744584,0,0.2910
510050.SH,20151216,2.37400000,3.15500000,3.39742815,0,0.2910
510050.SH,20151217,2.40500000,3.19200000,3.44179221,0,0.2910
510050.SH,20151218,2.42000000,3.20900000,3.46325868,0,0.2910
510050.SH,20151221,2.49500000,3.29800000,3.57059108,0,0.2910
510050.SH,20151222,2.49100000,3.29300000,3.56486669,0,0.2910
510050.SH,20151223,2.49700000,3.30100000,3.57345328,0,0.2910
510050.SH,20151224,2.47700000,3.27700000,3.54483131,0,0.2910
510050.SH,20151225,2.48800000,3.29000000,3.56057339,0,0.2910
510050.SH,20151228,2.41100000,3.19900000,3.45037880,0,0.2910
510050.SH,20151229,2.43100000,3.22200000,3.47900077,0,0.2910
510050.SH,20151230,2.43100000,3.22200000,3.47900077,0,0.2910
510050.SH,20151231,2.41900000,3.20800000,3.46182759,0,0.2910
510050.SH,20160104,2.27200000,3.03400000,3.25145609,0,0.2910
510050.SH,20160105,2.28900000,3.05400000,3.27578476,0,0.2910
510050.SH,20160106,2.31800000,3.08900000,3.31728662,0,0.2910
510050.SH,20160107,2.18400000,2.93000000,3.12551941,0,0.2910
510050.SH,20160108,2.22200000,2.97500000,3.17990116,0,0.2910
510050.SH,20160111,2.12500000,2.86000000,3.04108459,0,0.2910
510050.SH,20160112,2.13500000,2.87200000,3.05539558,0,0.2910
510050.SH,20160113,2.11000000,2.84200000,3.01961811,0,0.2910
510050.SH,20160114,2.13600000,2.87300000,3.05682667,0,0.2910
510050.SH,20160115,2.07600000,2.80200000,2.97096076,0,0.2910
510050.SH,20160118,2.07400000,2.80000000,2.96809856,0,0.2910
510050.SH,20160119,2.13200000,2.86800000,3.05110228,0,0.2910
510050.SH,20160120,2.09300000,2.82200000,2.99528943,0,0.2910
510050.SH,20160121,2.04600000,2.76700000,2.92802780,0,0.2910
510050.SH,20160122,2.06600000,2.79000000,2.95664977,0,0.2910
510050.SH,20160125,2.07000000,2.79500000,2.96237416,0,0.2910
510050.SH,20160126,1.95800000,2.66200000,2.80209112,0,0.2910
510050.SH,20160127,1.95900000,2.66400000,2.80352222,0,0.2910
510050.SH,20160128,1.91900000,2.61600000,2.74627827,0,0.2910
510050.SH,20160129,1.97900000,2.68700000,2.83214419,0,0.2910
510050.SH,20160201,1.94200000,2.64400000,2.77919354,0,0.2910
510050.SH,20160202,1.97300000,2.68000000,2.82355760,0,0.2910
510050.SH,20160203,1.95600000,2.66000000,2.79922892,0,0.2910
510050.SH,20160204,1.97700000,2.68500000,2.82928199,0,0.2910
510050.SH,20160205,1.97000000,2.67700000,2.81926430,0,0.2910
510050.SH,20160215,1.95100000,2.65400000,2.79207343,0,0.2910
510050.SH,20160216,2.00300000,2.71600000,2.86649056,0,0.2910
510050.SH,20160217,2.01700000,2.73200000,2.88652594,0,0.2910
510050.SH,20160218,2.01100000,2.72500000,2.87793934,0,0.2910
510050.SH,20160219,2.00600000,2.71900000,2.87078385,0,0.2910
510050.SH,20160222,2.05500000,2.77700000,2.94090768,0,0.2910
510050.SH,20160223,2.03100000,2.74900000,2.90656132,0,0.2910
510050.SH,20160224,2.04300000,2.76300000,2.92373450,0,0.2910
510050.SH,20160225,1.93500000,2.63500000,2.76917585,0,0.2910
510050.SH,20160226,1.95900000,2.66400000,2.80352222,0,0.2910
510050.SH,20160229,1.94800000,2.65100000,2.78778013,0,0.2910
510050.SH,20160301,1.97700000,2.68500000,2.82928199,0,0.2910
510050.SH,20160302,2.04600000,2.76700000,2.92802780,0,0.2910
510050.SH,20160303,2.05600000,2.77800000,2.94233878,0,0.2910
510050.SH,20160304,2.12400000,2.85900000,3.03965349,0,0.2910
510050.SH,20160307,2.10900000,2.84100000,3.01818701,0,0.2910
510050.SH,20160308,2.11700000,2.85100000,3.02963580,0,0.2910
510050.SH,20160309,2.11300000,2.84600000,3.02391141,0,0.2910
510050.SH,20160310,2.06400000,2.78800000,2.95378757,0,0.2910
510050.SH,20160311,2.07300000,2.79900000,2.96666746,0,0.2910
510050.SH,20160314,2.08000000,2.80700000,2.97668515,0,0.2910
510050.SH,20160315,2.10200000,2.83300000,3.00816932,0,0.2910
510050.SH,20160316,2.13700000,2.87400000,3.05825777,0,0.2910
510050.SH,20160317,2.13200000,2.86800000,3.05110228,0,0.2910
510050.SH,20160318,2.14200000,2.88000000,3.06541327,0,0.2910
510050.SH,20160321,2.19300000,2.94100000,3.13839930,0,0.2910
510050.SH,20160322,2.17300000,2.91700000,3.10977732,0,0.2910
510050.SH,20160323,2.17500000,2.91900000,3.11263952,0,0.2910
510050.SH,20160324,2.13800000,2.87600000,3.05968887,0,0.2910
510050.SH,20160325,2.14900000,2.88900000,3.07543096,0,0.2910
510050.SH,20160328,2.12300000,2.85800000,3.03822239,0,0.2910
510050.SH,20160329,2.10800000,2.84000000,3.01675591,0,0.2910
510050.SH,20160330,2.15700000,2.89800000,3.08687974,0,0.2910
510050.SH,20160331,2.15600000,2.89700000,3.08544865,0,0.2910
510050.SH,20160401,2.16700000,2.91000000,3.10119073,0,0.2910
510050.SH,20160405,2.17900000,2.92400000,3.11836391,0,0.2910
510050.SH,20160406,2.16700000,2.91000000,3.10119073,0,0.2910
510050.SH,20160407,2.13900000,2.87700000,3.06111997,0,0.2910
510050.SH,20160408,2.12400000,2.85900000,3.03965349,0,0.2910
510050.SH,20160411,2.14800000,2.88700000,3.07399986,0,0.2910
510050.SH,20160412,2.14300000,2.88100000,3.06684436,0,0.2910
510050.SH,20160413,2.17000000,2.91300000,3.10548403,0,0.2910
510050.SH,20160414,2.17800000,2.92300000,3.11693282,0,0.2910
510050.SH,20160415,2.18100000,2.92600000,3.12122611,0,0.2910
510050.SH,20160418,2.15700000,2.89800000,3.08687974,0,0.2910
510050.SH,20160419,2.16300000,2.90500000,3.09546634,0,0.2910
510050.SH,20160420,2.15400000,2.89400000,3.08258645,0,0.2910
510050.SH,20160421,2.14700000,2.88600000,3.07256876,0,0.2910
510050.SH,20160422,2.15700000,2.89800000,3.08687974,0,0.2910
510050.SH,20160425,2.14700000,2.88600000,3.07256876,0,0.2910
510050.SH,20160426,2.15500000,2.89600000,3.08401755,0,0.2910
510050.SH,20160427,2.14400000,2.88300000,3.06827546,0,0.2910
510050.SH,20160428,2.14100000,2.87900000,3.06398217,0,0.2910
510050.SH,20160429,2.13500000,2.87200000,3.05539558,0,0.2910
510050.SH,20160503,2.15700000,2.89800000,3.08687974,0,0.2910
510050.SH,20160504,2.15200000,2.89200000,3.07972425,0,0.2910
510050.SH,20160505,2.15200000,2.89200000,3.07972425,0,0.2910
510050.SH,20160506,2.10800000,2.84000000,3.01675591,0,0.2910
510050.SH,20160509,2.07300000,2.79900000,2.96666746,0,0.2910
510050.SH,20160510,2.07300000,2.79900000,2.96666746,0,0.2910
510050.SH,20160511,2.07900000,2.80600000,2.97525405,0,0.2910
510050.SH,20160512,2.08600000,2.81400000,2.98527174,0,0.2910
510050.SH,20160513,2.07700000,2.80300000,2.97239185,0,0.2910
510050.SH,20160516,2.08300000,2.81000000,2.98097845,0,0.2910
510050.SH,20160517,2.07800000,2.80500000,2.97382295,0,0.2910
510050.SH,20160518,2.08100000,2.80800000,2.97811625,0,0.2910
510050.SH,20160519,2.07600000,2.80200000,2.97096076,0,0.2910
510050.SH,20160520,2.08500000,2.81300000,2.98384064,0,0.2910
510050.SH,20160523,2.08400000,2.81200000,2.98240954,0,0.2910
510050.SH,20160524,2.06900000,2.79400000,2.96094307,0,0.2910
510050.SH,20160525,2.07400000,2.80000000,2.96809856,0,0.2910
510050.SH,20160526,2.07800000,2.80500000,2.97382295,0,0.2910
510050.SH,20160527,2.07700000,2.80300000,2.97239185,0,0.2910
510050.SH,20160530,2.09400000,2.82300000,2.99672053,0,0.2910
510050.SH,20160531,2.15700000,2.89800000,3.08687974,0,0.2910
510050.SH,20160601,2.14000000,2.87800000,3.06255107,0,0.2910
510050.SH,20160602,2.13900000,2.87700000,3.06111997,0,0.2910
510050.SH,20160603,2.15400000,2.89400000,3.08258645,0,0.2910
510050.SH,20160606,2.14200000,2.88000000,3.06541327,0,0.2910
510050.SH,20160607,2.14500000,2.88400000,3.06970656,0,0.2910
510050.SH,20160608,2.13900000,2.87700000,3.06111997,0,0.2910
510050.SH,20160613,2.09300000,2.82200000,2.99528943,0,0.2910
510050.SH,20160614,2.10300000,2.83400000,3.00960042,0,0.2910
510050.SH,20160615,2.11300000,2.84600000,3.02391141,0,0.2910
510050.SH,20160616,2.10400000,2.83500000,3.01103152,0,0.2910
510050.SH,20160617,2.11200000,2.84500000,3.02248031,0,0.2910
510050.SH,20160620,2.11400000,2.84700000,3.02534250,0,0.2910
510050.SH,20160621,2.11400000,2.84700000,3.02534250,0,0.2910
510050.SH,20160622,2.12500000,2.86000000,3.04108459,0,0.2910
510050.SH,20160623,2.11800000,2.85200000,3.03106690,0,0.2910
510050.SH,20160624,2.09400000,2.82300000,2.99672053,0,0.2910
510050.SH,20160627,2.11300000,2.84600000,3.02391141,0,0.2910
510050.SH,20160628,2.11900000,2.85300000,3.03249800,0,0.2910
510050.SH,20160629,2.13900000,2.87700000,3.06111997,0,0.2910
510050.SH,20160630,2.13900000,2.87700000,3.06111997,0,0.2910
510050.SH,20160701,2.14600000,2.88500000,3.07113766,0,0.2910
510050.SH,20160704,2.18000000,2.92500000,3.11979501,0,0.2910
510050.SH,20160705,2.18700000,2.93400000,3.12981270,0,0.2910
510050.SH,20160706,2.18600000,2.93200000,3.12838161,0,0.2910
510050.SH,20160707,2.19000000,2.93700000,3.13410600,0,0.2910
510050.SH,20160708,2.17900000,2.92400000,3.11836391,0,0.2910
510050.SH,20160711,2.18800000,2.93500000,3.13124380,0,0.2910
510050.SH,20160712,2.23100000,2.98600000,3.19278104,0,0.2910
510050.SH,20160713,2.23800000,2.99400000,3.20279873,0,0.2910
510050.SH,20160714,2.23600000,2.99200000,3.19993654,0,0.2910
510050.SH,20160715,2.23500000,2.99000000,3.19850544,0,0.2910
510050.SH,20160718,2.23100000,2.98600000,3.19278104,0,0.2910
510050.SH,20160719,2.21900000,2.97100000,3.17560786,0,0.2910
510050.SH,20160720,2.21100000,2.96200000,3.16415907,0,0.2910
510050.SH,20160721,2.22200000,2.97500000,3.17990116,0,0.2910
510050.SH,20160722,2.20200000,2.95100000,3.15127918,0,0.2910
510050.SH,20160725,2.20500000,2.95500000,3.15557248,0,0.2910
510050.SH,20160726,2.22700000,2.98100000,3.18705665,0,0.2910
510050.SH,20160727,2.21900000,2.97100000,3.17560786,0,0.2910
510050.SH,20160728,2.20900000,2.96000000,3.16129687,0,0.2910
510050.SH,20160729,2.20000000,2.94900000,3.14841699,0,0.2910
510050.SH,20160801,2.19200000,2.93900000,3.13696820,0,0.2910
510050.SH,20160802,2.19300000,2.94100000,3.13839930,0,0.2910
510050.SH,20160803,2.19000000,2.93700000,3.13410600,0,0.2910
510050.SH,20160804,2.18800000,2.93500000,3.13124380,0,0.2910
510050.SH,20160805,2.19500000,2.94300000,3.14126149,0,0.2910
510050.SH,20160808,2.20600000,2.95600000,3.15700358,0,0.2910
510050.SH,20160809,2.22200000,2.97500000,3.17990116,0,0.2910
510050.SH,20160810,2.21700000,2.96900000,3.17274566,0,0.2910
510050.SH,20160811,2.22600000,2.98000000,3.18562555,0,0.2910
510050.SH,20160812,2.27200000,3.03400000,3.25145609,0,0.2910
510050.SH,20160815,2.33700000,3.11100000,3.34447750,0,0.2910
510050.SH,20160816,2.30700000,3.07600000,3.30154454,0,0.2910
510050.SH,20160817,2.30300000,3.07100000,3.29582014,0,0.2910
510050.SH,20160818,2.29400000,3.06000000,3.28294026,0,0.2910
510050.SH,20160819,2.30100000,3.06900000,3.29295795,0,0.2910
510050.SH,20160822,2.28800000,3.05300000,3.27435367,0,0.2910
510050.SH,20160823,2.29300000,3.05900000,3.28150916,0,0.2910
510050.SH,20160824,2.28300000,3.04700000,3.26719817,0,0.2910
510050.SH,20160825,2.27300000,3.03500000,3.25288719,0,0.2910
510050.SH,20160826,2.27100000,3.03300000,3.25002499,0,0.2910
510050.SH,20160829,2.26500000,3.02600000,3.24143840,0,0.2910
510050.SH,20160830,2.27500000,3.03800000,3.25574938,0,0.2910
510050.SH,20160831,2.28400000,3.04800000,3.26862927,0,0.2910
510050.SH,20160901,2.27200000,3.03400000,3.25145609,0,0.2910
510050.SH,20160902,2.28100000,3.04500000,3.26433598,0,0.2910
510050.SH,20160905,2.28100000,3.04500000,3.26433598,0,0.2910
510050.SH,20160906,2.28500000,3.05000000,3.27006037,0,0.2910
510050.SH,20160907,2.28900000,3.05400000,3.27578476,0,0.2910
510050.SH,20160908,2.28900000,3.05400000,3.27578476,0,0.2910
510050.SH,20160909,2.28200000,3.04600000,3.26576707,0,0.2910
510050.SH,20160912,2.25300000,3.01200000,3.22426521,0,0.2910
510050.SH,20160913,2.24600000,3.00300000,3.21424752,0,0.2910
510050.SH,20160914,2.22900000,2.98300000,3.18991885,0,0.2910
510050.SH,20160919,2.24200000,2.99900000,3.20852313,0,0.2910
510050.SH,20160920,2.23600000,2.99200000,3.19993654,0,0.2910
510050.SH,20160921,2.24000000,2.99600000,3.20566093,0,0.2910
510050.SH,20160922,2.25300000,3.01200000,3.22426521,0,0.2910
510050.SH,20160923,2.24900000,3.00700000,3.21854082,0,0.2910
510050.SH,20160926,2.22100000,2.97400000,3.17847006,0,0.2910
510050.SH,20160927,2.23000000,2.98400000,3.19134994,0,0.2910
510050.SH,20160928,2.22000000,2.97300000,3.17703896,0,0.2910
510050.SH,20160929,2.22900000,2.98300000,3.18991885,0,0.2910
510050.SH,20160930,2.23100000,2.98600000,3.19278104,0,0.2910
510050.SH,20161010,2.25700000,3.01600000,3.22998961,0,0.2910
510050.SH,20161011,2.26300000,3.02400000,3.23857620,0,0.2910
510050.SH,20161012,2.25500000,3.01400000,3.22712741,0,0.2910
510050.SH,20161013,2.25600000,3.01500000,3.22855851,0,0.2910
510050.SH,20161014,2.26400000,3.02500000,3.24000730,0,0.2910
510050.SH,20161017,2.24700000,3.00500000,3.21567862,0,0.2910
510050.SH,20161018,2.27700000,3.04000000,3.25861158,0,0.2910
510050.SH,20161019,2.27500000,3.03800000,3.25574938,0,0.2910
510050.SH,20161020,2.27700000,3.04000000,3.25861158,0,0.2910
510050.SH,20161021,2.29500000,3.06100000,3.28437136,0,0.2910
510050.SH,20161024,2.32500000,3.09700000,3.32730431,0,0.2910
510050.SH,20161025,2.32100000,3.09200000,3.32157992,0,0.2910
510050.SH,20161026,2.31100000,3.08000000,3.30726893,0,0.2910
510050.SH,20161027,2.30400000,3.07200000,3.29725124,0,0.2910
510050.SH,20161028,2.30800000,3.07700000,3.30297564,0,0.2910
510050.SH,20161031,2.30400000,3.07200000,3.29725124,0,0.2910
510050.SH,20161101,2.31800000,3.08900000,3.31728662,0,0.2910
510050.SH,20161102,2.29900000,3.06600000,3.29009575,0,0.2910
510050.SH,20161103,2.32800000,3.10000000,3.33159761,0,0.2910
510050.SH,20161104,2.32600000,3.09800000,3.32873541,0,0.2910
510050.SH,20161107,2.33100000,3.10400000,3.33589091,0,0.2910
510050.SH,20161108,2.33600000,3.11000000,3.34304640,0,0.2910
510050.SH,20161109,2.31800000,3.08900000,3.31728662,0,0.2910
510050.SH,20161110,2.34400000,3.11900000,3.35449519,0,0.2910
510050.SH,20161111,2.36300000,3.14200000,3.38168606,0,0.2910
510050.SH,20161114,2.37200000,3.15300000,3.39456595,0,0.2910
510050.SH,20161115,2.36500000,3.14400000,3.38454826,0,0.2910
510050.SH,20161116,2.36400000,3.14300000,3.38311716,0,0.2910
510050.SH,20161117,2.37100000,3.15100000,3.39313485,0,0.2910
510050.SH,20161118,2.36100000,3.14000000,3.37882387,0,0.2910
510050.SH,20161121,2.38900000,3.17300000,3.41889463,0,0.2910
510050.SH,20161122,2.40700000,3.19400000,3.44465440,0,0.2910
510050.SH,20161123,2.41500000,3.20300000,3.45610319,0,0.2910
510050.SH,20161124,2.42300000,3.21300000,3.46755198,0,0.2910
510050.SH,20161125,2.44900000,3.24400000,3.50476054,0,0.2910
510050.SH,20161128,2.45800000,3.25400000,3.51764043,0,0.2910
510050.SH,20161129,2.44300000,3.29900000,3.57322060,1,0.3440
510050.SH,20161130,2.42100000,3.27300000,3.54104260,0,0.3440
510050.SH,20161201,2.43200000,3.28600000,3.55713160,0,0.3440
510050.SH,20161202,2.41800000,3.27000000,3.53665469,0,0.3440
510050.SH,20161205,2.37700000,3.22100000,3.47668660,0,0.3440
510050.SH,20161206,2.37000000,3.21300000,3.46644815,0,0.3440
510050.SH,20161207,2.37800000,3.22200000,3.47814924,0,0.3440
510050.SH,20161208,2.38000000,3.22500000,3.48107451,0,0.3440
510050.SH,20161209,2.41200000,3.26300000,3.52787888,0,0.3440
510050.SH,20161212,2.38900000,3.23500000,3.49423824,0,0.3440
510050.SH,20161213,2.37400000,3.21800000,3.47229869,0,0.3440
510050.SH,20161214,2.36200000,3.20300000,3.45474706,0,0.3440
510050.SH,20161215,2.31200000,3.14400000,3.38161524,0,0.3440
510050.SH,20161216,2.30500000,3.13600000,3.37137679,0,0.3440
510050.SH,20161219,2.29500000,3.12400000,3.35675042,0,0.3440
510050.SH,20161220,2.28300000,3.11000000,3.33919879,0,0.3440
510050.SH,20161221,2.30000000,3.13000000,3.36406361,0,0.3440
510050.SH,20161222,2.29500000,3.12400000,3.35675042,0,0.3440
510050.SH,20161223,2.28200000,3.10900000,3.33773615,0,0.3440
510050.SH,20161226,2.29800000,3.12800000,3.36113833,0,0.3440
510050.SH,20161227,2.29000000,3.11800000,3.34943724,0,0.3440
510050.SH,20161228,2.28100000,3.10800000,3.33627351,0,0.3440
510050.SH,20161229,2.27800000,3.10400000,3.33188561,0,0.3440
510050.SH,20161230,2.29000000,3.11800000,3.34943724,0,0.3440
510050.SH,20161231,2.29000000,3.11800000,3.34943724,0,0.3440
510050.SH,20170103,2.31000000,3.14200000,3.37868997,0,0.3440
510050.SH,20170104,2.32400000,3.15800000,3.39916688,0,0.3440
510050.SH,20170105,2.32500000,3.16000000,3.40062951,0,0.3440
510050.SH,20170106,2.31200000,3.14400000,3.38161524,0,0.3440
510050.SH,20170109,2.32100000,3.15500000,3.39477897,0,0.3440
510050.SH,20170110,2.31500000,3.14800000,3.38600315,0,0.3440
510050.SH,20170111,2.30300000,3.13400000,3.36845151,0,0.3440
510050.SH,20170112,2.29800000,3.12800000,3.36113833,0,0.3440
510050.SH,20170113,2.31100000,3.14300000,3.38015260,0,0.3440
510050.SH,20170116,2.34000000,3.17700000,3.42256906,0,0.3440
510050.SH,20170117,2.33200000,3.16800000,3.41086797,0,0.3440
510050.SH,20170118,2.34500000,3.18300000,3.42988224,0,0.3440
510050.SH,20170119,2.33700000,3.17400000,3.41818115,0,0.3440
510050.SH,20170120,2.34900000,3.18800000,3.43573279,0,0.3440
510050.SH,20170123,2.34900000,3.18800000,3.43573279,0,0.3440
510050.SH,20170124,2.35400000,3.19400000,3.44304597,0,0.3440
510050.SH,20170125,2.36000000,3.20100000,3.45182179,0,0.3440
510050.SH,20170126,2.36500000,3.20700000,3.45913497,0,0.3440
510050.SH,20170203,2.34100000,3.17900000,3.42403170,0,0.3440
510050.SH,20170206,2.34500000,3.18300000,3.42988224,0,0.3440
510050.SH,20170207,2.33900000,3.17600000,3.42110642,0,0.3440
510050.SH,20170208,2.34700000,3.18600000,3.43280751,0,0.3440
510050.SH,20170209,2.35500000,3.19500000,3.44450860,0,0.3440
510050.SH,20170210,2.36800000,3.21100000,3.46352288,0,0.3440
510050.SH,20170213,2.37900000,3.22400000,3.47961188,0,0.3440
510050.SH,20170214,2.37300000,3.21600000,3.47083606,0,0.3440
510050.SH,20170215,2.37200000,3.21500000,3.46937342,0,0.3440
510050.SH,20170216,2.37700000,3.22100000,3.47668660,0,0.3440
510050.SH,20170217,2.36300000,3.20500000,3.45620970,0,0.3440
510050.SH,20170220,2.39300000,3.24000000,3.50008879,0,0.3440
510050.SH,20170221,2.39600000,3.24400000,3.50447669,0,0.3440
510050.SH,20170222,2.39700000,3.24500000,3.50593933,0,0.3440
510050.SH,20170223,2.38700000,3.23300000,3.49131297,0,0.3440
510050.SH,20170224,2.38900000,3.23500000,3.49423824,0,0.3440
510050.SH,20170227,2.37000000,3.21300000,3.46644815,0,0.3440
510050.SH,20170228,2.37000000,3.21300000,3.46644815,0,0.3440
510050.SH,20170301,2.37100000,3.21400000,3.46791079,0,0.3440
510050.SH,20170302,2.35500000,3.19500000,3.44450860,0,0.3440
510050.SH,20170303,2.34700000,3.18600000,3.43280751,0,0.3440
510050.SH,20170306,2.35000000,3.18900000,3.43719542,0,0.3440
510050.SH,20170307,2.35600000,3.19600000,3.44597124,0,0.3440
510050.SH,20170308,2.35800000,3.19900000,3.44889651,0,0.3440
510050.SH,20170309,2.34600000,3.18500000,3.43134488,0,0.3440
510050.SH,20170310,2.33900000,3.17600000,3.42110642,0,0.3440
510050.SH,20170313,2.35400000,3.19400000,3.44304597,0,0.3440
510050.SH,20170314,2.35400000,3.19400000,3.44304597,0,0.3440
510050.SH,20170315,2.35700000,3.19800000,3.44743388,0,0.3440
510050.SH,20170316,2.36800000,3.21100000,3.46352288,0,0.3440
510050.SH,20170317,2.34600000,3.18500000,3.43134488,0,0.3440
510050.SH,20170320,2.34900000,3.18800000,3.43573279,0,0.3440
510050.SH,20170321,2.35600000,3.19600000,3.44597124,0,0.3440
510050.SH,20170322,2.33700000,3.17400000,3.41818115,0,0.3440
510050.SH,20170323,2.34600000,3.18500000,3.43134488,0,0.3440
510050.SH,20170324,2.36400000,3.20600000,3.45767233,0,0.3440
510050.SH,20170327,2.36300000,3.20500000,3.45620970,0,0.3440
510050.SH,20170328,2.35500000,3.19500000,3.44450860,0,0.3440
510050.SH,20170329,2.35200000,3.19200000,3.44012070,0,0.3440
510050.SH,20170330,2.34600000,3.18500000,3.43134488,0,0.3440
510050.SH,20170331,2.35900000,3.20000000,3.45035915,0,0.3440
510050.SH,20170405,2.38300000,3.22800000,3.48546242,0,0.3440
510050.SH,20170406,2.38900000,3.23500000,3.49423824,0,0.3440
510050.SH,20170407,2.38700000,3.23300000,3.49131297,0,0.3440
510050.SH,20170410,2.37800000,3.22200000,3.47814924,0,0.3440
510050.SH,20170411,2.38100000,3.22600000,3.48253715,0,0.3440
510050.SH,20170412,2.37700000,3.22100000,3.47668660,0,0.3440
510050.SH,20170413,2.36700000,3.20900000,3.46206024,0,0.3440
510050.SH,20170414,2.35400000,3.19400000,3.44304597,0,0.3440
510050.SH,20170417,2.35600000,3.19600000,3.44597124,0,0.3440
510050.SH,20170418,2.33600000,3.17300000,3.41671851,0,0.3440
510050.SH,20170419,2.32400000,3.15800000,3.39916688,0,0.3440
510050.SH,20170420,2.33400000,3.17000000,3.41379324,0,0.3440
510050.SH,20170421,2.34600000,3.18500000,3.43134488,0,0.3440
510050.SH,20170424,2.34000000,3.17700000,3.42256906,0,0.3440
510050.SH,20170425,2.34300000,3.18100000,3.42695697,0,0.3440
510050.SH,20170426,2.34300000,3.18100000,3.42695697,0,0.3440
510050.SH,20170427,2.35000000,3.18900000,3.43719542,0,0.3440
510050.SH,20170428,2.34500000,3.18300000,3.42988224,0,0.3440
510050.SH,20170502,2.33500000,3.17200000,3.41525588,0,0.3440
510050.SH,20170503,2.32800000,3.16300000,3.40501742,0,0.3440
510050.SH,20170504,2.32400000,3.15800000,3.39916688,0,0.3440
510050.SH,20170505,2.31900000,3.15300000,3.39185370,0,0.3440
510050.SH,20170508,2.32500000,3.16000000,3.40062951,0,0.3440
510050.SH,20170509,2.31600000,3.14900000,3.38746579,0,0.3440
510050.SH,20170510,2.32300000,3.15700000,3.39770424,0,0.3440
510050.SH,20170511,2.33800000,3.17500000,3.41964379,0,0.3440
510050.SH,20170512,2.37300000,3.21600000,3.47083606,0,0.3440
510050.SH,20170515,2.37900000,3.22400000,3.47961188,0,0.3440
510050.SH,20170516,2.37900000,3.22400000,3.47961188,0,0.3440
510050.SH,20170517,2.36100000,3.20200000,3.45328442,0,0.3440
510050.SH,20170518,2.35200000,3.19200000,3.44012070,0,0.3440
510050.SH,20170519,2.35900000,3.20000000,3.45035915,0,0.3440
510050.SH,20170522,2.37900000,3.22400000,3.47961188,0,0.3440
510050.SH,20170523,2.40900000,3.25900000,3.52349097,0,0.3440
510050.SH,20170524,2.40400000,3.25300000,3.51617779,0,0.3440
510050.SH,20170525,2.47100000,3.33300000,3.61417442,0,0.3440
510050.SH,20170526,2.46800000,3.32900000,3.60978651,0,0.3440
510050.SH,20170531,2.47600000,3.33800000,3.62148760,0,0.3440
510050.SH,20170601,2.49300000,3.35900000,3.64635242,0,0.3440
510050.SH,20170602,2.47200000,3.33400000,3.61563706,0,0.3440
510050.SH,20170605,2.44700000,3.30400000,3.57907115,0,0.3440
510050.SH,20170606,2.46300000,3.32300000,3.60247333,0,0.3440
510050.SH,20170607,2.48000000,3.34300000,3.62733815,0,0.3440
510050.SH,20170608,2.50300000,3.37000000,3.66097878,0,0.3440
510050.SH,20170609,2.51600000,3.38600000,3.67999306,0,0.3440
510050.SH,20170612,2.51800000,3.38800000,3.68291833,0,0.3440
510050.SH,20170613,2.51200000,3.38100000,3.67414251,0,0.3440
510050.SH,20170614,2.48400000,3.34800000,3.63318869,0,0.3440
510050.SH,20170615,2.46800000,3.32900000,3.60978651,0,0.3440
510050.SH,20170616,2.46400000,3.32400000,3.60393597,0,0.3440
510050.SH,20170619,2.49600000,3.36200000,3.65074033,0,0.3440
510050.SH,20170620,2.48600000,3.35000000,3.63611397,0,0.3440
510050.SH,20170621,2.50900000,3.37700000,3.66975460,0,0.3440
510050.SH,20170622,2.52900000,3.40100000,3.69900733,0,0.3440
510050.SH,20170623,2.54100000,3.41500000,3.71655897,0,0.3440
510050.SH,20170626,2.55500000,3.43200000,3.73703587,0,0.3440
510050.SH,20170627,2.56700000,3.44600000,3.75458751,0,0.3440
510050.SH,20170628,2.55000000,3.42600000,3.72972269,0,0.3440
510050.SH,20170629,2.56600000,3.44500000,3.75312487,0,0.3440
510050.SH,20170630,2.56300000,3.44100000,3.74873697,0,0.3440
510050.SH,20170703,2.54800000,3.42400000,3.72679742,0,0.3440
510050.SH,20170704,2.52400000,3.39500000,3.69169415,0,0.3440
510050.SH,20170705,2.56200000,3.44000000,3.74727433,0,0.3440
510050.SH,20170706,2.57100000,3.45100000,3.76043806,0,0.3440
510050.SH,20170707,2.56700000,3.44600000,3.75458751,0,0.3440
510050.SH,20170710,2.57700000,3.45800000,3.76921387,0,0.3440
510050.SH,20170711,2.60400000,3.49000000,3.80870506,0,0.3440
510050.SH,20170712,2.60000000,3.48500000,3.80285451,0,0.3440
510050.SH,20170713,2.64000000,3.53300000,3.86135996,0,0.3440
510050.SH,20170714,2.66400000,3.56100000,3.89646324,0,0.3440
510050.SH,20170717,2.67300000,3.57200000,3.90962696,0,0.3440
510050.SH,20170718,2.66600000,3.56300000,3.89938851,0,0.3440
510050.SH,20170719,2.70100000,3.60500000,3.95058078,0,0.3440
510050.SH,20170720,2.70900000,3.61400000,3.96228187,0,0.3440
510050.SH,20170721,2.68300000,3.58300000,3.92425333,0,0.3440
510050.SH,20170724,2.69900000,3.60200000,3.94765551,0,0.3440
510050.SH,20170725,2.68700000,3.58800000,3.93010387,0,0.3440
510050.SH,20170726,2.68000000,3.58000000,3.91986542,0,0.3440
510050.SH,20170727,2.68200000,3.58200000,3.92279069,0,0.3440
510050.SH,20170728,2.68200000,3.58200000,3.92279069,0,0.3440
510050.SH,20170731,2.68300000,3.58300000,3.92425333,0,0.3440
510050.SH,20170801,2.72800000,3.63700000,3.99007196,0,0.3440
510050.SH,20170802,2.72800000,3.63700000,3.99007196,0,0.3440
510050.SH,20170803,2.69300000,3.59500000,3.93887969,0,0.3440
510050.SH,20170804,2.67500000,3.57400000,3.91255224,0,0.3440
510050.SH,20170807,2.68100000,3.58100000,3.92132805,0,0.3440
510050.SH,20170808,2.68300000,3.58300000,3.92425333,0,0.3440
510050.SH,20170809,2.66800000,3.56600000,3.90231378,0,0.3440
510050.SH,20170810,2.65900000,3.55500000,3.88915005,0,0.3440
510050.SH,20170811,2.61800000,3.50700000,3.82918196,0,0.3440
510050.SH,20170814,2.64000000,3.53300000,3.86135996,0,0.3440
510050.SH,20170815,2.65400000,3.54900000,3.88183687,0,0.3440
510050.SH,20170816,2.64300000,3.53600000,3.86574787,0,0.3440
510050.SH,20170817,2.65200000,3.54700000,3.87891160,0,0.3440
510050.SH,20170818,2.66300000,3.56000000,3.89500060,0,0.3440
510050.SH,20170821,2.66600000,3.56300000,3.89938851,0,0.3440
510050.SH,20170822,2.69300000,3.59500000,3.93887969,0,0.3440
510050.SH,20170823,2.71000000,3.61500000,3.96374451,0,0.3440
510050.SH,20170824,2.69600000,3.59900000,3.94326760,0,0.3440
510050.SH,20170825,2.75700000,3.67100000,4.03248842,0,0.3440
510050.SH,20170828,2.78800000,3.70800000,4.07783014,0,0.3440
510050.SH,20170829,2.79000000,3.71000000,4.08075542,0,0.3440
510050.SH,20170830,2.77900000,3.69700000,4.06466642,0,0.3440
510050.SH,20170831,2.76500000,3.68100000,4.04418951,0,0.3440
510050.SH,20170901,2.76100000,3.67600000,4.03833896,0,0.3440
510050.SH,20170904,2.76500000,3.68100000,4.04418951,0,0.3440
510050.SH,20170905,2.78300000,3.70200000,4.07051696,0,0.3440
510050.SH,20170906,2.76800000,3.68400000,4.04857742,0,0.3440
510050.SH,20170907,2.74500000,3.65700000,4.01493678,0,0.3440
510050.SH,20170908,2.73900000,3.65000000,4.00616096,0,0.3440
510050.SH,20170911,2.72700000,3.63600000,3.98860933,0,0.3440
510050.SH,20170912,2.74500000,3.65700000,4.01493678,0,0.3440
510050.SH,20170913,2.74000000,3.65100000,4.00762360,0,0.3440
510050.SH,20170914,2.72500000,3.63300000,3.98568405,0,0.3440
510050.SH,20170915,2.72100000,3.62800000,3.97983351,0,0.3440
510050.SH,20170918,2.72600000,3.63400000,3.98714669,0,0.3440
510050.SH,20170919,2.72300000,3.63100000,3.98275878,0,0.3440
510050.SH,20170920,2.71500000,3.62100000,3.97105769,0,0.3440
510050.SH,20170921,2.72800000,3.63700000,3.99007196,0,0.3440
510050.SH,20170922,2.73200000,3.64100000,3.99592251,0,0.3440
510050.SH,20170925,2.73300000,3.64300000,3.99738514,0,0.3440
510050.SH,20170926,2.73300000,3.64300000,3.99738514,0,0.3440
510050.SH,20170927,2.71500000,3.62100000,3.97105769,0,0.3440
510050.SH,20170928,2.71500000,3.62100000,3.97105769,0,0.3440
510050.SH,20170929,2.72600000,3.63400000,3.98714669,0,0.3440
510050.SH,20170930,2.72600000,3.63400000,3.98714669,0,0.3440
510050.SH,20171009,2.74600000,3.65800000,4.01639942,0,0.3440
510050.SH,20171010,2.75000000,3.66300000,4.02224996,0,0.3440
510050.SH,20171011,2.76200000,3.67700000,4.03980160,0,0.3440
510050.SH,20171012,2.77300000,3.69000000,4.05589060,0,0.3440
510050.SH,20171013,2.76800000,3.68400000,4.04857742,0,0.3440
510050.SH,20171016,2.78100000,3.70000000,4.06759169,0,0.3440
510050.SH,20171017,2.77800000,3.69600000,4.06320378,0,0.3440
510050.SH,20171018,2.80800000,3.73100000,4.10708287,0,0.3440
510050.SH,20171019,2.81100000,3.73500000,4.11147078,0,0.3440
510050.SH,20171020,2.79200000,3.71300000,4.08368069,0,0.3440
510050.SH,20171023,2.78900000,3.70900000,4.07929278,0,0.3440
510050.SH,20171024,2.80800000,3.73100000,4.10708287,0,0.3440
510050.SH,20171025,2.80700000,3.73000000,4.10562023,0,0.3440
510050.SH,20171026,2.82600000,3.75300000,4.13341033,0,0.3440
510050.SH,20171027,2.87000000,3.80500000,4.19776632,0,0.3440
510050.SH,20171030,2.86500000,3.79900000,4.19045314,0,0.3440
510050.SH,20171031,2.84900000,3.78000000,4.16705096,0,0.3440
510050.SH,20171101,2.84400000,3.77400000,4.15973778,0,0.3440
510050.SH,20171102,2.84900000,3.78000000,4.16705096,0,0.3440
510050.SH,20171103,2.85600000,3.78800000,4.17728942,0,0.3440
510050.SH,20171106,2.84700000,3.77800000,4.16412569,0,0.3440
510050.SH,20171107,2.87700000,3.81300000,4.20800478,0,0.3440
510050.SH,20171108,2.87500000,3.81100000,4.20507951,0,0.3440
510050.SH,20171109,2.88800000,3.82600000,4.22409378,0,0.3440
510050.SH,20171110,2.91800000,3.86200000,4.26797287,0,0.3440
510050.SH,20171113,2.92900000,3.87500000,4.28406187,0,0.3440
510050.SH,20171114,2.91700000,3.86100000,4.26651023,0,0.3440
510050.SH,20171115,2.90500000,3.84600000,4.24895860,0,0.3440
510050.SH,20171116,2.93500000,3.88200000,4.29283769,0,0.3440
510050.SH,20171117,2.99600000,3.95400000,4.38205850,0,0.3440
510050.SH,20171120,2.99800000,3.95600000,4.38498378,0,0.3440
510050.SH,20171121,3.04500000,4.01200000,4.45372769,0,0.3440
510050.SH,20171122,3.07000000,4.04200000,4.49029359,0,0.3440
510050.SH,20171123,2.99700000,3.95500000,4.38352114,0,0.3440
510050.SH,20171124,2.99300000,3.95000000,4.37767060,0,0.3440
510050.SH,20171127,2.97300000,3.92700000,4.34841787,0,0.3440
510050.SH,20171128,2.89900000,3.90300000,4.31862398,1,0.3980
510050.SH,20171129,2.89400000,3.89700000,4.31117551,0,0.3980
510050.SH,20171130,2.86500000,3.86300000,4.26797437,0,0.3980
510050.SH,20171201,2.84300000,3.83700000,4.23520109,0,0.3980
510050.SH,20171204,2.86200000,3.85900000,4.26350529,0,0.3980
510050.SH,20171205,2.91100000,3.91700000,4.33650031,0,0.3980
510050.SH,20171206,2.87500000,3.87500000,4.28287131,0,0.3980
510050.SH,20171207,2.84800000,3.84300000,4.24264957,0,0.3980
510050.SH,20171208,2.86600000,3.86400000,4.26946406,0,0.3980
510050.SH,20171211,2.89900000,3.90300000,4.31862398,0,0.3980
510050.SH,20171212,2.85000000,3.84500000,4.24562895,0,0.3980
510050.SH,20171213,2.87200000,3.87100000,4.27840223,0,0.3980
510050.SH,20171214,2.84900000,3.84400000,4.24413926,0,0.3980
510050.SH,20171215,2.82000000,3.81000000,4.20093812,0,0.3980
510050.SH,20171218,2.82800000,3.81900000,4.21285568,0,0.3980
510050.SH,20171219,2.87200000,3.87100000,4.27840223,0,0.3980
510050.SH,20171220,2.87900000,3.87900000,4.28883009,0,0.3980
510050.SH,20171221,2.89400000,3.89700000,4.31117551,0,0.3980
510050.SH,20171222,2.88000000,3.88100000,4.29031979,0,0.3980
510050.SH,20171225,2.87900000,3.87900000,4.28883009,0,0.3980
510050.SH,20171226,2.89300000,3.89600000,4.30968581,0,0.3980
510050.SH,20171227,2.83800000,3.83100000,4.22775262,0,0.3980
510050.SH,20171228,2.85800000,3.85500000,4.25754651,0,0.3980
510050.SH,20171229,2.85900000,3.85600000,4.25903620,0,0.3980
510050.SH,20171231,2.85900000,3.85600000,4.25903620,0,0.3980
510050.SH,20180102,2.90700000,3.91300000,4.33054153,0,0.3980
510050.SH,20180103,2.91200000,3.91900000,4.33799001,0,0.3980
510050.SH,20180104,2.91800000,3.92600000,4.34692817,0,0.3980
510050.SH,20180105,2.93100000,3.94100000,4.36629420,0,0.3980
510050.SH,20180108,2.94600000,3.95900000,4.38863961,0,0.3980
510050.SH,20180109,2.96700000,3.98400000,4.41992320,0,0.3980
510050.SH,20180110,2.99400000,4.01600000,4.46014494,0,0.3980
510050.SH,20180111,2.99500000,4.01700000,4.46163464,0,0.3980
510050.SH,20180112,3.01600000,4.04200000,4.49291822,0,0.3980
510050.SH,20180115,3.04600000,4.07700000,4.53760905,0,0.3980
510050.SH,20180116,3.06100000,4.09500000,4.55995447,0,0.3980
510050.SH,20180117,3.07400000,4.11000000,4.57932049,0,0.3980
510050.SH,20180118,3.10400000,4.14600000,4.62401132,0,0.3980
510050.SH,20180119,3.11500000,4.15900000,4.64039796,0,0.3980
510050.SH,20180122,3.12700000,4.17300000,4.65827429,0,0.3980
510050.SH,20180123,3.17300000,4.22700000,4.72680024,0,0.3980
510050.SH,20180124,3.17700000,4.23200000,4.73275901,0,0.3980
510050.SH,20180125,3.15400000,4.20500000,4.69849604,0,0.3980
510050.SH,20180126,3.17100000,4.22500000,4.72382085,0,0.3980
510050.SH,20180129,3.11800000,4.16200000,4.64486705,0,0.3980
510050.SH,20180130,3.07700000,4.11400000,4.58378958,0,0.3980
510050.SH,20180131,3.11500000,4.15900000,4.64039796,0,0.3980
510050.SH,20180201,3.13900000,4.18700000,4.67615063,0,0.3980
510050.SH,20180202,3.14700000,4.19700000,4.68806818,0,0.3980
510050.SH,20180205,3.17900000,4.23500000,4.73573840,0,0.3980
510050.SH,20180206,3.11500000,4.15900000,4.64039796,0,0.3980
510050.SH,20180207,3.02700000,4.05500000,4.50930486,0,0.3980
510050.SH,20180208,2.94300000,3.95500000,4.38417053,0,0.3980
510050.SH,20180209,2.80800000,3.79500000,4.18306179,0,0.3980
510050.SH,20180212,2.80200000,3.78800000,4.17412362,0,0.3980
510050.SH,20180213,2.85000000,3.84500000,4.24562895,0,0.3980
510050.SH,20180214,2.86800000,3.86600000,4.27244345,0,0.3980
510050.SH,20180222,2.92800000,3.93700000,4.36182512,0,0.3980
510050.SH,20180223,2.95300000,3.96700000,4.39906747,0,0.3980
510050.SH,20180226,2.97000000,3.98700000,4.42439228,0,0.3980
510050.SH,20180227,2.92300000,3.93200000,4.35437664,0,0.3980
510050.SH,20180228,2.87500000,3.87500000,4.28287131,0,0.3980
510050.SH,20180301,2.88700000,3.88900000,4.30074765,0,0.3980
510050.SH,20180302,2.86000000,3.85700000,4.26052590,0,0.3980
510050.SH,20180305,2.86000000,3.85700000,4.26052590,0,0.3980
510050.SH,20180306,2.88800000,3.89000000,4.30223734,0,0.3980
510050.SH,20180307,2.87400000,3.87400000,4.28138162,0,0.3980
510050.SH,20180308,2.89400000,3.89700000,4.31117551,0,0.3980
510050.SH,20180309,2.90400000,3.90900000,4.32607245,0,0.3980
510050.SH,20180312,2.90500000,3.91000000,4.32756214,0,0.3980
510050.SH,20180313,2.87900000,3.87900000,4.28883009,0,0.3980
510050.SH,20180314,2.86700000,3.86500000,4.27095376,0,0.3980
510050.SH,20180315,2.89000000,3.89200000,4.30521673,0,0.3980
510050.SH,20180316,2.86600000,3.86400000,4.26946406,0,0.3980
510050.SH,20180319,2.89200000,3.89500000,4.30819612,0,0.3980
510050.SH,20180320,2.89900000,3.90300000,4.31862398,0,0.3980
510050.SH,20180321,2.88900000,3.89100000,4.30372703,0,0.3980
510050.SH,20180322,2.86100000,3.85800000,4.26201559,0,0.3980
510050.SH,20180323,2.78600000,3.76900000,4.15028851,0,0.3980
510050.SH,20180326,2.73400000,3.70800000,4.07282441,0,0.3980
510050.SH,20180327,2.74200000,3.71700000,4.08474196,0,0.3980
510050.SH,20180328,2.69000000,3.65600000,4.00727786,0,0.3980
510050.SH,20180329,2.73300000,3.70700000,4.07133471,0,0.3980
510050.SH,20180330,2.71700000,3.68800000,4.04749960,0,0.3980
510050.SH,20180331,2.71700000,3.68800000,4.04749960,0,0.3980
510050.SH,20180402,2.70600000,3.67500000,4.03111297,0,0.3980
510050.SH,20180403,2.69200000,3.65800000,4.01025724,0,0.3980
510050.SH,20180404,2.69700000,3.66400000,4.01770572,0,0.3980
510050.SH,20180409,2.71000000,3.67900000,4.03707174,0,0.3980
510050.SH,20180410,2.77500000,3.75600000,4.13390188,0,0.3980
510050.SH,20180411,2.77900000,3.76100000,4.13986065,0,0.3980
510050.SH,20180412,2.74400000,3.72000000,4.08772135,0,0.3980
510050.SH,20180413,2.72000000,3.69100000,4.05196869,0,0.3980
510050.SH,20180416,2.65900000,3.61900000,3.96109733,0,0.3980
510050.SH,20180417,2.63000000,3.58500000,3.91789619,0,0.3980
510050.SH,20180418,2.64800000,3.60600000,3.94471069,0,0.3980
510050.SH,20180419,2.67600000,3.63900000,3.98642213,0,0.3980
510050.SH,20180420,2.64100000,3.59800000,3.93428283,0,0.3980
510050.SH,20180423,2.65900000,3.61900000,3.96109733,0,0.3980
510050.SH,20180424,2.71600000,3.68600000,4.04600991,0,0.3980
510050.SH,20180425,2.69600000,3.66300000,4.01621602,0,0.3980
510050.SH,20180426,2.66000000,3.62000000,3.96258702,0,0.3980
510050.SH,20180427,2.64700000,3.60500000,3.94322100,0,0.3980
510050.SH,20180502,2.64600000,3.60400000,3.94173130,0,0.3980
510050.SH,20180503,2.65700000,3.61700000,3.95811794,0,0.3980
510050.SH,20180504,2.64000000,3.59700000,3.93279314,0,0.3980
510050.SH,20180507,2.67700000,3.64000000,3.98791183,0,0.3980
510050.SH,20180508,2.71600000,3.68600000,4.04600991,0,0.3980
510050.SH,20180509,2.71000000,3.67900000,4.03707174,0,0.3980
510050.SH,20180510,2.72200000,3.69400000,4.05494808,0,0.3980
510050.SH,20180511,2.71700000,3.68800000,4.04749960,0,0.3980
510050.SH,20180514,2.74600000,3.72200000,4.09070074,0,0.3980
510050.SH,20180515,2.74300000,3.71800000,4.08623166,0,0.3980
510050.SH,20180516,2.70900000,3.67800000,4.03558205,0,0.3980
510050.SH,20180517,2.69400000,3.66000000,4.01323663,0,0.3980
510050.SH,20180518,2.73300000,3.70700000,4.07133471,0,0.3980
510050.SH,20180521,2.73800000,3.71300000,4.07878319,0,0.3980
510050.SH,20180522,2.72000000,3.69100000,4.05196869,0,0.3980
510050.SH,20180523,2.67600000,3.63900000,3.98642213,0,0.3980
510050.SH,20180524,2.65800000,3.61800000,3.95960764,0,0.3980
510050.SH,20180525,2.65800000,3.61800000,3.95960764,0,0.3980
510050.SH,20180528,2.67000000,3.63200000,3.97748397,0,0.3980
510050.SH,20180529,2.66000000,3.62000000,3.96258702,0,0.3980
510050.SH,20180530,2.60300000,3.55300000,3.87767445,0,0.3980
510050.SH,20180531,2.65500000,3.61400000,3.95513855,0,0.3980
510050.SH,20180601,2.64300000,3.60000000,3.93726222,0,0.3980
510050.SH,20180604,2.68800000,3.65300000,4.00429847,0,0.3980
510050.SH,20180605,2.70200000,3.67000000,4.02515419,0,0.3980
510050.SH,20180606,2.68700000,3.65200000,4.00280877,0,0.3980
510050.SH,20180607,2.69700000,3.66400000,4.01770572,0,0.3980
510050.SH,20180608,2.65900000,3.61900000,3.96109733,0,0.3980
510050.SH,20180611,2.66500000,3.62600000,3.97003550,0,0.3980
510050.SH,20180612,2.69300000,3.65900000,4.01174694,0,0.3980
510050.SH,20180613,2.67700000,3.64000000,3.98791183,0,0.3980
510050.SH,20180614,2.67700000,3.64000000,3.98791183,0,0.3980
510050.SH,20180615,2.68300000,3.64700000,3.99684999,0,0.3980
510050.SH,20180619,2.61500000,3.56700000,3.89555078,0,0.3980
510050.SH,20180620,2.61500000,3.56700000,3.89555078,0,0.3980
510050.SH,20180621,2.59600000,3.54400000,3.86724658,0,0.3980
510050.SH,20180622,2.60100000,3.55000000,3.87469506,0,0.3980
510050.SH,20180625,2.55400000,3.49500000,3.80467942,0,0.3980
510050.SH,20180626,2.52400000,3.45900000,3.75998859,0,0.3980
510050.SH,20180627,2.47000000,3.39500000,3.67954509,0,0.3980
510050.SH,20180628,2.44400000,3.36400000,3.64081304,0,0.3980
510050.SH,20180629,2.50100000,3.43200000,3.72572562,0,0.3980
510050.SH,20180630,2.50100000,3.43200000,3.72572562,0,0.3980
510050.SH,20180702,2.40900000,3.32300000,3.58867374,0,0.3980
510050.SH,20180703,2.41100000,3.32500000,3.59165313,0,0.3980
510050.SH,20180704,2.39100000,3.30200000,3.56185924,0,0.3980
510050.SH,20180705,2.39800000,3.31000000,3.57228710,0,0.3980
510050.SH,20180706,2.42600000,3.34300000,3.61399854,0,0.3980
510050.SH,20180709,2.49600000,3.42600000,3.71827715,0,0.3980
510050.SH,20180710,2.49600000,3.42600000,3.71827715,0,0.3980
510050.SH,20180711,2.45700000,3.38000000,3.66017907,0,0.3980
510050.SH,20180712,2.50700000,3.43900000,3.73466379,0,0.3980
510050.SH,20180713,2.51500000,3.44900000,3.74658134,0,0.3980
510050.SH,20180716,2.49100000,3.42000000,3.71082868,0,0.3980
510050.SH,20180717,2.47800000,3.40500000,3.69146265,0,0.3980
510050.SH,20180718,2.46900000,3.39400000,3.67805540,0,0.3980
510050.SH,20180719,2.47400000,3.40000000,3.68550387,0,0.3980
510050.SH,20180720,2.54300000,3.48200000,3.78829278,0,0.3980
510050.SH,20180723,2.57500000,3.52000000,3.83596300,0,0.3980
510050.SH,20180724,2.61200000,3.56300000,3.89108169,0,0.3980
510050.SH,20180725,2.61200000,3.56300000,3.89108169,0,0.3980
510050.SH,20180726,2.57900000,3.52400000,3.84192178,0,0.3980
510050.SH,20180727,2.57400000,3.51800000,3.83447331,0,0.3980
510050.SH,20180730,2.59100000,3.53900000,3.85979811,0,0.3980
510050.SH,20180731,2.59400000,3.54200000,3.86426720,0,0.3980
510050.SH,20180801,2.53900000,3.47700000,3.78233401,0,0.3980
510050.SH,20180802,2.48800000,3.41700000,3.70635959,0,0.3980
510050.SH,20180803,2.46100000,3.38500000,3.66613784,0,0.3980
510050.SH,20180806,2.45300000,3.37500000,3.65422029,0,0.3980
510050.SH,20180807,2.52700000,3.46300000,3.76445767,0,0.3980
510050.SH,20180808,2.49500000,3.42500000,3.71678745,0,0.3980
510050.SH,20180809,2.55400000,3.49500000,3.80467942,0,0.3980
510050.SH,20180810,2.55300000,3.49400000,3.80318973,0,0.3980
510050.SH,20180813,2.52800000,3.46400000,3.76594737,0,0.3980
510050.SH,20180814,2.51800000,3.45200000,3.75105042,0,0.3980
510050.SH,20180815,2.45700000,3.38000000,3.66017907,0,0.3980
510050.SH,20180816,2.45300000,3.37500000,3.65422029,0,0.3980
510050.SH,20180817,2.42200000,3.33800000,3.60803976,0,0.3980
510050.SH,20180820,2.45700000,3.38000000,3.66017907,0,0.3980
510050.SH,20180821,2.50100000,3.43200000,3.72572562,0,0.3980
510050.SH,20180822,2.49900000,3.43000000,3.72274623,0,0.3980
510050.SH,20180823,2.51000000,3.44300000,3.73913287,0,0.3980
510050.SH,20180824,2.52200000,3.45700000,3.75700920,0,0.3980
510050.SH,20180827,2.57300000,3.51700000,3.83298361,0,0.3980
510050.SH,20180828,2.56200000,3.50400000,3.81659698,0,0.3980
510050.SH,20180829,2.55400000,3.49500000,3.80467942,0,0.3980
510050.SH,20180830,2.52900000,3.46500000,3.76743706,0,0.3980
510050.SH,20180831,2.52400000,3.45900000,3.75998859,0,0.3980
510050.SH,20180903,2.51500000,3.44900000,3.74658134,0,0.3980
510050.SH,20180904,2.55000000,3.49000000,3.79872064,0,0.3980
510050.SH,20180905,2.49000000,3.41900000,3.70933898,0,0.3980
510050.SH,20180906,2.46800000,3.39300000,3.67656571,0,0.3980
510050.SH,20180907,2.49000000,3.41900000,3.70933898,0,0.3980
510050.SH,20180910,2.46500000,3.38900000,3.67209662,0,0.3980
510050.SH,20180911,2.45000000,3.37200000,3.64975121,0,0.3980
510050.SH,20180912,2.43300000,3.35100000,3.62442640,0,0.3980
510050.SH,20180913,2.46800000,3.39300000,3.67656571,0,0.3980
510050.SH,20180914,2.47800000,3.40500000,3.69146265,0,0.3980
510050.SH,20180917,2.45200000,3.37400000,3.65273060,0,0.3980
510050.SH,20180918,2.51200000,3.44500000,3.74211226,0,0.3980
510050.SH,20180919,2.54100000,3.47900000,3.78531339,0,0.3980
510050.SH,20180920,2.54100000,3.47900000,3.78531339,0,0.3980
510050.SH,20180921,2.62900000,3.58300000,3.91640650,0,0.3980
510050.SH,20180925,2.60200000,3.55200000,3.87618475,0,0.3980
510050.SH,20180926,2.63800000,3.59400000,3.92981375,0,0.3980
510050.SH,20180927,2.63000000,3.58500000,3.91789619,0,0.3980
510050.SH,20180928,2.66200000,3.62300000,3.96556641,0,0.3980
510050.SH,20180930,2.66200000,3.62300000,3.96556641,0,0.3980
510050.SH,20181008,2.53900000,3.47700000,3.78233401,0,0.3980
510050.SH,20181009,2.54400000,3.48300000,3.78978248,0,0.3980
510050.SH,20181010,2.54700000,3.48600000,3.79425156,0,0.3980
510050.SH,20181011,2.44100000,3.36100000,3.63634396,0,0.3980
510050.SH,20181012,2.49600000,3.42600000,3.71827715,0,0.3980
510050.SH,20181015,2.46400000,3.38800000,3.67060693,0,0.3980
510050.SH,20181016,2.46700000,3.39200000,3.67507601,0,0.3980
510050.SH,20181017,2.48000000,3.40700000,3.69444204,0,0.3980
510050.SH,20181018,2.41900000,3.33500000,3.60357068,0,0.3980
510050.SH,20181019,2.49800000,3.42800000,3.72125654,0,0.3980
510050.SH,20181022,2.59300000,3.54100000,3.86277750,0,0.3980
510050.SH,20181023,2.51600000,3.45000000,3.74807103,0,0.3980
510050.SH,20181024,2.52800000,3.46400000,3.76594737,0,0.3980
510050.SH,20181025,2.53600000,3.47300000,3.77786492,0,0.3980
510050.SH,20181026,2.51900000,3.45300000,3.75254012,0,0.3980
510050.SH,20181029,2.43800000,3.35700000,3.63187487,0,0.3980
510050.SH,20181030,2.46400000,3.38800000,3.67060693,0,0.3980
510050.SH,20181031,2.50100000,3.43200000,3.72572562,0,0.3980
510050.SH,20181101,2.51000000,3.44300000,3.73913287,0,0.3980
510050.SH,20181102,2.59300000,3.54100000,3.86277750,0,0.3980
510050.SH,20181105,2.56100000,3.50300000,3.81510728,0,0.3980
510050.SH,20181106,2.54900000,3.48900000,3.79723095,0,0.3980
510050.SH,20181107,2.53200000,3.46900000,3.77190614,0,0.3980
510050.SH,20181108,2.53500000,3.47200000,3.77637523,0,0.3980
510050.SH,20181109,2.48300000,3.41100000,3.69891112,0,0.3980
510050.SH,20181112,2.49400000,3.42400000,3.71529776,0,0.3980
510050.SH,20181113,2.51200000,3.44500000,3.74211226,0,0.3980
510050.SH,20181114,2.47800000,3.40500000,3.69146265,0,0.3980
510050.SH,20181115,2.50800000,3.44000000,3.73615348,0,0.3980
510050.SH,20181116,2.51100000,3.44400000,3.74062256,0,0.3980
510050.SH,20181119,2.54100000,3.47900000,3.78531339,0,0.3980
510050.SH,20181120,2.49500000,3.42500000,3.71678745,0,0.3980
510050.SH,20181121,2.50000000,3.43100000,3.72423593,0,0.3980
510050.SH,20181122,2.48600000,3.41400000,3.70338020,0,0.3980
510050.SH,20181123,2.44700000,3.36800000,3.64528212,0,0.3980
510050.SH,20181126,2.44900000,3.37000000,3.64826151,0,0.3980
510050.SH,20181127,2.44100000,3.36100000,3.63634396,0,0.3980
510050.SH,20181128,2.46900000,3.39400000,3.67805540,0,0.3980
510050.SH,20181129,2.44900000,3.37000000,3.64826151,0,0.3980
510050.SH,20181130,2.47500000,3.40100000,3.68699357,0,0.3980
510050.SH,20181203,2.48600000,3.47200000,3.77818054,1,0.4470
510050.SH,20181204,2.49400000,3.48200000,3.79033880,0,0.4470
510050.SH,20181205,2.47900000,3.46400000,3.76754206,0,0.4470
510050.SH,20181206,2.43200000,3.40800000,3.69611226,0,0.4470
510050.SH,20181207,2.42800000,3.40400000,3.69003312,0,0.4470
510050.SH,20181210,2.40600000,3.37700000,3.65659790,0,0.4470
510050.SH,20181211,2.41300000,3.38600000,3.66723638,0,0.4470
510050.SH,20181212,2.42100000,3.39500000,3.67939464,0,0.4470
510050.SH,20181213,2.45500000,3.43600000,3.73106727,0,0.4470
510050.SH,20181214,2.42000000,3.39400000,3.67787486,0,0.4470
510050.SH,20181217,2.42200000,3.39600000,3.68091443,0,0.4470
510050.SH,20181218,2.39400000,3.36300000,3.63836050,0,0.4470
510050.SH,20181219,2.36600000,3.33000000,3.59580658,0,0.4470
510050.SH,20181220,2.33100000,3.28900000,3.54261417,0,0.4470
510050.SH,20181221,2.30300000,3.25600000,3.50006025,0,0.4470
510050.SH,20181224,2.30600000,3.25900000,3.50461960,0,0.4470
510050.SH,20181225,2.29400000,3.24500000,3.48638220,0,0.4470
510050.SH,20181226,2.27800000,3.22600000,3.46206567,0,0.4470
510050.SH,20181227,2.27200000,3.21900000,3.45294698,0,0.4470
510050.SH,20181228,2.28900000,3.23900000,3.47878329,0,0.4470
510050.SH,20181231,2.28900000,3.23900000,3.47878329,0,0.4470
510050.SH,20190102,2.25900000,3.20300000,3.43318980,0,0.4470
510050.SH,20190103,2.26500000,3.21100000,3.44230850,0,0.4470
510050.SH,20190104,2.31000000,3.26400000,3.51069873,0,0.4470
510050.SH,20190107,2.30900000,3.26300000,3.50917895,0,0.4470
510050.SH,20190108,2.30000000,3.25200000,3.49550090,0,0.4470
510050.SH,20190109,2.32800000,3.28500000,3.53805482,0,0.4470
510050.SH,20190110,2.32700000,3.28400000,3.53653504,0,0.4470
510050.SH,20190111,2.34900000,3.31000000,3.56997027,0,0.4470
510050.SH,20190114,2.32600000,3.28300000,3.53501526,0,0.4470
510050.SH,20190115,2.37300000,3.33800000,3.60644506,0,0.4470
510050.SH,20190116,2.37600000,3.34200000,3.61100441,0,0.4470
510050.SH,20190117,2.36600000,3.33000000,3.59580658,0,0.4470
510050.SH,20190118,2.41200000,3.38500000,3.66571660,0,0.4470
510050.SH,20190121,2.42600000,3.40100000,3.68699356,0,0.4470
510050.SH,20190122,2.39500000,3.36400000,3.63988029,0,0.4470
510050.SH,20190123,2.39100000,3.36000000,3.63380115,0,0.4470
510050.SH,20190124,2.40500000,3.37600000,3.65507812,0,0.4470
510050.SH,20190125,2.43500000,3.41200000,3.70067161,0,0.4470
510050.SH,20190128,2.43000000,3.40600000,3.69307269,0,0.4470
510050.SH,20190129,2.44900000,3.42800000,3.72194857,0,0.4470
510050.SH,20190130,2.43300000,3.40900000,3.69763204,0,0.4470
510050.SH,20190131,2.47600000,3.46000000,3.76298271,0,0.4470
510050.SH,20190201,2.49200000,3.47900000,3.78729924,0,0.4470
510050.SH,20190211,2.52000000,3.51200000,3.82985316,0,0.4470
510050.SH,20190212,2.52500000,3.51800000,3.83745208,0,0.4470
510050.SH,20190213,2.57200000,3.57400000,3.90888188,0,0.4470
510050.SH,20190214,2.56800000,3.56900000,3.90280274,0,0.4470
510050.SH,20190215,2.51000000,3.50100000,3.81465533,0,0.4470
510050.SH,20190218,2.57500000,3.57800000,3.91344123,0,0.4470
510050.SH,20190219,2.57100000,3.57300000,3.90736209,0,0.4470
510050.SH,20190220,2.58000000,3.58300000,3.92104014,0,0.4470
510050.SH,20190221,2.56900000,3.57000000,3.90432253,0,0.4470
510050.SH,20190222,2.61400000,3.62400000,3.97271276,0,0.4470
510050.SH,20190225,2.77700000,3.81700000,4.22043739,0,0.4470
510050.SH,20190226,2.72400000,3.75400000,4.13988889,0,0.4470
510050.SH,20190227,2.74000000,3.77300000,4.16420542,0,0.4470
510050.SH,20190228,2.73400000,3.76600000,4.15508672,0,0.4470
510050.SH,20190301,2.80500000,3.85000000,4.26299132,0,0.4470
510050.SH,20190304,2.81800000,3.86500000,4.28274849,0,0.4470
510050.SH,20190305,2.81400000,3.86100000,4.27666936,0,0.4470
510050.SH,20190306,2.82500000,3.87400000,4.29338698,0,0.4470
510050.SH,20190307,2.77500000,3.81400000,4.21739783,0,0.4470
510050.SH,20190308,2.67200000,3.69200000,4.06086018,0,0.4470
510050.SH,20190311,2.69400000,3.71800000,4.09429540,0,0.4470
510050.SH,20190312,2.70600000,3.73300000,4.11253280,0,0.4470
510050.SH,20190313,2.71000000,3.73700000,4.11861193,0,0.4470
510050.SH,20190314,2.71500000,3.74300000,4.12621085,0,0.4470
510050.SH,20190315,2.74100000,3.77400000,4.16572520,0,0.4470
510050.SH,20190318,2.81000000,3.85600000,4.27059023,0,0.4470
510050.SH,20190319,2.79200000,3.83400000,4.24323414,0,0.4470
510050.SH,20190320,2.79800000,3.84200000,4.25235283,0,0.4470
510050.SH,20190321,2.78800000,3.83000000,4.23715500,0,0.4470
510050.SH,20190322,2.78000000,3.82000000,4.22499674,0,0.4470
510050.SH,20190325,2.70300000,3.72900000,4.10797345,0,0.4470
510050.SH,20190326,2.69100000,3.71500000,4.08973605,0,0.4470
510050.SH,20190327,2.72700000,3.75800000,4.14444824,0,0.4470
510050.SH,20190328,2.71900000,3.74800000,4.13228998,0,0.4470
510050.SH,20190329,2.82300000,3.87100000,4.29034741,0,0.4470
510050.SH,20190331,2.82300000,3.87100000,4.29034741,0,0.4470
510050.SH,20190401,2.87700000,3.93500000,4.37241569,0,0.4470
510050.SH,20190402,2.87300000,3.93000000,4.36633656,0,0.4470
510050.SH,20190403,2.90400000,3.96700000,4.41344983,0,0.4470
510050.SH,20190404,2.93500000,4.00400000,4.46056311,0,0.4470
510050.SH,20190408,2.94800000,4.01900000,4.48032028,0,0.4470
510050.SH,20190409,2.95300000,4.02500000,4.48791920,0,0.4470
510050.SH,20190410,2.96400000,4.03800000,4.50463681,0,0.4470
510050.SH,20190411,2.91400000,3.97900000,4.42864766,0,0.4470
510050.SH,20190412,2.90600000,3.96900000,4.41648940,0,0.4470
510050.SH,20190415,2.91000000,3.97400000,4.42256853,0,0.4470
510050.SH,20190416,3.00700000,4.08900000,4.56998748,0,0.4470
510050.SH,20190417,3.00200000,4.08300000,4.56238857,0,0.4470
510050.SH,20190418,2.98900000,4.06800000,4.54263139,0,0.4470
510050.SH,20190419,3.02700000,4.11300000,4.60038314,0,0.4470
510050.SH,20190422,2.95500000,4.02700000,4.49095877,0,0.4470
510050.SH,20190423,2.96300000,4.03700000,4.50311703,0,0.4470
510050.SH,20190424,2.95900000,4.03200000,4.49703790,0,0.4470
510050.SH,20190425,2.91300000,3.97800000,4.42712788,0,0.4470
510050.SH,20190426,2.87800000,3.93600000,4.37393547,0,0.4470
510050.SH,20190429,2.92400000,3.99100000,4.44384549,0,0.4470
510050.SH,20190430,2.93000000,3.99800000,4.45296419,0,0.4470
510050.SH,20190506,2.79100000,3.83300000,4.24171435,0,0.4470
510050.SH,20190507,2.79200000,3.83400000,4.24323414,0,0.4470
510050.SH,20190508,2.74400000,3.77800000,4.17028455,0,0.4470
510050.SH,20190509,2.68500000,3.70800000,4.08061736,0,0.4470
510050.SH,20190510,2.77900000,3.81900000,4.22347696,0,0.4470
510050.SH,20190513,2.72700000,3.75800000,4.14444824,0,0.4470
510050.SH,20190514,2.71100000,3.73900000,4.12013171,0,0.4470
510050.SH,20190515,2.76900000,3.80700000,4.20827913,0,0.4470
510050.SH,20190516,2.77700000,3.81700000,4.22043739,0,0.4470
510050.SH,20190517,2.72100000,3.75000000,4.13532954,0,0.4470
510050.SH,20190520,2.70100000,3.72700000,4.10493388,0,0.4470
510050.SH,20190521,2.72500000,3.75500000,4.14140868,0,0.4470
510050.SH,20190522,2.71100000,3.73900000,4.12013171,0,0.4470
510050.SH,20190523,2.67800000,3.70000000,4.06997887,0,0.4470
510050.SH,20190524,2.69400000,3.71800000,4.09429540,0,0.4470
510050.SH,20190527,2.71600000,3.74400000,4.12773063,0,0.4470
510050.SH,20190528,2.74400000,3.77800000,4.17028455,0,0.4470
510050.SH,20190529,2.75100000,3.78600000,4.18092303,0,0.4470
510050.SH,20190530,2.73800000,3.77100000,4.16116585,0,0.4470
510050.SH,20190531,2.72600000,3.75600000,4.14292846,0,0.4470
510050.SH,20190603,2.74200000,3.77500000,4.16724499,0,0.4470
510050.SH,20190604,2.72100000,3.75000000,4.13532954,0,0.4470
510050.SH,20190605,2.71900000,3.74800000,4.13228998,0,0.4470
510050.SH,20190606,2.70600000,3.73300000,4.11253280,0,0.4470
510050.SH,20190610,2.74200000,3.77500000,4.16724499,0,0.4470
510050.SH,20190611,2.81700000,3.86400000,4.28122871,0,0.4470
510050.SH,20190612,2.80000000,3.84400000,4.25539240,0,0.4470
510050.SH,20190613,2.79900000,3.84300000,4.25387262,0,0.4470
510050.SH,20190614,2.79000000,3.83200000,4.24019457,0,0.4470
510050.SH,20190617,2.79700000,3.84000000,4.25083305,0,0.4470
510050.SH,20190618,2.81000000,3.85600000,4.27059023,0,0.4470
510050.SH,20190619,2.85700000,3.91100000,4.34202003,0,0.4470
510050.SH,20190620,2.95600000,4.02900000,4.49247855,0,0.4470
510050.SH,20190621,2.95100000,4.02300000,4.48487963,0,0.4470
510050.SH,20190624,2.96200000,4.03600000,4.50159725,0,0.4470
510050.SH,20190625,2.92300000,3.99000000,4.44232571,0,0.4470
510050.SH,20190626,2.91800000,3.98400000,4.43472679,0,0.4470
510050.SH,20190627,2.95200000,4.02400000,4.48639942,0,0.4470
510050.SH,20190628,2.95000000,4.02200000,4.48335985,0,0.4470
510050.SH,20190630,2.95000000,4.02200000,4.48335985,0,0.4470
510050.SH,20190701,3.02200000,4.10700000,4.59278423,0,0.4470
510050.SH,20190702,3.01800000,4.10200000,4.58670509,0,0.4470
510050.SH,20190703,2.98800000,4.06600000,4.54111160,0,0.4470
510050.SH,20190704,2.97600000,4.05200000,4.52287421,0,0.4470
510050.SH,20190705,2.99000000,4.06900000,4.54415117,0,0.4470
510050.SH,20190708,2.92600000,3.99300000,4.44688506,0,0.4470
510050.SH,20190709,2.91500000,3.98000000,4.43016745,0,0.4470
510050.SH,20190710,2.91300000,3.97800000,4.42712788,0,0.4470
510050.SH,20190711,2.92200000,3.98800000,4.44080593,0,0.4470
510050.SH,20190712,2.94500000,4.01600000,4.47576094,0,0.4470
510050.SH,20190715,2.94500000,4.01600000,4.47576094,0,0.4470
510050.SH,20190716,2.92700000,3.99400000,4.44840484,0,0.4470
510050.SH,20190717,2.91800000,3.98400000,4.43472679,0,0.4470
510050.SH,20190718,2.90200000,3.96500000,4.41041027,0,0.4470
510050.SH,20190719,2.93900000,4.00800000,4.46664224,0,0.4470
510050.SH,20190722,2.92600000,3.99300000,4.44688506,0,0.4470
510050.SH,20190723,2.92700000,3.99400000,4.44840484,0,0.4470
510050.SH,20190724,2.95200000,4.02400000,4.48639942,0,0.4470
510050.SH,20190725,2.97800000,4.05500000,4.52591377,0,0.4470
510050.SH,20190726,2.98600000,4.06400000,4.53807204,0,0.4470
510050.SH,20190729,2.97700000,4.05300000,4.52439399,0,0.4470
510050.SH,20190730,2.99100000,4.07000000,4.54567095,0,0.4470
510050.SH,20190731,2.95900000,4.03200000,4.49703790,0,0.4470
510050.SH,20190801,2.93400000,4.00300000,4.45904332,0,0.4470
510050.SH,20190802,2.89100000,3.95200000,4.39369265,0,0.4470
510050.SH,20190805,2.83300000,3.88300000,4.30554524,0,0.4470
510050.SH,20190806,2.80700000,3.85200000,4.26603088,0,0.4470
510050.SH,20190807,2.79300000,3.83600000,4.24475392,0,0.4470
510050.SH,20190808,2.83400000,3.88400000,4.30706502,0,0.4470
510050.SH,20190809,2.81900000,3.86600000,4.28426828,0,0.4470
510050.SH,20190812,2.87300000,3.93000000,4.36633656,0,0.4470
510050.SH,20190813,2.84000000,3.89100000,4.31618372,0,0.4470
510050.SH,20190814,2.85200000,3.90500000,4.33442112,0,0.4470
510050.SH,20190815,2.86200000,3.91700000,4.34961895,0,0.4470
510050.SH,20190816,2.87300000,3.93000000,4.36633656,0,0.4470
510050.SH,20190819,2.92600000,3.99300000,4.44688506,0,0.4470
510050.SH,20190820,2.92400000,3.99100000,4.44384549,0,0.4470
510050.SH,20190821,2.91800000,3.98400000,4.43472679,0,0.4470
510050.SH,20190822,2.92600000,3.99300000,4.44688506,0,0.4470
510050.SH,20190823,2.96600000,4.04000000,4.50767638,0,0.4470
510050.SH,20190826,2.91100000,3.97500000,4.42408831,0,0.4470
510050.SH,20190827,2.93500000,4.00400000,4.46056311,0,0.4470
510050.SH,20190828,2.91500000,3.98000000,4.43016745,0,0.4470
510050.SH,20190829,2.90300000,3.96600000,4.41193005,0,0.4470
510050.SH,20190830,2.92000000,3.98600000,4.43776636,0,0.4470
510050.SH,20190902,2.94200000,4.01200000,4.47120159,0,0.4470
510050.SH,20190903,2.93900000,4.00800000,4.46664224,0,0.4470
510050.SH,20190904,2.97100000,4.04600000,4.51527529,0,0.4470
510050.SH,20190905,3.00800000,4.09000000,4.57150726,0,0.4470
510050.SH,20190906,3.03300000,4.12000000,4.60950184,0,0.4470
510050.SH,20190909,3.03300000,4.12000000,4.60950184,0,0.4470
510050.SH,20190910,3.02100000,4.10600000,4.59126444,0,0.4470
510050.SH,20190911,3.00800000,4.09000000,4.57150726,0,0.4470
510050.SH,20190912,3.05100000,4.14100000,4.63685793,0,0.4470
510050.SH,20190916,3.03400000,4.12100000,4.61102162,0,0.4470
510050.SH,20190917,2.98800000,4.06600000,4.54111160,0,0.4470
510050.SH,20190918,3.00600000,4.08800000,4.56846770,0,0.4470
510050.SH,20190919,3.00800000,4.09000000,4.57150726,0,0.4470
510050.SH,20190920,3.01400000,4.09700000,4.58062596,0,0.4470
510050.SH,20190923,2.98100000,4.05800000,4.53047312,0,0.4470
510050.SH,20190924,2.99100000,4.07000000,4.54567095,0,0.4470
510050.SH,20190925,2.97900000,4.05600000,4.52743356,0,0.4470
510050.SH,20190926,2.97800000,4.05500000,4.52591377,0,0.4470
510050.SH,20190927,2.98000000,4.05700000,4.52895334,0,0.4470
510050.SH,20190930,2.94800000,4.01900000,4.48032028,0,0.4470
510050.SH,20191008,2.97200000,4.04800000,4.51679508,0,0.4470
510050.SH,20191009,2.97200000,4.04800000,4.51679508,0,0.4470
510050.SH,20191010,2.99000000,4.06900000,4.54415117,0,0.4470
510050.SH,20191011,3.03300000,4.12000000,4.60950184,0,0.4470
510050.SH,20191014,3.06300000,4.15500000,4.65509533,0,0.4470
510050.SH,20191015,3.06500000,4.15800000,4.65813490,0,0.4470
510050.SH,20191016,3.05400000,4.14500000,4.64141728,0,0.4470
510050.SH,20191017,3.06200000,4.15400000,4.65357555,0,0.4470
510050.SH,20191018,3.01200000,4.09500000,4.57758640,0,0.4470
510050.SH,20191021,3.01800000,4.10200000,4.58670509,0,0.4470
510050.SH,20191022,3.02200000,4.10700000,4.59278423,0,0.4470
510050.SH,20191023,3.00300000,4.08400000,4.56390835,0,0.4470
510050.SH,20191024,3.00800000,4.09000000,4.57150726,0,0.4470
510050.SH,20191025,3.01600000,4.10000000,4.58366553,0,0.4470
510050.SH,20191028,3.03000000,4.11600000,4.60494249,0,0.4470
510050.SH,20191029,3.01700000,4.10100000,4.58518531,0,0.4470
510050.SH,20191030,3.00100000,4.08200000,4.56086878,0,0.4470
510050.SH,20191031,3.00300000,4.08400000,4.56390835,0,0.4470
510050.SH,20191101,3.05200000,4.14200000,4.63837772,0,0.4470
510050.SH,20191104,3.07100000,4.16500000,4.66725359,0,0.4470
510050.SH,20191105,3.08900000,4.18600000,4.69460969,0,0.4470
510050.SH,20191106,3.08200000,4.17800000,4.68397121,0,0.4470
510050.SH,20191107,3.08200000,4.17800000,4.68397121,0,0.4470
510050.SH,20191108,3.06100000,4.15300000,4.65205576,0,0.4470
510050.SH,20191111,3.01400000,4.09700000,4.58062596,0,0.4470
510050.SH,20191112,3.01900000,4.10300000,4.58822488,0,0.4470
510050.SH,20191113,3.01600000,4.10000000,4.58366553,0,0.4470
510050.SH,20191114,3.01600000,4.10000000,4.58366553,0,0.4470
510050.SH,20191115,3.00300000,4.08400000,4.56390835,0,0.4470
510050.SH,20191118,3.02900000,4.11500000,4.60342271,0,0.4470
510050.SH,20191119,3.04900000,4.13900000,4.63381837,0,0.4470
510050.SH,20191120,3.01600000,4.10000000,4.58366553,0,0.4470
510050.SH,20191121,2.99700000,4.07700000,4.55478965,0,0.4470
510050.SH,20191122,2.97000000,4.04500000,4.51375551,0,0.4470
510050.SH,20191125,2.99900000,4.08000000,4.55782922,0,0.4470
510050.SH,20191126,2.99400000,4.07400000,4.55023030,0,0.4470
510050.SH,20191127,2.99100000,4.07000000,4.54567095,0,0.4470
510050.SH,20191128,2.97700000,4.05300000,4.52439399,0,0.4470
510050.SH,20191129,2.94100000,4.01100000,4.46968180,0,0.4470
510050.SH,20191202,2.89900000,4.01700000,4.47740412,1,0.4940
510050.SH,20191203,2.90900000,4.02900000,4.49284877,0,0.4940
510050.SH,20191204,2.90000000,4.01800000,4.47894859,0,0.4940
510050.SH,20191205,2.92100000,4.04300000,4.51138235,0,0.4940
510050.SH,20191206,2.93900000,4.06400000,4.53918272,0,0.4940
510050.SH,20191209,2.93200000,4.05600000,4.52837147,0,0.4940
510050.SH,20191210,2.93600000,4.06100000,4.53454933,0,0.4940
510050.SH,20191211,2.94800000,4.07500000,4.55308291,0,0.4940
510050.SH,20191212,2.93600000,4.06100000,4.53454933,0,0.4940
510050.SH,20191213,3.00200000,4.13900000,4.63648402,0,0.4940
510050.SH,20191216,2.99400000,4.12900000,4.62412830,0,0.4940
510050.SH,20191217,3.02800000,4.16900000,4.67664011,0,0.4940
510050.SH,20191218,3.02000000,4.16000000,4.66428439,0,0.4940
510050.SH,20191219,3.01200000,4.15100000,4.65192867,0,0.4940
510050.SH,20191220,3.00700000,4.14500000,4.64420635,0,0.4940
510050.SH,20191223,2.97900000,4.11100000,4.60096132,0,0.4940
510050.SH,20191224,2.99100000,4.12600000,4.61949490,0,0.4940
510050.SH,20191225,2.98000000,4.11300000,4.60250579,0,0.4940
510050.SH,20191226,3.00600000,4.14300000,4.64266188,0,0.4940
510050.SH,20191227,3.01200000,4.15100000,4.65192867,0,0.4940
510050.SH,20191230,3.05700000,4.20400000,4.72142960,0,0.4940
510050.SH,20191231,3.05700000,4.20400000,4.72142960,0,0.4940
510050.SH,20200102,3.08400000,4.23600000,4.76313015,0,0.4940
510050.SH,20200103,3.07200000,4.22200000,4.74459657,0,0.4940
510050.SH,20200106,3.05000000,4.19600000,4.71061834,0,0.4940
510050.SH,20200107,3.06700000,4.21600000,4.73687425,0,0.4940
510050.SH,20200108,3.03100000,4.17300000,4.68127351,0,0.4940
510050.SH,20200109,3.06100000,4.20900000,4.72760746,0,0.4940
510050.SH,20200110,3.06100000,4.20900000,4.72760746,0,0.4940
510050.SH,20200113,3.08300000,4.23500000,4.76158569,0,0.4940
510050.SH,20200114,3.07300000,4.22300000,4.74614104,0,0.4940
510050.SH,20200115,3.05100000,4.19700000,4.71216281,0,0.4940
510050.SH,20200116,3.03600000,4.17900000,4.68899583,0,0.4940
510050.SH,20200117,3.04600000,4.19100000,4.70444048,0,0.4940
510050.SH,20200120,3.05800000,4.20500000,4.72297406,0,0.4940
510050.SH,20200121,3.00500000,4.14200000,4.64111742,0,0.4940
510050.SH,20200122,3.01000000,4.14800000,4.64883974,0,0.4940
510050.SH,20200123,2.92500000,4.04800000,4.51756021,0,0.4940
510050.SH,20200203,2.72000000,3.80500000,4.20094488,0,0.4940
510050.SH,20200204,2.78700000,3.88400000,4.30442404,0,0.4940
510050.SH,20200205,2.80500000,3.90500000,4.33222441,0,0.4940
510050.SH,20200206,2.84700000,3.95500000,4.39709194,0,0.4940
510050.SH,20200207,2.84400000,3.95200000,4.39245855,0,0.4940
510050.SH,20200210,2.84200000,3.94900000,4.38936962,0,0.4940
510050.SH,20200211,2.87100000,3.98400000,4.43415910,0,0.4940
510050.SH,20200212,2.88700000,4.00300000,4.45887054,0,0.4940
510050.SH,20200213,2.86700000,3.97900000,4.42798124,0,0.4940
510050.SH,20200214,2.88600000,4.00100000,4.45732608,0,0.4940
510050.SH,20200217,2.94100000,4.06600000,4.54227165,0,0.4940
510050.SH,20200218,2.91500000,4.03600000,4.50211556,0,0.4940
510050.SH,20200219,2.91500000,4.03600000,4.50211556,0,0.4940
510050.SH,20200220,2.96900000,4.10000000,4.58551667,0,0.4940
510050.SH,20200221,2.95900000,4.08800000,4.57007202,0,0.4940
510050.SH,20200224,2.92000000,4.04200000,4.50983789,0,0.4940
510050.SH,20200225,2.90000000,4.01800000,4.47894859,0,0.4940
510050.SH,20200226,2.89200000,4.00800000,4.46659287,0,0.4940
510050.SH,20200227,2.90200000,4.02000000,4.48203752,0,0.4940
510050.SH,20200228,2.81200000,3.91400000,4.34303566,0,0.4940
510050.SH,20200302,2.89800000,4.01600000,4.47585966,0,0.4940
510050.SH,20200303,2.91200000,4.03200000,4.49748217,0,0.4940
510050.SH,20200304,2.93800000,4.06300000,4.53763826,0,0.4940
510050.SH,20200305,3.00700000,4.14500000,4.64420635,0,0.4940
510050.SH,20200306,2.95500000,4.08300000,4.56389416,0,0.4940
510050.SH,20200309,2.85900000,3.96900000,4.41562552,0,0.4940
510050.SH,20200310,2.91400000,4.03500000,4.50057110,0,0.4940
510050.SH,20200311,2.87800000,3.99200000,4.44497036,0,0.4940
510050.SH,20200312,2.83200000,3.93700000,4.37392496,0,0.4940
510050.SH,20200313,2.78900000,3.88700000,4.30751297,0,0.4940
510050.SH,20200316,2.68500000,3.76300000,4.14688861,0,0.4940
510050.SH,20200317,2.67600000,3.75300000,4.13298842,0,0.4940
510050.SH,20200318,2.61700000,3.68300000,4.04186498,0,0.4940
510050.SH,20200319,2.56100000,3.61700000,3.95537494,0,0.4940
510050.SH,20200320,2.61900000,3.68500000,4.04495391,0,0.4940
510050.SH,20200323,2.55100000,3.60500000,3.93993029,0,0.4940
510050.SH,20200324,2.63000000,3.69800000,4.06194303,0,0.4940
510050.SH,20200325,2.69000000,3.76900000,4.15461093,0,0.4940
510050.SH,20200326,2.67900000,3.75600000,4.13762182,0,0.4940
510050.SH,20200327,2.69100000,3.77100000,4.15615540,0,0.4940
510050.SH,20200330,2.68000000,3.75800000,4.13916628,0,0.4940
510050.SH,20200331,2.67900000,3.75600000,4.13762182,0,0.4940
510050.SH,20200401,2.67200000,3.74800000,4.12681056,0,0.4940
510050.SH,20200402,2.70900000,3.79200000,4.18395577,0,0.4940
510050.SH,20200403,2.69800000,3.77900000,4.16696665,0,0.4940
510050.SH,20200407,2.74600000,3.83600000,4.24110097,0,0.4940
510050.SH,20200408,2.73300000,3.82000000,4.22102293,0,0.4940
510050.SH,20200409,2.74100000,3.83000000,4.23337865,0,0.4940
510050.SH,20200410,2.73900000,3.82700000,4.23028972,0,0.4940
510050.SH,20200413,2.72800000,3.81400000,4.21330060,0,0.4940
510050.SH,20200414,2.77400000,3.86900000,4.28434599,0,0.4940
510050.SH,20200415,2.75300000,3.84400000,4.25191223,0,0.4940
510050.SH,20200416,2.75700000,3.84900000,4.25809009,0,0.4940
510050.SH,20200417,2.79700000,3.89600000,4.31986869,0,0.4940
510050.SH,20200420,2.80800000,3.90900000,4.33685780,0,0.4940
510050.SH,20200421,2.77200000,3.86600000,4.28125706,0,0.4940
510050.SH,20200422,2.79200000,3.89000000,4.31214636,0,0.4940
510050.SH,20200423,2.78600000,3.88300000,4.30287957,0,0.4940
510050.SH,20200424,2.76400000,3.85700000,4.26890134,0,0.4940
510050.SH,20200427,2.79300000,3.89100000,4.31369083,0,0.4940
510050.SH,20200428,2.81300000,3.91500000,4.34458013,0,0.4940
510050.SH,20200429,2.83200000,3.93700000,4.37392496,0,0.4940
510050.SH,20200430,2.84900000,3.95800000,4.40018087,0,0.4940
510050.SH,20200506,2.85100000,3.96000000,4.40326980,0,0.4940
510050.SH,20200507,2.84100000,3.94800000,4.38782515,0,0.4940
510050.SH,20200508,2.86700000,3.97900000,4.42798124,0,0.4940
510050.SH,20200511,2.86600000,3.97800000,4.42643678,0,0.4940
510050.SH,20200512,2.86300000,3.97400000,4.42180338,0,0.4940
510050.SH,20200513,2.86200000,3.97300000,4.42025892,0,0.4940
510050.SH,20200514,2.82800000,3.93300000,4.36774710,0,0.4940
510050.SH,20200515,2.81500000,3.91700000,4.34766906,0,0.4940
510050.SH,20200518,2.83200000,3.93700000,4.37392496,0,0.4940
510050.SH,20200519,2.85500000,3.96500000,4.40944766,0,0.4940
510050.SH,20200520,2.85100000,3.96000000,4.40326980,0,0.4940
510050.SH,20200521,2.84100000,3.94800000,4.38782515,0,0.4940
510050.SH,20200522,2.77100000,3.86500000,4.27971260,0,0.4940
510050.SH,20200525,2.78500000,3.88200000,4.30133511,0,0.4940
510050.SH,20200526,2.80400000,3.90400000,4.33067994,0,0.4940
510050.SH,20200527,2.79000000,3.88800000,4.30905743,0,0.4940
510050.SH,20200528,2.80400000,3.90400000,4.33067994,0,0.4940
510050.SH,20200529,2.80400000,3.90400000,4.33067994,0,0.4940
510050.SH,20200601,2.86800000,3.98000000,4.42952571,0,0.4940
510050.SH,20200602,2.88300000,3.99800000,4.45269268,0,0.4940
510050.SH,20200603,2.88600000,4.00100000,4.45732608,0,0.4940
510050.SH,20200604,2.88100000,3.99500000,4.44960375,0,0.4940
510050.SH,20200605,2.89400000,4.01100000,4.46968180,0,0.4940
510050.SH,20200608,2.90700000,4.02600000,4.48975984,0,0.4940
510050.SH,20200609,2.92500000,4.04800000,4.51756021,0,0.4940
510050.SH,20200610,2.91000000,4.03000000,4.49439324,0,0.4940
510050.SH,20200611,2.88000000,3.99400000,4.44805929,0,0.4940
510050.SH,20200612,2.88500000,4.00000000,4.45578161,0,0.4940
510050.SH,20200615,2.84100000,3.94800000,4.38782515,0,0.4940
510050.SH,20200616,2.88100000,3.99500000,4.44960375,0,0.4940
510050.SH,20200617,2.88300000,3.99800000,4.45269268,0,0.4940
510050.SH,20200618,2.89300000,4.01000000,4.46813733,0,0.4940
510050.SH,20200619,2.93000000,4.05300000,4.52528254,0,0.4940
510050.SH,20200622,2.92600000,4.04900000,4.51910468,0,0.4940
510050.SH,20200623,2.92900000,4.05200000,4.52373807,0,0.4940
510050.SH,20200624,2.95600000,4.08400000,4.56543863,0,0.4940
510050.SH,20200629,2.93700000,4.06200000,4.53609379,0,0.4940
510050.SH,20200630,2.96100000,4.09000000,4.57316095,0,0.4940
510050.SH,20200701,3.02900000,4.17100000,4.67818458,0,0.4940
510050.SH,20200702,3.10300000,4.25800000,4.79247499,0,0.4940
510050.SH,20200703,3.17900000,4.34800000,4.90985433,0,0.4940
510050.SH,20200706,3.39400000,4.60300000,5.24191431,0,0.4940
510050.SH,20200707,3.40100000,4.61100000,5.25272557,0,0.4940
510050.SH,20200708,3.44900000,4.66800000,5.32685989,0,0.4940
510050.SH,20200709,3.46200000,4.68300000,5.34693793,0,0.4940
510050.SH,20200710,3.38000000,4.58600000,5.22029180,0,0.4940
510050.SH,20200713,3.42200000,4.63600000,5.28515933,0,0.4940
510050.SH,20200714,3.38400000,4.59100000,5.22646966,0,0.4940
510050.SH,20200715,3.35600000,4.55800000,5.18322464,0,0.4940
510050.SH,20200716,3.20500000,4.37900000,4.95001042,0,0.4940
510050.SH,20200717,3.22900000,4.40700000,4.98707758,0,0.4940
510050.SH,20200720,3.33200000,4.52900000,5.14615748,0,0.4940
510050.SH,20200721,3.33100000,4.52800000,5.14461301,0,0.4940
510050.SH,20200722,3.33700000,4.53500000,5.15387981,0,0.4940
510050.SH,20200723,3.33300000,4.53100000,5.14770194,0,0.4940
510050.SH,20200724,3.20600000,4.38000000,4.95155489,0,0.4940
510050.SH,20200727,3.21100000,4.38600000,4.95927721,0,0.4940
510050.SH,20200728,3.23400000,4.41300000,4.99479991,0,0.4940
510050.SH,20200729,3.29200000,4.48200000,5.08437888,0,0.4940
510050.SH,20200730,3.28000000,4.46800000,5.06584530,0,0.4940
510050.SH,20200731,3.29800000,4.48900000,5.09364567,0,0.4940
510050.SH,20200803,3.33000000,4.52700000,5.14306855,0,0.4940
510050.SH,20200804,3.36100000,4.56400000,5.19094697,0,0.4940
510050.SH,20200805,3.34100000,4.54000000,5.16005767,0,0.4940
510050.SH,20200806,3.34100000,4.54000000,5.16005767,0,0.4940
510050.SH,20200807,3.31200000,4.50600000,5.11526818,0,0.4940
510050.SH,20200810,3.33400000,4.53200000,5.14924641,0,0.4940
510050.SH,20200811,3.31100000,4.50500000,5.11372371,0,0.4940
510050.SH,20200812,3.29800000,4.48900000,5.09364567,0,0.4940
510050.SH,20200813,3.29000000,4.48000000,5.08128995,0,0.4940
510050.SH,20200814,3.33700000,4.53500000,5.15387981,0,0.4940
510050.SH,20200817,3.41800000,4.63100000,5.27898147,0,0.4940
510050.SH,20200818,3.41600000,4.62900000,5.27589254,0,0.4940
510050.SH,20200819,3.35600000,4.55800000,5.18322464,0,0.4940
510050.SH,20200820,3.31300000,4.50700000,5.11681264,0,0.4940
510050.SH,20200821,3.33500000,4.53300000,5.15079088,0,0.4940
510050.SH,20200824,3.34900000,4.55000000,5.17241339,0,0.4940
510050.SH,20200825,3.36100000,4.56400000,5.19094697,0,0.4940
510050.SH,20200826,3.32800000,4.52500000,5.13997962,0,0.4940
510050.SH,20200827,3.34100000,4.54000000,5.16005767,0,0.4940
510050.SH,20200828,3.41900000,4.63200000,5.28052594,0,0.4940
510050.SH,20200831,3.39400000,4.60300000,5.24191431,0,0.4940
510050.SH,20200901,3.40600000,4.61700000,5.26044789,0,0.4940
510050.SH,20200902,3.39800000,4.60800000,5.24809217,0,0.4940
510050.SH,20200903,3.38400000,4.59100000,5.22646966,0,0.4940
510050.SH,20200904,3.35900000,4.56100000,5.18785804,0,0.4940
510050.SH,20200907,3.30200000,4.49400000,5.09982353,0,0.4940
510050.SH,20200908,3.34000000,4.53900000,5.15851320,0,0.4940
510050.SH,20200909,3.28500000,4.47400000,5.07356762,0,0.4940
510050.SH,20200910,3.29500000,4.48600000,5.08901227,0,0.4940
510050.SH,20200911,3.31500000,4.50900000,5.11990157,0,0.4940
510050.SH,20200914,3.34400000,4.54400000,5.16469106,0,0.4940
510050.SH,20200915,3.36700000,4.57100000,5.20021376,0,0.4940
510050.SH,20200916,3.34900000,4.55000000,5.17241339,0,0.4940
510050.SH,20200917,3.31800000,4.51300000,5.12453497,0,0.4940
510050.SH,20200918,3.40200000,4.61200000,5.25427003,0,0.4940
510050.SH,20200921,3.36500000,4.56800000,5.19712483,0,0.4940
510050.SH,20200922,3.32400000,4.52000000,5.13380176,0,0.4940
510050.SH,20200923,3.32900000,4.52600000,5.14152408,0,0.4940
510050.SH,20200924,3.27100000,4.45700000,5.05194511,0,0.4940
510050.SH,20200925,3.28200000,4.47000000,5.06893423,0,0.4940
510050.SH,20200928,3.30300000,4.49500000,5.10136799,0,0.4940
510050.SH,20200929,3.29400000,4.48400000,5.08746781,0,0.4940
510050.SH,20200930,3.28500000,4.47400000,5.07356762,0,0.4940
510050.SH,20201009,3.33900000,4.53800000,5.15696874,0,0.4940
510050.SH,20201012,3.44200000,4.66000000,5.31604863,0,0.4940
510050.SH,20201013,3.44100000,4.65800000,5.31450417,0,0.4940
510050.SH,20201014,3.42300000,4.63700000,5.28670380,0,0.4940
510050.SH,20201015,3.42500000,4.63900000,5.28979273,0,0.4940
510050.SH,20201016,3.43400000,4.65000000,5.30369291,0,0.4940
510050.SH,20201019,3.40700000,4.61800000,5.26199236,0,0.4940
510050.SH,20201020,3.41600000,4.62900000,5.27589254,0,0.4940
510050.SH,20201021,3.43000000,4.64500000,5.29751505,0,0.4940
510050.SH,20201022,3.42200000,4.63600000,5.28515933,0,0.4940
510050.SH,20201023,3.39900000,4.60900000,5.24963664,0,0.4940
510050.SH,20201026,3.35700000,4.55900000,5.18476911,0,0.4940
510050.SH,20201027,3.34600000,4.54600000,5.16777999,0,0.4940
510050.SH,20201028,3.36600000,4.57000000,5.19866929,0,0.4940
510050.SH,20201029,3.37700000,4.58300000,5.21565841,0,0.4940
510050.SH,20201030,3.33200000,4.52900000,5.14615748,0,0.4940
510050.SH,20201031,3.33200000,4.52900000,5.14615748,0,0.4940
510050.SH,20201102,3.31700000,4.51200000,5.12299050,0,0.4940
510050.SH,20201103,3.35900000,4.56100000,5.18785804,0,0.4940
510050.SH,20201104,3.38400000,4.59100000,5.22646966,0,0.4940
510050.SH,20201105,3.42200000,4.63600000,5.28515933,0,0.4940
510050.SH,20201106,3.41100000,4.62300000,5.26817022,0,0.4940
510050.SH,20201109,3.47100000,4.69400000,5.36083812,0,0.4940
510050.SH,20201110,3.46900000,4.69200000,5.35774919,0,0.4940
510050.SH,20201111,3.46400000,4.68600000,5.35002686,0,0.4940
510050.SH,20201112,3.45000000,4.66900000,5.32840435,0,0.4940
510050.SH,20201113,3.39000000,4.59800000,5.23573645,0,0.4940
510050.SH,20201116,3.42900000,4.64400000,5.29597059,0,0.4940
510050.SH,20201117,3.43100000,4.64700000,5.29905952,0,0.4940
510050.SH,20201118,3.43900000,4.65600000,5.31141524,0,0.4940
510050.SH,20201119,3.46200000,4.68300000,5.34693793,0,0.4940
510050.SH,20201120,3.46400000,4.68600000,5.35002686,0,0.4940
510050.SH,20201123,3.52200000,4.75400000,5.43960584,0,0.4940
510050.SH,20201124,3.49500000,4.72200000,5.39790528,0,0.4940
510050.SH,20201125,3.47200000,4.69500000,5.36238258,0,0.4940
510050.SH,20201126,3.49800000,4.72600000,5.40253867,0,0.4940
510050.SH,20201127,3.55200000,4.79000000,5.48593979,0,0.4940
510050.SH,20201130,3.47200000,4.75500000,5.44049783,1,0.5450
510050.SH,20201201,3.55600000,4.85500000,5.57212277,0,0.5450
510050.SH,20201202,3.54700000,4.84400000,5.55802010,0,0.5450
510050.SH,20201203,3.53900000,4.83500000,5.54548439,0,0.5450
510050.SH,20201204,3.54300000,4.84000000,5.55175225,0,0.5450
510050.SH,20201207,3.51100000,4.80200000,5.50160941,0,0.5450
510050.SH,20201208,3.50000000,4.78900000,5.48437281,0,0.5450
510050.SH,20201209,3.47000000,4.75300000,5.43736390,0,0.5450
510050.SH,20201210,3.46100000,4.74200000,5.42326123,0,0.5450
510050.SH,20201211,3.42800000,4.70300000,5.37155143,0,0.5450
510050.SH,20201214,3.46400000,4.74600000,5.42796212,0,0.5450
510050.SH,20201215,3.46500000,4.74700000,5.42952908,0,0.5450
510050.SH,20201216,3.48100000,4.76600000,5.45460050,0,0.5450
510050.SH,20201217,3.53500000,4.83000000,5.53921654,0,0.5450
510050.SH,20201218,3.50400000,4.79300000,5.49064066,0,0.5450
510050.SH,20201221,3.51800000,4.81000000,5.51257816,0,0.5450
510050.SH,20201222,3.46600000,4.74800000,5.43109605,0,0.5450
510050.SH,20201223,3.49000000,4.77700000,5.46870317,0,0.5450
510050.SH,20201224,3.48400000,4.77000000,5.45930139,0,0.5450
510050.SH,20201225,3.50700000,4.79700000,5.49534156,0,0.5450
510050.SH,20201228,3.51800000,4.81000000,5.51257816,0,0.5450
510050.SH,20201229,3.51200000,4.80300000,5.50317637,0,0.5450
510050.SH,20201230,3.56900000,4.87000000,5.59249330,0,0.5450
510050.SH,20201231,3.63500000,4.94800000,5.69591290,0,0.5450
510050.SH,20210104,3.63700000,4.95100000,5.69904683,0,0.5450
510050.SH,20210105,3.67700000,4.99800000,5.76172538,0,0.5450
510050.SH,20210106,3.73000000,5.06100000,5.84477445,0,0.5450
510050.SH,20210107,3.80100000,5.14500000,5.95602887,0,0.5450
510050.SH,20210108,3.78100000,5.12100000,5.92468960,0,0.5450
510050.SH,20210111,3.76900000,5.10700000,5.90588603,0,0.5450
510050.SH,20210112,3.89800000,5.26000000,6.10802435,0,0.5450
510050.SH,20210113,3.86500000,5.22100000,6.05631455,0,0.5450
510050.SH,20210114,3.80300000,5.14700000,5.95916280,0,0.5450
510050.SH,20210115,3.81000000,5.15600000,5.97013154,0,0.5450
510050.SH,20210118,3.84100000,5.19200000,6.01870742,0,0.5450
510050.SH,20210119,3.80000000,5.14400000,5.95446191,0,0.5450
510050.SH,20210120,3.80600000,5.15100000,5.96386369,0,0.5450
510050.SH,20210121,3.84100000,5.19200000,6.01870742,0,0.5450
510050.SH,20210122,3.83800000,5.18900000,6.01400653,0,0.5450
510050.SH,20210125,3.88900000,5.24900000,6.09392167,0,0.5450
510050.SH,20210126,3.80400000,5.14900000,5.96072976,0,0.5450
510050.SH,20210127,3.80900000,5.15400000,5.96856458,0,0.5450
510050.SH,20210128,3.72600000,5.05600000,5.83850660,0,0.5450
510050.SH,20210129,3.70400000,5.03000000,5.80403340,0,0.5450
510050.SH,20210201,3.73700000,5.06900000,5.85574320,0,0.5450
510050.SH,20210202,3.76200000,5.09900000,5.89491729,0,0.5450
510050.SH,20210203,3.76600000,5.10400000,5.90118514,0,0.5450
510050.SH,20210204,3.79200000,5.13400000,5.94192620,0,0.5450
510050.SH,20210205,3.83100000,5.18000000,6.00303778,0,0.5450
510050.SH,20210208,3.88000000,5.23800000,6.07981900,0,0.5450
510050.SH,20210209,3.94200000,5.31200000,6.17697075,0,0.5450
510050.SH,20210210,4.01800000,5.40200000,6.29605999,0,0.5450
510050.SH,20210218,4.00300000,5.38400000,6.27255553,0,0.5450
510050.SH,20210219,4.00300000,5.38400000,6.27255553,0,0.5450
510050.SH,20210222,3.87000000,5.22700000,6.06414936,0,0.5450
510050.SH,20210223,3.88600000,5.24600000,6.08922078,0,0.5450
510050.SH,20210224,3.79400000,5.13700000,5.94506013,0,0.5450
510050.SH,20210225,3.84000000,5.19100000,6.01714045,0,0.5450
510050.SH,20210226,3.74600000,5.08000000,5.86984587,0,0.5450
510050.SH,20210301,3.77700000,5.11700000,5.91842174,0,0.5450
510050.SH,20210302,3.70800000,5.03500000,5.81030125,0,0.5450
510050.SH,20210303,3.80600000,5.15100000,5.96386369,0,0.5450
510050.SH,20210304,3.69700000,5.02200000,5.79306465,0,0.5450
510050.SH,20210305,3.67700000,4.99800000,5.76172538,0,0.5450
510050.SH,20210308,3.56200000,4.86200000,5.58152456,0,0.5450
510050.SH,20210309,3.49900000,4.78700000,5.48280585,0,0.5450
510050.SH,20210310,3.52100000,4.81300000,5.51727905,0,0.5450
510050.SH,20210311,3.61400000,4.92400000,5.66300667,0,0.5450
510050.SH,20210312,3.62100000,4.93200000,5.67397541,0,0.5450
510050.SH,20210315,3.55500000,4.85400000,5.57055581,0,0.5450
510050.SH,20210316,3.58700000,4.89200000,5.62069865,0,0.5450
510050.SH,20210317,3.57900000,4.88200000,5.60816294,0,0.5450
510050.SH,20210318,3.59400000,4.90000000,5.63166739,0,0.5450
510050.SH,20210319,3.50000000,4.78900000,5.48437281,0,0.5450
510050.SH,20210322,3.52700000,4.82100000,5.52668083,0,0.5450
510050.SH,20210323,3.50500000,4.79500000,5.49220763,0,0.5450
510050.SH,20210324,3.45500000,4.73500000,5.41385945,0,0.5450
510050.SH,20210325,3.45200000,4.73200000,5.40915855,0,0.5450
510050.SH,20210326,3.51800000,4.81000000,5.51257816,0,0.5450
510050.SH,20210329,3.52500000,4.81800000,5.52354690,0,0.5450
510050.SH,20210330,3.56500000,4.86600000,5.58622545,0,0.5450
510050.SH,20210331,3.52700000,4.82100000,5.52668083,0,0.5450
510050.SH,20210401,3.57000000,4.87200000,5.59406027,0,0.5450
510050.SH,20210402,3.60400000,4.91200000,5.64733703,0,0.5450
510050.SH,20210406,3.58200000,4.88600000,5.61286383,0,0.5450
510050.SH,20210407,3.54600000,4.84300000,5.55645314,0,0.5450
510050.SH,20210408,3.56000000,4.86000000,5.57839063,0,0.5450
510050.SH,20210409,3.50100000,4.79000000,5.48593977,0,0.5450
510050.SH,20210412,3.46400000,4.74600000,5.42796212,0,0.5450
510050.SH,20210413,3.44900000,4.72800000,5.40445766,0,0.5450
510050.SH,20210414,3.45600000,4.73700000,5.41542641,0,0.5450
510050.SH,20210415,3.41900000,4.69300000,5.35744875,0,0.5450
510050.SH,20210416,3.43500000,4.71200000,5.38252017,0,0.5450
510050.SH,20210419,3.50000000,4.78900000,5.48437281,0,0.5450
510050.SH,20210420,3.49700000,4.78500000,5.47967192,0,0.5450
510050.SH,20210421,3.50300000,4.79200000,5.48907370,0,0.5450
510050.SH,20210422,3.48100000,4.76600000,5.45460050,0,0.5450
510050.SH,20210423,3.51800000,4.81000000,5.51257816,0,0.5450
510050.SH,20210426,3.46200000,4.74400000,5.42482819,0,0.5450
510050.SH,20210427,3.47100000,4.75400000,5.43893086,0,0.5450
510050.SH,20210428,3.46700000,4.75000000,5.43266301,0,0.5450
510050.SH,20210429,3.51100000,4.80200000,5.50160941,0,0.5450
510050.SH,20210430,3.48500000,4.77100000,5.46086836,0,0.5450
510050.SH,20210506,3.44400000,4.72200000,5.39662285,0,0.5450
510050.SH,20210507,3.40000000,4.67000000,5.32767644,0,0.5450
510050.SH,20210510,3.39400000,4.66300000,5.31827466,0,0.5450
510050.SH,20210511,3.43100000,4.70700000,5.37625232,0,0.5450
510050.SH,20210512,3.44200000,4.72000000,5.39348892,0,0.5450
510050.SH,20210513,3.40800000,4.68000000,5.34021215,0,0.5450
510050.SH,20210514,3.49600000,4.78400000,5.47810496,0,0.5450
510050.SH,20210517,3.53400000,4.82900000,5.53764957,0,0.5450
510050.SH,20210518,3.53100000,4.82500000,5.53294868,0,0.5450
510050.SH,20210519,3.50500000,4.79500000,5.49220763,0,0.5450
510050.SH,20210520,3.51600000,4.80800000,5.50944423,0,0.5450
510050.SH,20210521,3.47600000,4.76000000,5.44676568,0,0.5450
510050.SH,20210524,3.49100000,4.77800000,5.47027014,0,0.5450
510050.SH,20210525,3.63400000,4.94700000,5.69434594,0,0.5450
510050.SH,20210526,3.65000000,4.96600000,5.71941736,0,0.5450
510050.SH,20210527,3.65800000,4.97600000,5.73195307,0,0.5450
510050.SH,20210528,3.65200000,4.96900000,5.72255129,0,0.5450
510050.SH,20210531,3.64300000,4.95800000,5.70844861,0,0.5450
510050.SH,20210601,3.64300000,4.95800000,5.70844861,0,0.5450
510050.SH,20210602,3.61500000,4.92500000,5.66457363,0,0.5450
510050.SH,20210603,3.58400000,4.88800000,5.61599776,0,0.5450
510050.SH,20210604,3.60500000,4.91300000,5.64890399,0,0.5450
510050.SH,20210607,3.59400000,4.90000000,5.63166739,0,0.5450
510050.SH,20210608,3.57300000,4.87500000,5.59876116,0,0.5450
510050.SH,20210609,3.58100000,4.88500000,5.61129687,0,0.5450
510050.SH,20210610,3.60400000,4.91200000,5.64733703,0,0.5450
510050.SH,20210611,3.57300000,4.87500000,5.59876116,0,0.5450
510050.SH,20210615,3.52400000,4.81700000,5.52197994,0,0.5450
510050.SH,20210616,3.48300000,4.76900000,5.45773443,0,0.5450
510050.SH,20210617,3.48300000,4.76900000,5.45773443,0,0.5450
510050.SH,20210618,3.45600000,4.73700000,5.41542641,0,0.5450
510050.SH,20210621,3.43300000,4.70900000,5.37938624,0,0.5450
510050.SH,20210622,3.46700000,4.75000000,5.43266301,0,0.5450
510050.SH,20210623,3.47400000,4.75800000,5.44363175,0,0.5450
510050.SH,20210624,3.48800000,4.77400000,5.46556925,0,0.5450
510050.SH,20210625,3.54400000,4.84100000,5.55331921,0,0.5450
510050.SH,20210628,3.53000000,4.82400000,5.53138172,0,0.5450
510050.SH,20210629,3.49700000,4.78500000,5.47967192,0,0.5450
510050.SH,20210630,3.51800000,4.81000000,5.51257816,0,0.5450
510050.SH,20210701,3.55400000,4.85300000,5.56898885,0,0.5450
510050.SH,20210702,3.42600000,4.70100000,5.36841750,0,0.5450
510050.SH,20210705,3.42300000,4.69700000,5.36371661,0,0.5450
510050.SH,20210706,3.42700000,4.70200000,5.36998446,0,0.5450
510050.SH,20210707,3.44700000,4.72600000,5.40132374,0,0.5450
510050.SH,20210708,3.39500000,4.66400000,5.31984163,0,0.5450
510050.SH,20210709,3.38400000,4.65100000,5.30260503,0,0.5450
510050.SH,20210712,3.41000000,4.68200000,5.34334608,0,0.5450
510050.SH,20210713,3.42400000,4.69900000,5.36528357,0,0.5450
510050.SH,20210714,3.37100000,4.63600000,5.28223450,0,0.5450
510050.SH,20210715,3.44400000,4.72200000,5.39662285,0,0.5450
510050.SH,20210716,3.40200000,4.67300000,5.33081037,0,0.5450
510050.SH,20210719,3.41800000,4.69200000,5.35588179,0,0.5450
510050.SH,20210720,3.41100000,4.68300000,5.34491304,0,0.5450
510050.SH,20210721,3.42500000,4.70000000,5.36685054,0,0.5450
510050.SH,20210722,3.42900000,4.70500000,5.37311839,0,0.5450
510050.SH,20210723,3.39300000,4.66200000,5.31670770,0,0.5450
510050.SH,20210726,3.26300000,4.50800000,5.11300242,0,0.5450
510050.SH,20210727,3.16000000,4.38600000,4.95160517,0,0.5450
510050.SH,20210728,3.18800000,4.41900000,4.99548015,0,0.5450
510050.SH,20210729,3.21800000,4.45500000,5.04248906,0,0.5450
510050.SH,20210730,3.16800000,4.39600000,4.96414087,0,0.5450
510050.SH,20210802,3.24700000,4.48900000,5.08793100,0,0.5450
510050.SH,20210803,3.25900000,4.50300000,5.10673457,0,0.5450
510050.SH,20210804,3.26800000,4.51400000,5.12083724,0,0.5450
510050.SH,20210805,3.26200000,4.50700000,5.11143546,0,0.5450
510050.SH,20210806,3.23100000,4.47000000,5.06285959,0,0.5450
510050.SH,20210809,3.27100000,4.51800000,5.12553813,0,0.5450
510050.SH,20210810,3.32500000,4.58100000,5.21015417,0,0.5450
510050.SH,20210811,3.29900000,4.55100000,5.16941311,0,0.5450
510050.SH,20210812,3.26200000,4.50700000,5.11143546,0,0.5450
510050.SH,20210813,3.25300000,4.49600000,5.09733279,0,0.5450
510050.SH,20210816,3.26000000,4.50500000,5.10830153,0,0.5450
510050.SH,20210817,3.18700000,4.41800000,4.99391318,0,0.5450
510050.SH,20210818,3.22800000,4.46700000,5.05815869,0,0.5450
510050.SH,20210819,3.18100000,4.41100000,4.98451140,0,0.5450
510050.SH,20210820,3.11200000,4.32900000,4.87639091,0,0.5450
510050.SH,20210823,3.14000000,4.36200000,4.92026589,0,0.5450
510050.SH,20210824,3.18800000,4.41900000,4.99548015,0,0.5450
510050.SH,20210825,3.20000000,4.43300000,5.01428371,0,0.5450
510050.SH,20210826,3.12800000,4.34800000,4.90146233,0,0.5450
510050.SH,20210827,3.16200000,4.38800000,4.95473909,0,0.5450
510050.SH,20210830,3.15100000,4.37500000,4.93750249,0,0.5450
510050.SH,20210831,3.13600000,4.35800000,4.91399804,0,0.5450
510050.SH,20210901,3.20400000,4.43800000,5.02055157,0,0.5450
510050.SH,20210902,3.20600000,4.44100000,5.02368549,0,0.5450
510050.SH,20210903,3.21500000,4.45100000,5.03778817,0,0.5450
510050.SH,20210906,3.25100000,4.49400000,5.09419886,0,0.5450
510050.SH,20210907,3.28800000,4.53800000,5.15217651,0,0.5450
510050.SH,20210908,3.25300000,4.49600000,5.09733279,0,0.5450
510050.SH,20210909,3.24400000,4.48600000,5.08323011,0,0.5450
510050.SH,20210910,3.29200000,4.54200000,5.15844437,0,0.5450
510050.SH,20210913,3.28100000,4.52900000,5.14120777,0,0.5450
510050.SH,20210914,3.22700000,4.46500000,5.05659173,0,0.5450
510050.SH,20210915,3.18500000,4.41600000,4.99077926,0,0.5450
510050.SH,20210916,3.16700000,4.39400000,4.96257391,0,0.5450
510050.SH,20210917,3.20200000,4.43600000,5.01741764,0,0.5450
510050.SH,20210922,3.16200000,4.38800000,4.95473909,0,0.5450
510050.SH,20210923,3.16700000,4.39400000,4.96257391,0,0.5450
510050.SH,20210924,3.18400000,4.41500000,4.98921229,0,0.5450
510050.SH,20210927,3.24000000,4.48100000,5.07696226,0,0.5450
510050.SH,20210928,3.25000000,4.49300000,5.09263190,0,0.5450
510050.SH,20210929,3.23800000,4.47800000,5.07382833,0,0.5450
510050.SH,20210930,3.23600000,4.47600000,5.07069440,0,0.5450
510050.SH,20211008,3.29500000,4.54600000,5.16314526,0,0.5450
510050.SH,20211011,3.31600000,4.57100000,5.19605150,0,0.5450
510050.SH,20211012,3.29800000,4.55000000,5.16784615,0,0.5450
510050.SH,20211013,3.33200000,4.59000000,5.22112292,0,0.5450
510050.SH,20211014,3.30900000,4.56300000,5.18508275,0,0.5450
510050.SH,20211015,3.33400000,4.59200000,5.22425684,0,0.5450
510050.SH,20211018,3.26800000,4.51400000,5.12083724,0,0.5450
510050.SH,20211019,3.29500000,4.54600000,5.16314526,0,0.5450
510050.SH,20211020,3.29300000,4.54400000,5.16001133,0,0.5450
510050.SH,20211021,3.31700000,4.57200000,5.19761846,0,0.5450
510050.SH,20211022,3.35700000,4.61900000,5.26029701,0,0.5450
510050.SH,20211025,3.35500000,4.61700000,5.25716308,0,0.5450
510050.SH,20211026,3.33200000,4.59000000,5.22112292,0,0.5450
510050.SH,20211027,3.28900000,4.53900000,5.15374348,0,0.5450
510050.SH,20211028,3.28100000,4.52900000,5.14120777,0,0.5450
510050.SH,20211029,3.30900000,4.56300000,5.18508275,0,0.5450
510050.SH,20211031,3.30900000,4.56300000,5.18508275,0,0.5450
510050.SH,20211101,3.29200000,4.54200000,5.15844437,0,0.5450
510050.SH,20211102,3.25300000,4.49600000,5.09733279,0,0.5450
510050.SH,20211103,3.22200000,4.46000000,5.04875691,0,0.5450
510050.SH,20211104,3.24800000,4.49000000,5.08949797,0,0.5450
510050.SH,20211105,3.24200000,4.48300000,5.08009619,0,0.5450
510050.SH,20211108,3.23600000,4.47600000,5.07069440,0,0.5450
510050.SH,20211109,3.22700000,4.46500000,5.05659173,0,0.5450
510050.SH,20211110,3.21000000,4.44500000,5.02995335,0,0.5450
510050.SH,20211111,3.27400000,4.52100000,5.13023902,0,0.5450
510050.SH,20211112,3.26100000,4.50600000,5.10986850,0,0.5450
510050.SH,20211115,3.26200000,4.50700000,5.11143546,0,0.5450
510050.SH,20211116,3.26200000,4.50700000,5.11143546,0,0.5450
510050.SH,20211117,3.24900000,4.49100000,5.09106493,0,0.5450
510050.SH,20211118,3.21300000,4.44900000,5.03465424,0,0.5450
510050.SH,20211119,3.25300000,4.49600000,5.09733279,0,0.5450
510050.SH,20211122,3.25200000,4.49500000,5.09576582,0,0.5450
510050.SH,20211123,3.26400000,4.50900000,5.11456939,0,0.5450
510050.SH,20211124,3.27200000,4.51900000,5.12710510,0,0.5450
510050.SH,20211125,3.25800000,4.50200000,5.10516760,0,0.5450
510050.SH,20211126,3.22700000,4.46500000,5.05659173,0,0.5450
510050.SH,20211129,3.18500000,4.46400000,5.05500459,1,0.5860
510050.SH,20211130,3.16300000,4.43800000,5.02008776,0,0.5860
510050.SH,20211201,3.17800000,4.45600000,5.04389469,0,0.5860
510050.SH,20211202,3.18900000,4.46900000,5.06135311,0,0.5860
510050.SH,20211203,3.21900000,4.50500000,5.10896696,0,0.5860
510050.SH,20211206,3.22600000,4.51300000,5.12007686,0,0.5860
510050.SH,20211207,3.25200000,4.54400000,5.16134221,0,0.5860
510050.SH,20211208,3.30200000,4.60300000,5.24069864,0,0.5860
510050.SH,20211209,3.35700000,4.66800000,5.32799071,0,0.5860
510050.SH,20211210,3.35100000,4.66100000,5.31846794,0,0.5860
510050.SH,20211213,3.35700000,4.66800000,5.32799071,0,0.5860
510050.SH,20211214,3.33800000,4.64500000,5.29783527,0,0.5860
510050.SH,20211215,3.30600000,4.60800000,5.24704715,0,0.5860
510050.SH,20211216,3.31800000,4.62200000,5.26609269,0,0.5860
510050.SH,20211217,3.26600000,4.56000000,5.18356201,0,0.5860
510050.SH,20211220,3.24200000,4.53200000,5.14547092,0,0.5860
510050.SH,20211221,3.26000000,4.55300000,5.17403924,0,0.5860
510050.SH,20211222,3.24700000,4.53800000,5.15340656,0,0.5860
510050.SH,20211223,3.27400000,4.57000000,5.19625904,0,0.5860
510050.SH,20211224,3.27700000,4.57300000,5.20102042,0,0.5860
510050.SH,20211227,3.26500000,4.55900000,5.18197488,0,0.5860
510050.SH,20211228,3.29000000,4.58900000,5.22165309,0,0.5860
510050.SH,20211229,3.22700000,4.51400000,5.12166399,0,0.5860
510050.SH,20211230,3.24800000,4.53900000,5.15499369,0,0.5860
510050.SH,20211231,3.26100000,4.55400000,5.17562636,0,0.5860
510050.SH,20220104,3.25000000,4.54100000,5.15816795,0,0.5860
510050.SH,20220105,3.24000000,4.52900000,5.14229666,0,0.5860
510050.SH,20220106,3.19700000,4.47800000,5.07405013,0,0.5860
510050.SH,20220107,3.20900000,4.49300000,5.09309568,0,0.5860
510050.SH,20220110,3.22200000,4.50800000,5.11372835,0,0.5860
510050.SH,20220111,3.20000000,4.48200000,5.07881152,0,0.5860
510050.SH,20220112,3.22200000,4.50800000,5.11372835,0,0.5860
510050.SH,20220113,3.17000000,4.44700000,5.03119766,0,0.5860
510050.SH,20220114,3.12500000,4.39300000,4.95977688,0,0.5860
510050.SH,20220117,3.13300000,4.40300000,4.97247390,0,0.5860
510050.SH,20220118,3.17300000,4.45000000,5.03595905,0,0.5860
510050.SH,20220119,3.17200000,4.44900000,5.03437192,0,0.5860
510050.SH,20220120,3.21900000,4.50500000,5.10896696,0,0.5860
510050.SH,20220121,3.20400000,4.48700000,5.08516003,0,0.5860
510050.SH,20220124,3.19500000,4.47600000,5.07087588,0,0.5860
510050.SH,20220125,3.13000000,4.39900000,4.96771252,0,0.5860
510050.SH,20220126,3.14900000,4.42200000,4.99786796,0,0.5860
510050.SH,20220127,3.10400000,4.36800000,4.92644717,0,0.5860
510050.SH,20220128,3.03900000,4.29100000,4.82328382,0,0.5860
510050.SH,20220207,3.09900000,4.36200000,4.91851153,0,0.5860
510050.SH,20220208,3.10100000,4.36500000,4.92168579,0,0.5860
510050.SH,20220209,3.12400000,4.39200000,4.95818975,0,0.5860
510050.SH,20220210,3.12900000,4.39800000,4.96612539,0,0.5860
510050.SH,20220211,3.12700000,4.39600000,4.96295113,0,0.5860
510050.SH,20220214,3.08800000,4.34900000,4.90105312,0,0.5860
510050.SH,20220215,3.10300000,4.36700000,4.92486005,0,0.5860
510050.SH,20220216,3.11900000,4.38600000,4.95025410,0,0.5860
510050.SH,20220217,3.12300000,4.39100000,4.95660262,0,0.5860
510050.SH,20220218,3.14600000,4.41800000,4.99310658,0,0.5860
510050.SH,20220221,3.12800000,4.39700000,4.96453826,0,0.5860
510050.SH,20220222,3.08600000,4.34700000,4.89787886,0,0.5860
510050.SH,20220223,3.10100000,4.36500000,4.92168579,0,0.5860
510050.SH,20220224,3.04300000,4.29600000,4.82963233,0,0.5860
510050.SH,20220225,3.05900000,4.31500000,4.85502639,0,0.5860
510050.SH,20220228,3.06400000,4.32100000,4.86296203,0,0.5860
510050.SH,20220301,3.10800000,4.37300000,4.93279569,0,0.5860
510050.SH,20220302,3.09000000,4.35200000,4.90422737,0,0.5860
510050.SH,20220303,3.08000000,4.34000000,4.88835609,0,0.5860
510050.SH,20220304,3.04500000,4.29900000,4.83280659,0,0.5860
510050.SH,20220307,2.95800000,4.19600000,4.69472640,0,0.5860
510050.SH,20220308,2.91700000,4.14700000,4.62965413,0,0.5860
510050.SH,20220309,2.89100000,4.11600000,4.58838878,0,0.5860
510050.SH,20220310,2.91700000,4.14700000,4.62965413,0,0.5860
510050.SH,20220311,2.91900000,4.14900000,4.63282838,0,0.5860
510050.SH,20220314,2.83600000,4.05100000,4.50109671,0,0.5860
510050.SH,20220315,2.68700000,3.87500000,4.26461455,0,0.5860
510050.SH,20220316,2.81100000,4.02200000,4.46141849,0,0.5860
510050.SH,20220317,2.86000000,4.08000000,4.53918780,0,0.5860
510050.SH,20220318,2.89700000,4.12300000,4.59791155,0,0.5860
510050.SH,20220321,2.87600000,4.09800000,4.56458185,0,0.5860
510050.SH,20220322,2.88400000,4.10800000,4.57727888,0,0.5860
510050.SH,20220323,2.90000000,4.12700000,4.60267294,0,0.5860
510050.SH,20220324,2.88700000,4.11100000,4.58204027,0,0.5860
510050.SH,20220325,2.84000000,4.05600000,4.50744522,0,0.5860
510050.SH,20220328,2.83700000,4.05200000,4.50268384,0,0.5860
510050.SH,20220329,2.82600000,4.03900000,4.48522542,0,0.5860
510050.SH,20220330,2.89900000,4.12600000,4.60108581,0,0.5860
510050.SH,20220331,2.88300000,4.10700000,4.57569175,0,0.5860
510050.SH,20220401,2.92700000,4.15900000,4.64552541,0,0.5860
510050.SH,20220406,2.91400000,4.14300000,4.62489274,0,0.5860
510050.SH,20220407,2.88600000,4.11000000,4.58045314,0,0.5860
510050.SH,20220408,2.90900000,4.13800000,4.61695710,0,0.5860
510050.SH,20220411,2.83000000,4.04400000,4.49157394,0,0.5860
510050.SH,20220412,2.87700000,4.10000000,4.56616898,0,0.5860
510050.SH,20220413,2.86600000,4.08700000,4.54871057,0,0.5860
510050.SH,20220414,2.91200000,4.14100000,4.62171848,0,0.5860
510050.SH,20220415,2.91300000,4.14200000,4.62330561,0,0.5860
510050.SH,20220418,2.87100000,4.09300000,4.55664621,0,0.5860
510050.SH,20220419,2.84500000,4.06200000,4.51538087,0,0.5860
510050.SH,20220420,2.81900000,4.03100000,4.47411552,0,0.5860
510050.SH,20220421,2.78100000,3.98600000,4.41380464,0,0.5860
510050.SH,20220422,2.79700000,4.00500000,4.43919869,0,0.5860
510050.SH,20220425,2.66800000,3.85200000,4.23445910,0,0.5860
510050.SH,20220426,2.66500000,3.84900000,4.22969772,0,0.5860
510050.SH,20220427,2.71800000,3.91100000,4.31381553,0,0.5860
510050.SH,20220428,2.75300000,3.95300000,4.36936504,0,0.5860
510050.SH,20220429,2.79000000,3.99700000,4.42808879,0,0.5860
510050.SH,20220505,2.78500000,3.99100000,4.42015315,0,0.5860
510050.SH,20220506,2.70500000,3.89600000,4.29318286,0,0.5860
510050.SH,20220509,2.68000000,3.86600000,4.25350465,0,0.5860
510050.SH,20220510,2.70300000,3.89400000,4.29000861,0,0.5860
510050.SH,20220511,2.72600000,3.92100000,4.32651256,0,0.5860
510050.SH,20220512,2.70600000,3.89700000,4.29476999,0,0.5860
510050.SH,20220513,2.73300000,3.92900000,4.33762246,0,0.5860
510050.SH,20220516,2.70500000,3.89600000,4.29318286,0,0.5860
510050.SH,20220517,2.74100000,3.93900000,4.35031949,0,0.5860
510050.SH,20220518,2.73000000,3.92600000,4.33286108,0,0.5860
510050.SH,20220519,2.72900000,3.92400000,4.33127395,0,0.5860
510050.SH,20220520,2.79200000,3.99900000,4.43126305,0,0.5860
510050.SH,20220523,2.76600000,3.96800000,4.38999771,0,0.5860
510050.SH,20220524,2.71800000,3.91100000,4.31381553,0,0.5860
510050.SH,20220525,2.72700000,3.92200000,4.32809969,0,0.5860
510050.SH,20220526,2.72900000,3.92400000,4.33127395,0,0.5860
510050.SH,20220527,2.74700000,3.94600000,4.35984226,0,0.5860
510050.SH,20220530,2.76300000,3.96500000,4.38523632,0,0.5860
510050.SH,20220531,2.79700000,4.00500000,4.43919869,0,0.5860
510050.SH,20220601,2.78400000,3.99000000,4.41856602,0,0.5860
510050.SH,20220602,2.77700000,3.98100000,4.40745612,0,0.5860
510050.SH,20220606,2.81200000,4.02300000,4.46300562,0,0.5860
510050.SH,20220607,2.83300000,4.04800000,4.49633532,0,0.5860
510050.SH,20220608,2.86600000,4.08700000,4.54871057,0,0.5860
510050.SH,20220609,2.85500000,4.07400000,4.53125215,0,0.5860
510050.SH,20220610,2.89000000,4.11500000,4.58680165,0,0.5860
510050.SH,20220613,2.83400000,4.04900000,4.49792245,0,0.5860
510050.SH,20220614,2.87100000,4.09300000,4.55664621,0,0.5860
510050.SH,20220615,2.91300000,4.14200000,4.62330561,0,0.5860
510050.SH,20220616,2.88600000,4.11000000,4.58045314,0,0.5860
510050.SH,20220617,2.93100000,4.16400000,4.65187393,0,0.5860
510050.SH,20220620,2.92600000,4.15800000,4.64393828,0,0.5860
510050.SH,20220621,2.93200000,4.16500000,4.65346106,0,0.5860
510050.SH,20220622,2.89800000,4.12500000,4.59949868,0,0.5860
510050.SH,20220623,2.94100000,4.17500000,4.66774521,0,0.5860
510050.SH,20220624,2.98000000,4.22200000,4.72964323,0,0.5860
510050.SH,20220627,3.01900000,4.26800000,4.79154124,0,0.5860
510050.SH,20220628,3.04600000,4.30000000,4.83439372,0,0.5860
510050.SH,20220629,3.01600000,4.26400000,4.78677986,0,0.5860
510050.SH,20220630,3.07300000,4.33200000,4.87724619,0,0.5860
510050.SH,20220701,3.05900000,4.31500000,4.85502639,0,0.5860
510050.SH,20220704,3.06400000,4.32100000,4.86296203,0,0.5860
510050.SH,20220705,3.06600000,4.32300000,4.86613629,0,0.5860
510050.SH,20220706,3.01200000,4.25900000,4.78043134,0,0.5860
510050.SH,20220707,3.00500000,4.25100000,4.76932144,0,0.5860
510050.SH,20220708,3.00900000,4.25600000,4.77566996,0,0.5860
510050.SH,20220711,2.96200000,4.20000000,4.70107491,0,0.5860
510050.SH,20220712,2.94600000,4.18100000,4.67568086,0,0.5860
510050.SH,20220713,2.93800000,4.17200000,4.66298383,0,0.5860
510050.SH,20220714,2.91900000,4.14900000,4.63282838,0,0.5860
510050.SH,20220715,2.87600000,4.09800000,4.56458185,0,0.5860
510050.SH,20220718,2.91500000,4.14500000,4.62647987,0,0.5860
510050.SH,20220719,2.90200000,4.12900000,4.60584720,0,0.5860
510050.SH,20220720,2.91100000,4.14000000,4.62013135,0,0.5860
510050.SH,20220721,2.87700000,4.10000000,4.56616898,0,0.5860
510050.SH,20220722,2.88800000,4.11300000,4.58362740,0,0.5860
510050.SH,20220725,2.87700000,4.10000000,4.56616898,0,0.5860
510050.SH,20220726,2.89500000,4.12100000,4.59473730,0,0.5860
510050.SH,20220727,2.86900000,4.09000000,4.55347195,0,0.5860
510050.SH,20220728,2.86800000,4.08900000,4.55188482,0,0.5860
510050.SH,20220729,2.83200000,4.04600000,4.49474820,0,0.5860
510050.SH,20220801,2.82200000,4.03500000,4.47887691,0,0.5860
510050.SH,20220802,2.77000000,3.97300000,4.39634622,0,0.5860
510050.SH,20220803,2.75000000,3.94900000,4.36460365,0,0.5860
510050.SH,20220804,2.78000000,3.98500000,4.41221751,0,0.5860
510050.SH,20220805,2.81500000,4.02600000,4.46776701,0,0.5860
510050.SH,20220808,2.80100000,4.01000000,4.44554721,0,0.5860
510050.SH,20220809,2.80400000,4.01300000,4.45030859,0,0.5860
510050.SH,20220810,2.77100000,3.97400000,4.39793335,0,0.5860
510050.SH,20220811,2.82800000,4.04200000,4.48839968,0,0.5860
510050.SH,20220812,2.83800000,4.05300000,4.50427097,0,0.5860
510050.SH,20220815,2.82300000,4.03600000,4.48046404,0,0.5860
510050.SH,20220816,2.80900000,4.01900000,4.45824424,0,0.5860
510050.SH,20220817,2.82600000,4.03900000,4.48522542,0,0.5860
510050.SH,20220818,2.79900000,4.00700000,4.44237295,0,0.5860
510050.SH,20220819,2.79100000,3.99800000,4.42967592,0,0.5860
510050.SH,20220822,2.79600000,4.00400000,4.43761157,0,0.5860
510050.SH,20220823,2.77600000,3.98000000,4.40586899,0,0.5860
510050.SH,20220824,2.74800000,3.94700000,4.36142939,0,0.5860
510050.SH,20220825,2.79300000,4.00000000,4.43285018,0,0.5860
510050.SH,20220826,2.79400000,4.00100000,4.43443731,0,0.5860
510050.SH,20220829,2.77400000,3.97800000,4.40269474,0,0.5860
510050.SH,20220830,2.76900000,3.97200000,4.39475909,0,0.5860
510050.SH,20220831,2.80400000,4.01300000,4.45030859,0,0.5860
510050.SH,20220901,2.77400000,3.97800000,4.40269474,0,0.5860
510050.SH,20220902,2.75300000,3.95300000,4.36936504,0,0.5860
510050.SH,20220905,2.73900000,3.93600000,4.34714524,0,0.5860
510050.SH,20220906,2.76600000,3.96800000,4.38999771,0,0.5860
510050.SH,20220907,2.75200000,3.95200000,4.36777791,0,0.5860
510050.SH,20220908,2.75000000,3.94900000,4.36460365,0,0.5860
510050.SH,20220909,2.80000000,4.00800000,4.44396008,0,0.5860
510050.SH,20220913,2.81200000,4.02300000,4.46300562,0,0.5860
510050.SH,20220914,2.78700000,3.99300000,4.42332741,0,0.5860
510050.SH,20220915,2.78600000,3.99200000,4.42174028,0,0.5860
510050.SH,20220916,2.71900000,3.91300000,4.31540266,0,0.5860
510050.SH,20220919,2.72100000,3.91500000,4.31857692,0,0.5860
510050.SH,20220920,2.71600000,3.90900000,4.31064128,0,0.5860
510050.SH,20220921,2.69400000,3.88300000,4.27572445,0,0.5860
510050.SH,20220922,2.67100000,3.85600000,4.23922049,0,0.5860
510050.SH,20220923,2.67100000,3.85600000,4.23922049,0,0.5860
510050.SH,20220926,2.65600000,3.83800000,4.21541356,0,0.5860
510050.SH,20220927,2.68400000,3.87100000,4.25985316,0,0.5860
510050.SH,20220928,2.65300000,3.83400000,4.21065218,0,0.5860
510050.SH,20220929,2.65000000,3.83100000,4.20589079,0,0.5860
510050.SH,20220930,2.65100000,3.83200000,4.20747792,0,0.5860
510050.SH,20221010,2.58500000,3.75400000,4.10272743,0,0.5860
510050.SH,20221011,2.57900000,3.74700000,4.09320466,0,0.5860
510050.SH,20221012,2.59500000,3.76600000,4.11859872,0,0.5860
510050.SH,20221013,2.56300000,3.72800000,4.06781060,0,0.5860
510050.SH,20221014,2.62500000,3.80100000,4.16621258,0,0.5860
510050.SH,20221017,2.62500000,3.80100000,4.16621258,0,0.5860
510050.SH,20221018,2.61000000,3.78400000,4.14240565,0,0.5860
510050.SH,20221019,2.55900000,3.72300000,4.06146209,0,0.5860
510050.SH,20221020,2.54400000,3.70500000,4.03765516,0,0.5860
510050.SH,20221021,2.53000000,3.68900000,4.01543536,0,0.5860
510050.SH,20221024,2.43300000,3.57400000,3.86148388,0,0.5860
510050.SH,20221025,2.43600000,3.57800000,3.86624527,0,0.5860
510050.SH,20221026,2.44100000,3.58300000,3.87418091,0,0.5860
510050.SH,20221027,2.42100000,3.56000000,3.84243834,0,0.5860
510050.SH,20221028,2.36600000,3.49500000,3.75514627,0,0.5860
510050.SH,20221031,2.33400000,3.45700000,3.70435815,0,0.5860
510050.SH,20221101,2.43700000,3.57900000,3.86783240,0,0.5860
510050.SH,20221102,2.45900000,3.60500000,3.90274923,0,0.5860
510050.SH,20221103,2.42700000,3.56700000,3.85196111,0,0.5860
510050.SH,20221104,2.50900000,3.66400000,3.98210566,0,0.5860
510050.SH,20221107,2.51800000,3.67500000,3.99638981,0,0.5860
510050.SH,20221108,2.49900000,3.65200000,3.96623437,0,0.5860
510050.SH,20221109,2.48000000,3.63000000,3.93607893,0,0.5860
510050.SH,20221110,2.48000000,3.63000000,3.93607893,0,0.5860
510050.SH,20221111,2.55900000,3.72300000,4.06146209,0,0.5860
510050.SH,20221114,2.57900000,3.74700000,4.09320466,0,0.5860
510050.SH,20221115,2.62500000,3.80100000,4.16621258,0,0.5860
510050.SH,20221116,2.61400000,3.78800000,4.14875416,0,0.5860
510050.SH,20221117,2.60100000,3.77300000,4.12812149,0,0.5860
510050.SH,20221118,2.58800000,3.75800000,4.10748882,0,0.5860
510050.SH,20221121,2.55500000,3.71800000,4.05511357,0,0.5860
510050.SH,20221122,2.57200000,3.73900000,4.08209476,0,0.5860
510050.SH,20221123,2.57600000,3.74300000,4.08844327,0,0.5860
510050.SH,20221124,2.56100000,3.72600000,4.06463634,0,0.5860
510050.SH,20221125,2.58500000,3.75400000,4.10272743,0,0.5860
510050.SH,20221128,2.54300000,3.70400000,4.03606803,0,0.5860
510050.SH,20221129,2.64900000,3.83000000,4.20430366,0,0.5860
510050.SH,20221130,2.64700000,3.82700000,4.20112940,0,0.5860
510050.SH,20221201,2.63500000,3.85700000,4.24137010,1,0.6230
510050.SH,20221202,2.61800000,3.83700000,4.21400642,0,0.6230
510050.SH,20221205,2.68000000,3.91000000,4.31380336,0,0.6230
510050.SH,20221206,2.68800000,3.92000000,4.32668039,0,0.6230
510050.SH,20221207,2.67300000,3.90200000,4.30253596,0,0.6230
510050.SH,20221208,2.67600000,3.90500000,4.30736485,0,0.6230
510050.SH,20221209,2.70900000,3.94500000,4.36048258,0,0.6230
510050.SH,20221212,2.67700000,3.90700000,4.30897448,0,0.6230
510050.SH,20221213,2.68000000,3.91000000,4.31380336,0,0.6230
510050.SH,20221214,2.69400000,3.92700000,4.33633816,0,0.6230
510050.SH,20221215,2.68300000,3.91400000,4.31863225,0,0.6230
510050.SH,20221216,2.69600000,3.92900000,4.33955741,0,0.6230
510050.SH,20221219,2.65400000,3.87900000,4.27195303,0,0.6230
510050.SH,20221220,2.60700000,3.82400000,4.19630051,0,0.6230
510050.SH,20221221,2.61500000,3.83300000,4.20917753,0,0.6230
510050.SH,20221222,2.62700000,3.84700000,4.22849307,0,0.6230
510050.SH,20221223,2.62300000,3.84300000,4.22205456,0,0.6230
510050.SH,20221226,2.61500000,3.83300000,4.20917753,0,0.6230
510050.SH,20221227,2.64500000,3.86900000,4.25746638,0,0.6230
510050.SH,20221228,2.65100000,3.87600000,4.26712415,0,0.6230
510050.SH,20221229,2.63400000,3.85600000,4.23976047,0,0.6230
510050.SH,20221230,2.64700000,3.87100000,4.26068563,0,0.6230
510050.SH,20221231,2.64700000,3.87100000,4.26068563,0,0.6230
510050.SH,20230103,2.65300000,3.87800000,4.27034340,0,0.6230
510050.SH,20230104,2.66300000,3.89000000,4.28643968,0,0.6230
510050.SH,20230105,2.71200000,3.94800000,4.36531146,0,0.6230
510050.SH,20230106,2.72500000,3.96300000,4.38623663,0,0.6230
510050.SH,20230109,2.75400000,3.99800000,4.43291584,0,0.6230
510050.SH,20230110,2.74500000,3.98700000,4.41842919,0,0.6230
510050.SH,20230111,2.75200000,3.99500000,4.42969659,0,0.6230
510050.SH,20230112,2.75300000,3.99700000,4.43130621,0,0.6230
510050.SH,20230113,2.79900000,4.05100000,4.50534911,0,0.6230
510050.SH,20230116,2.84600000,4.10700000,4.58100163,0,0.6230
510050.SH,20230117,2.83900000,4.09800000,4.56973423,0,0.6230
510050.SH,20230118,2.82100000,4.07700000,4.54076093,0,0.6230
510050.SH,20230119,2.83200000,4.09000000,4.55846684,0,0.6230
510050.SH,20230120,2.84800000,4.10900000,4.58422089,0,0.6230
510050.SH,20230130,2.85000000,4.11100000,4.58744014,0,0.6230
510050.SH,20230131,2.81800000,4.07400000,4.53593204,0,0.6230
510050.SH,20230201,2.83100000,4.08900000,4.55685721,0,0.6230
510050.SH,20230202,2.82200000,4.07800000,4.54237055,0,0.6230
510050.SH,20230203,2.78400000,4.03300000,4.48120469,0,0.6230
510050.SH,20230206,2.74400000,3.98600000,4.41681956,0,0.6230
510050.SH,20230207,2.75000000,3.99300000,4.42647733,0,0.6230
510050.SH,20230208,2.74000000,3.98100000,4.41038105,0,0.6230
510050.SH,20230209,2.77100000,4.01800000,4.46027952,0,0.6230
510050.SH,20230210,2.75600000,4.00000000,4.43613510,0,0.6230
510050.SH,20230213,2.77700000,4.02500000,4.46993729,0,0.6230
510050.SH,20230214,2.78600000,4.03600000,4.48442394,0,0.6230
510050.SH,20230215,2.76100000,4.00600000,4.44418324,0,0.6230
510050.SH,20230216,2.75200000,3.99500000,4.42969659,0,0.6230
510050.SH,20230217,2.72300000,3.96100000,4.38301737,0,0.6230
510050.SH,20230220,2.79700000,4.04900000,4.50212985,0,0.6230
510050.SH,20230221,2.81000000,4.06400000,4.52305502,0,0.6230
510050.SH,20230222,2.77800000,4.02600000,4.47154692,0,0.6230
510050.SH,20230223,2.77600000,4.02400000,4.46832766,0,0.6230
510050.SH,20230224,2.73600000,3.97700000,4.40394254,0,0.6230
510050.SH,20230227,2.73100000,3.97100000,4.39589440,0,0.6230
510050.SH,20230228,2.74500000,3.98700000,4.41842919,0,0.6230
510050.SH,20230301,2.78100000,4.03000000,4.47637580,0,0.6230
510050.SH,20230302,2.77700000,4.02500000,4.46993729,0,0.6230
510050.SH,20230303,2.78200000,4.03100000,4.47798543,0,0.6230
510050.SH,20230306,2.75200000,3.99500000,4.42969659,0,0.6230
510050.SH,20230307,2.72100000,3.95900000,4.37979811,0,0.6230
510050.SH,20230308,2.69900000,3.93300000,4.34438630,0,0.6230
510050.SH,20230309,2.67900000,3.90900000,4.31219373,0,0.6230
510050.SH,20230310,2.64300000,3.86600000,4.25424712,0,0.6230
510050.SH,20230313,2.67100000,3.90000000,4.29931671,0,0.6230
510050.SH,20230314,2.65200000,3.87700000,4.26873377,0,0.6230
510050.SH,20230315,2.65500000,3.88100000,4.27356266,0,0.6230
510050.SH,20230316,2.63000000,3.85100000,4.23332196,0,0.6230
510050.SH,20230317,2.63500000,3.85700000,4.24137010,0,0.6230
510050.SH,20230320,2.62300000,3.84300000,4.22205456,0,0.6230
510050.SH,20230321,2.65000000,3.87500000,4.26551452,0,0.6230
510050.SH,20230322,2.65800000,3.88400000,4.27839154,0,0.6230
510050.SH,20230323,2.67500000,3.90400000,4.30575522,0,0.6230
510050.SH,20230324,2.66000000,3.88700000,4.28161080,0,0.6230
510050.SH,20230327,2.64600000,3.87000000,4.25907601,0,0.6230
510050.SH,20230328,2.64500000,3.86900000,4.25746638,0,0.6230
510050.SH,20230329,2.64200000,3.86500000,4.25263749,0,0.6230
510050.SH,20230330,2.67000000,3.89800000,4.29770708,0,0.6230
510050.SH,20230331,2.66800000,3.89600000,4.29448782,0,0.6230
510050.SH,20230403,2.67200000,3.90100000,4.30092634,0,0.6230
510050.SH,20230404,2.68200000,3.91300000,4.31702262,0,0.6230
510050.SH,20230406,2.67200000,3.90100000,4.30092634,0,0.6230
510050.SH,20230407,2.69100000,3.92300000,4.33150927,0,0.6230
510050.SH,20230410,2.69100000,3.92300000,4.33150927,0,0.6230
510050.SH,20230411,2.68600000,3.91700000,4.32346113,0,0.6230
510050.SH,20230412,2.67100000,3.90000000,4.29931671,0,0.6230
510050.SH,20230413,2.67500000,3.90400000,4.30575522,0,0.6230
510050.SH,20230414,2.68400000,3.91500000,4.32024187,0,0.6230
510050.SH,20230417,2.73800000,3.97900000,4.40716179,0,0.6230
510050.SH,20230418,2.75000000,3.99300000,4.42647733,0,0.6230
510050.SH,20230419,2.72600000,3.96500000,4.38784626,0,0.6230
510050.SH,20230420,2.71000000,3.94600000,4.36209221,0,0.6230
510050.SH,20230421,2.65900000,3.88500000,4.28000117,0,0.6230
510050.SH,20230424,2.62300000,3.84300000,4.22205456,0,0.6230
510050.SH,20230425,2.62400000,3.84400000,4.22366419,0,0.6230
510050.SH,20230426,2.62300000,3.84300000,4.22205456,0,0.6230
510050.SH,20230427,2.65500000,3.88100000,4.27356266,0,0.6230
510050.SH,20230428,2.68300000,3.91400000,4.31863225,0,0.6230
510050.SH,20230504,2.69700000,3.93000000,4.34116704,0,0.6230
510050.SH,20230505,2.68900000,3.92100000,4.32829001,0,0.6230
510050.SH,20230508,2.72400000,3.96200000,4.38462700,0,0.6230
510050.SH,20230509,2.70800000,3.94300000,4.35887295,0,0.6230
510050.SH,20230510,2.67800000,3.90800000,4.31058411,0,0.6230
510050.SH,20230511,2.67000000,3.89800000,4.29770708,0,0.6230
510050.SH,20230512,2.63500000,3.85700000,4.24137010,0,0.6230
510050.SH,20230515,2.68100000,3.91100000,4.31541299,0,0.6230
510050.SH,20230516,2.67400000,3.90300000,4.30414559,0,0.6230
510050.SH,20230517,2.65300000,3.87800000,4.27034340,0,0.6230
510050.SH,20230518,2.64800000,3.87200000,4.26229526,0,0.6230
510050.SH,20230519,2.63700000,3.85900000,4.24458935,0,0.6230
510050.SH,20230522,2.66200000,3.88900000,4.28483006,0,0.6230
510050.SH,20230523,2.62100000,3.84000000,4.21883530,0,0.6230
510050.SH,20230524,2.58100000,3.79300000,4.15445018,0,0.6230
510050.SH,20230525,2.56700000,3.77600000,4.13191538,0,0.6230
510050.SH,20230526,2.56400000,3.77300000,4.12708650,0,0.6230
510050.SH,20230529,2.55200000,3.75900000,4.10777096,0,0.6230
510050.SH,20230530,2.53900000,3.74300000,4.08684580,0,0.6230
510050.SH,20230531,2.50100000,3.69800000,4.02567993,0,0.6230
510050.SH,20230601,2.50800000,3.70700000,4.03694732,0,0.6230
510050.SH,20230602,2.55100000,3.75800000,4.10616133,0,0.6230
510050.SH,20230605,2.53600000,3.74000000,4.08201691,0,0.6230
510050.SH,20230606,2.52700000,3.72900000,4.06753026,0,0.6230
510050.SH,20230607,2.51900000,3.72000000,4.05465323,0,0.6230
510050.SH,20230608,2.54800000,3.75400000,4.10133245,0,0.6230
510050.SH,20230609,2.55900000,3.76700000,4.11903836,0,0.6230
510050.SH,20230612,2.55800000,3.76600000,4.11742873,0,0.6230
510050.SH,20230613,2.56300000,3.77200000,4.12547687,0,0.6230
510050.SH,20230614,2.56700000,3.77600000,4.13191538,0,0.6230
510050.SH,20230615,2.60300000,3.81900000,4.18986200,0,0.6230
510050.SH,20230616,2.62800000,3.84900000,4.23010270,0,0.6230
510050.SH,20230619,2.59400000,3.80800000,4.17537534,0,0.6230
510050.SH,20230620,2.58100000,3.79300000,4.15445018,0,0.6230
510050.SH,20230621,2.55400000,3.76100000,4.11099022,0,0.6230
510050.SH,20230626,2.52400000,3.72600000,4.06270137,0,0.6230
510050.SH,20230627,2.54200000,3.74700000,4.09167468,0,0.6230
510050.SH,20230628,2.55000000,3.75600000,4.10455171,0,0.6230
510050.SH,20230629,2.53000000,3.73300000,4.07235914,0,0.6230
510050.SH,20230630,2.54000000,3.74400000,4.08845542,0,0.6230
510050.SH,20230703,2.58300000,3.79500000,4.15766943,0,0.6230
510050.SH,20230704,2.58600000,3.79900000,4.16249832,0,0.6230
510050.SH,20230705,2.57100000,3.78100000,4.13835390,0,0.6230
510050.SH,20230706,2.55200000,3.75900000,4.10777096,0,0.6230
510050.SH,20230707,2.54000000,3.74400000,4.08845542,0,0.6230
510050.SH,20230710,2.55400000,3.76100000,4.11099022,0,0.6230
510050.SH,20230711,2.57000000,3.78000000,4.13674427,0,0.6230
510050.SH,20230712,2.56800000,3.77800000,4.13352501,0,0.6230
510050.SH,20230713,2.61000000,3.82700000,4.20112939,0,0.6230
510050.SH,20230714,2.61200000,3.83000000,4.20434865,0,0.6230
510050.SH,20230717,2.58800000,3.80100000,4.16571757,0,0.6230
510050.SH,20230718,2.58300000,3.79500000,4.15766943,0,0.6230
510050.SH,20230719,2.58900000,3.80200000,4.16732720,0,0.6230
510050.SH,20230720,2.57900000,3.79100000,4.15123092,0,0.6230
510050.SH,20230721,2.58500000,3.79800000,4.16088869,0,0.6230
510050.SH,20230724,2.57500000,3.78600000,4.14479241,0,0.6230
510050.SH,20230725,2.65500000,3.88100000,4.27356266,0,0.6230
510050.SH,20230726,2.65300000,3.87800000,4.27034340,0,0.6230
510050.SH,20230727,2.65200000,3.87700000,4.26873377,0,0.6230
510050.SH,20230728,2.72600000,3.96500000,4.38784626,0,0.6230
510050.SH,20230731,2.73300000,3.97300000,4.39911365,0,0.6230
510050.SH,20230801,2.72500000,3.96300000,4.38623663,0,0.6230
510050.SH,20230802,2.69900000,3.93300000,4.34438630,0,0.6230
510050.SH,20230803,2.72400000,3.96200000,4.38462700,0,0.6230
510050.SH,20230804,2.72800000,3.96700000,4.39106551,0,0.6230
510050.SH,20230807,2.71300000,3.94900000,4.36692109,0,0.6230
510050.SH,20230808,2.71000000,3.94600000,4.36209221,0,0.6230
510050.SH,20230809,2.70700000,3.94200000,4.35726332,0,0.6230
510050.SH,20230810,2.70800000,3.94300000,4.35887295,0,0.6230
510050.SH,20230811,2.64600000,3.87000000,4.25907601,0,0.6230
510050.SH,20230814,2.62500000,3.84500000,4.22527382,0,0.6230
510050.SH,20230815,2.62200000,3.84200000,4.22044493,0,0.6230
510050.SH,20230816,2.60600000,3.82300000,4.19469088,0,0.6230
510050.SH,20230817,2.61200000,3.83000000,4.20434865,0,0.6230
510050.SH,20230818,2.58200000,3.79400000,4.15605981,0,0.6230
510050.SH,20230821,2.54900000,3.75500000,4.10294208,0,0.6230
510050.SH,20230822,2.56800000,3.77800000,4.13352501,0,0.6230
510050.SH,20230823,2.53500000,3.73900000,4.08040728,0,0.6230
510050.SH,20230824,2.55500000,3.76200000,4.11259985,0,0.6230
510050.SH,20230825,2.56200000,3.77100000,4.12386724,0,0.6230
510050.SH,20230828,2.59600000,3.81100000,4.17859460,0,0.6230
510050.SH,20230829,2.60700000,3.82400000,4.19630051,0,0.6230
510050.SH,20230830,2.60000000,3.81600000,4.18503311,0,0.6230
510050.SH,20230831,2.58800000,3.80100000,4.16571757,0,0.6230
510050.SH,20230901,2.61100000,3.82900000,4.20273902,0,0.6230
510050.SH,20230904,2.65700000,3.88300000,4.27678191,0,0.6230
510050.SH,20230905,2.64100000,3.86400000,4.25102786,0,0.6230
510050.SH,20230906,2.63800000,3.86100000,4.24619898,0,0.6230
510050.SH,20230907,2.61200000,3.83000000,4.20434865,0,0.6230
510050.SH,20230908,2.59700000,3.81200000,4.18020423,0,0.6230
510050.SH,20230911,2.61400000,3.83200000,4.20756791,0,0.6230
510050.SH,20230912,2.60900000,3.82600000,4.19951977,0,0.6230
510050.SH,20230913,2.60200000,3.81800000,4.18825237,0,0.6230
510050.SH,20230914,2.60800000,3.82500000,4.19791014,0,0.6230
510050.SH,20230915,2.59300000,3.80700000,4.17376572,0,0.6230
510050.SH,20230918,2.61000000,3.82700000,4.20112939,0,0.6230
510050.SH,20230919,2.61000000,3.82700000,4.20112939,0,0.6230
510050.SH,20230920,2.60000000,3.81600000,4.18503311,0,0.6230
510050.SH,20230921,2.57400000,3.78500000,4.14318278,0,0.6230
510050.SH,20230922,2.63000000,3.85100000,4.23332196,0,0.6230
510050.SH,20230925,2.60800000,3.82500000,4.19791014,0,0.6230
510050.SH,20230926,2.59200000,3.80600000,4.17215609,0,0.6230
510050.SH,20230927,2.59900000,3.81400000,4.18342348,0,0.6230
510050.SH,20230928,2.58500000,3.79800000,4.16088869,0,0.6230
510050.SH,20230930,2.58500000,3.79800000,4.16088869,0,0.6230
510050.SH,20231009,2.57700000,3.78800000,4.14801167,0,0.6230
510050.SH,20231010,2.55900000,3.76700000,4.11903836,0,0.6230
510050.SH,20231011,2.56800000,3.77800000,4.13352501,0,0.6230
510050.SH,20231012,2.59200000,3.80600000,4.17215609,0,0.6230
510050.SH,20231013,2.56600000,3.77500000,4.13030576,0,0.6230
510050.SH,20231016,2.54400000,3.74900000,4.09489394,0,0.6230
510050.SH,20231017,2.55500000,3.76200000,4.11259985,0,0.6230
510050.SH,20231018,2.54300000,3.74800000,4.09328431,0,0.6230
510050.SH,20231019,2.47500000,3.66800000,3.98382960,0,0.6230
510050.SH,20231020,2.46200000,3.65200000,3.96290443,0,0.6230
510050.SH,20231023,2.44200000,3.62800000,3.93071187,0,0.6230
510050.SH,20231024,2.45100000,3.63900000,3.94519852,0,0.6230
510050.SH,20231025,2.46300000,3.65300000,3.96451406,0,0.6230
510050.SH,20231026,2.47000000,3.66200000,3.97578146,0,0.6230
510050.SH,20231027,2.49200000,3.68800000,4.01119328,0,0.6230
510050.SH,20231030,2.49100000,3.68600000,4.00958365,0,0.6230
510050.SH,20231031,2.48800000,3.68300000,4.00475476,0,0.6230
510050.SH,20231101,2.49800000,3.69500000,4.02085104,0,0.6230
510050.SH,20231102,2.49400000,3.69000000,4.01441253,0,0.6230
510050.SH,20231103,2.51400000,3.71400000,4.04660509,0,0.6230
510050.SH,20231106,2.53500000,3.73900000,4.08040728,0,0.6230
510050.SH,20231107,2.52100000,3.72200000,4.05787249,0,0.6230
510050.SH,20231108,2.51400000,3.71400000,4.04660509,0,0.6230
510050.SH,20231109,2.51300000,3.71300000,4.04499547,0,0.6230
510050.SH,20231110,2.49000000,3.68500000,4.00797402,0,0.6230
510050.SH,20231113,2.48400000,3.67800000,3.99831625,0,0.6230
510050.SH,20231114,2.48200000,3.67600000,3.99509699,0,0.6230
510050.SH,20231115,2.50300000,3.70100000,4.02889918,0,0.6230
510050.SH,20231116,2.48000000,3.67300000,3.99187774,0,0.6230
510050.SH,20231117,2.47300000,3.66500000,3.98061034,0,0.6230
510050.SH,20231120,2.48000000,3.67300000,3.99187774,0,0.6230
510050.SH,20231121,2.49200000,3.68800000,4.01119328,0,0.6230
510050.SH,20231122,2.47200000,3.66400000,3.97900071,0,0.6230
510050.SH,20231123,2.48000000,3.67300000,3.99187774,0,0.6230
510050.SH,20231124,2.46600000,3.65700000,3.96934294,0,0.6230
510050.SH,20231127,2.40600000,3.63200000,3.93499758,1,0.6620
510050.SH,20231128,2.40600000,3.63200000,3.93499758,0,0.6620
510050.SH,20231129,2.39300000,3.61700000,3.91373616,0,0.6620
510050.SH,20231130,2.40100000,3.62600000,3.92682011,0,0.6620
510050.SH,20231201,2.38700000,3.61000000,3.90392320,0,0.6620
510050.SH,20231204,2.36800000,3.58700000,3.87284882,0,0.6620
510050.SH,20231205,2.32000000,3.53000000,3.79434513,0,0.6620
510050.SH,20231206,2.31700000,3.52700000,3.78943865,0,0.6620
510050.SH,20231207,2.30800000,3.51600000,3.77471921,0,0.6620
510050.SH,20231208,2.31500000,3.52400000,3.78616766,0,0.6620
510050.SH,20231211,2.32500000,3.53600000,3.80252260,0,0.6620
510050.SH,20231212,2.33700000,3.55000000,3.82214852,0,0.6620
510050.SH,20231213,2.29200000,3.49700000,3.74855131,0,0.6620
510050.SH,20231214,2.28100000,3.48400000,3.73056088,0,0.6620
510050.SH,20231215,2.27600000,3.47800000,3.72238341,0,0.6620
510050.SH,20231218,2.28200000,3.48500000,3.73219637,0,0.6620
510050.SH,20231219,2.28800000,3.49200000,3.74200933,0,0.6620
510050.SH,20231220,2.27400000,3.47600000,3.71911242,0,0.6620
510050.SH,20231221,2.29800000,3.50400000,3.75836427,0,0.6620
510050.SH,20231222,2.30700000,3.51500000,3.77308371,0,0.6620
510050.SH,20231225,2.31000000,3.51800000,3.77799019,0,0.6620
510050.SH,20231226,2.29900000,3.50500000,3.75999976,0,0.6620
510050.SH,20231227,2.30400000,3.51100000,3.76817723,0,0.6620
510050.SH,20231228,2.35600000,3.57300000,3.85322290,0,0.6620
510050.SH,20231229,2.36400000,3.58200000,3.86630685,0,0.6620
510050.SH,20231231,2.36400000,3.58200000,3.86630685,0,0.6620
510050.SH,20240102,2.32900000,3.54100000,3.80906457,0,0.6620
510050.SH,20240103,2.33200000,3.54400000,3.81397105,0,0.6620
510050.SH,20240104,2.31600000,3.52500000,3.78780315,0,0.6620
510050.SH,20240105,2.30500000,3.51200000,3.76981272,0,0.6620
510050.SH,20240108,2.28000000,3.48300000,3.72892539,0,0.6620
510050.SH,20240109,2.28100000,3.48400000,3.73056088,0,0.6620
510050.SH,20240110,2.27100000,3.47200000,3.71420594,0,0.6620
510050.SH,20240111,2.27600000,3.47800000,3.72238341,0,0.6620
510050.SH,20240112,2.27300000,3.47460000,3.71747693,0,0.6620
510050.SH,20240115,2.27400000,3.47580000,3.71911242,0,0.6620
510050.SH,20240116,2.28450000,3.48820000,3.73628511,0,0.6620
510050.SH,20240117,2.23420000,3.42860000,3.65401978,0,0.6620
510050.SH,20240118,2.27300000,3.47460000,3.71747693,0,0.6620
510050.SH,20240119,2.27860000,3.48120000,3.72663569,0,0.6620
510050.SH,20240122,2.26530000,3.46550000,3.70488363,0,0.6620
510050.SH,20240123,2.26120000,3.46060000,3.69817811,0,0.6620
510050.SH,20240124,2.29570000,3.50140000,3.75460263,0,0.6620
510050.SH,20240125,2.34870000,3.56420000,3.84128379,0,0.6620
510050.SH,20240126,2.35020000,3.56600000,3.84373704,0,0.6620
510050.SH,20240129,2.34010000,3.55400000,3.82721855,0,0.6620
510050.SH,20240130,2.30610000,3.51380000,3.77161177,0,0.6620
510050.SH,20240131,2.28900000,3.49350000,3.74364483,0,0.6620
510050.SH,20240201,2.28280000,3.48620000,3.73350477,0,0.6620
510050.SH,20240202,2.26290000,3.46260000,3.70095844,0,0.6620
510050.SH,20240205,2.28950000,3.49410000,3.74446257,0,0.6620
510050.SH,20240206,2.35390000,3.57030000,3.84978836,0,0.6620
510050.SH,20240207,2.37950000,3.60070000,3.89165700,0,0.6620
510050.SH,20240208,2.38810000,3.61080000,3.90572224,0,0.6620
510050.SH,20240219,2.40680000,3.63300000,3.93630597,0,0.6620
510050.SH,20240220,2.40430000,3.63000000,3.93221724,0,0.6620
510050.SH,20240221,2.44640000,3.67990000,4.00107152,0,0.6620
510050.SH,20240222,2.46940000,3.70710000,4.03868787,0,0.6620
510050.SH,20240223,2.46970000,3.70740000,4.03917852,0,0.6620
510050.SH,20240226,2.42920000,3.65950000,3.97294103,0,0.6620
510050.SH,20240227,2.44070000,3.67310000,3.99174921,0,0.6620
510050.SH,20240228,2.42120000,3.65000000,3.95985708,0,0.6620
510050.SH,20240229,2.44880000,3.68270000,4.00499670,0,0.6620
510050.SH,20240301,2.45060000,3.68480000,4.00794059,0,0.6620
510050.SH,20240304,2.45420000,3.68910000,4.01382837,0,0.6620
510050.SH,20240305,2.48230000,3.72240000,4.05978574,0,0.6620
510050.SH,20240306,2.46990000,3.70770000,4.03950562,0,0.6620
510050.SH,20240307,2.46250000,3.69890000,4.02740297,0,0.6620
510050.SH,20240308,2.46170000,3.69800000,4.02609457,0,0.6620
510050.SH,20240311,2.47870000,3.71810000,4.05389796,0,0.6620
510050.SH,20240312,2.48620000,3.72700000,4.06616416,0,0.6620
510050.SH,20240313,2.46300000,3.69950000,4.02822071,0,0.6620
510050.SH,20240314,2.45910000,3.69490000,4.02184229,0,0.6620
510050.SH,20240315,2.46250000,3.69890000,4.02740297,0,0.6620
510050.SH,20240318,2.47350000,3.71190000,4.04539339,0,0.6620
510050.SH,20240319,2.45180000,3.68620000,4.00990318,0,0.6620
510050.SH,20240320,2.46160000,3.69780000,4.02593102,0,0.6620
510050.SH,20240321,2.46220000,3.69860000,4.02691232,0,0.6620
510050.SH,20240322,2.43790000,3.66980000,3.98716982,0,0.6620
510050.SH,20240325,2.43580000,3.66730000,3.98373529,0,0.6620
510050.SH,20240326,2.44840000,3.68220000,4.00434251,0,0.6620
510050.SH,20240327,2.43350000,3.66460000,3.97997365,0,0.6620
510050.SH,20240328,2.43650000,3.66810000,3.98488013,0,0.6620
510050.SH,20240329,2.44950000,3.68350000,4.00614155,0,0.6620
510050.SH,20240331,2.44940000,3.68340000,4.00597800,0,0.6620
510050.SH,20240401,2.47640000,3.71540000,4.05013633,0,0.6620
510050.SH,20240402,2.47050000,3.70840000,4.04048691,0,0.6620
510050.SH,20240403,2.46480000,3.70160000,4.03116460,0,0.6620
510050.SH,20240408,2.44830000,3.68210000,4.00417896,0,0.6620
510050.SH,20240409,2.43860000,3.67060000,3.98831467,0,0.6620
510050.SH,20240410,2.43060000,3.66110000,3.97523072,0,0.6620
510050.SH,20240411,2.42860000,3.65880000,3.97195973,0,0.6620
510050.SH,20240412,2.40750000,3.63380000,3.93745082,0,0.6620
510050.SH,20240415,2.45790000,3.69350000,4.01987969,0,0.6620
510050.SH,20240416,2.44610000,3.67950000,4.00058087,0,0.6620
510050.SH,20240417,2.47390000,3.71240000,4.04604759,0,0.6620
510050.SH,20240418,2.47950000,3.71900000,4.05520636,0,0.6620
510050.SH,20240419,2.46460000,3.70140000,4.03083750,0,0.6620
510050.SH,20240422,2.45970000,3.69560000,4.02282358,0,0.6620
510050.SH,20240423,2.44840000,3.68220000,4.00434251,0,0.6620
510050.SH,20240424,2.45890000,3.69460000,4.02151519,0,0.6620
510050.SH,20240425,2.46650000,3.70360000,4.03394494,0,0.6620
510050.SH,20240426,2.49720000,3.74000000,4.08415459,0,0.6620
510050.SH,20240429,2.50980000,3.75490000,4.10476181,0,0.6620
510050.SH,20240430,2.49950000,3.74270000,4.08791623,0,0.6620
510050.SH,20240506,2.53110000,3.78010000,4.13959783,0,0.6620
510050.SH,20240507,2.53520000,3.78500000,4.14630335,0,0.6620
510050.SH,20240508,2.52120000,3.76840000,4.12340644,0,0.6620
510050.SH,20240509,2.53710000,3.78720000,4.14941079,0,0.6620
510050.SH,20240510,2.54390000,3.79530000,4.16053214,0,0.6620
510050.SH,20240513,2.54160000,3.79260000,4.15677051,0,0.6620
510050.SH,20240514,2.53170000,3.78080000,4.14057912,0,0.6620
510050.SH,20240515,2.51200000,3.75750000,4.10835990,0,0.6620
510050.SH,20240516,2.52420000,3.77200000,4.12831292,0,0.6620
510050.SH,20240517,2.55920000,3.81340000,4.18555520,0,0.6620
510050.SH,20240520,2.56800000,3.82380000,4.19994754,0,0.6620
510050.SH,20240521,2.56020000,3.81460000,4.18719069,0,0.6620
510050.SH,20240522,2.56410000,3.81920000,4.19356911,0,0.6620
510050.SH,20240523,2.53540000,3.78520000,4.14663045,0,0.6620
510050.SH,20240524,2.50870000,3.75360000,4.10296277,0,0.6620
510050.SH,20240527,2.53200000,3.78120000,4.14106977,0,0.6620
510050.SH,20240528,2.52440000,3.77220000,4.12864002,0,0.6620
510050.SH,20240529,2.52740000,3.77570000,4.13354650,0,0.6620
510050.SH,20240530,2.50770000,3.75240000,4.10132728,0,0.6620
510050.SH,20240531,2.49600000,3.73860000,4.08219200,0,0.6620
510050.SH,20240603,2.50270000,3.74650000,4.09314981,0,0.6620
510050.SH,20240604,2.51720000,3.76370000,4.11686446,0,0.6620
510050.SH,20240605,2.50470000,3.74890000,4.09642079,0,0.6620
510050.SH,20240606,2.50440000,3.74850000,4.09593015,0,0.6620
510050.SH,20240607,2.49660000,3.73930000,4.08317330,0,0.6620
510050.SH,20240611,2.46330000,3.69990000,4.02871136,0,0.6620
510050.SH,20240612,2.46350000,3.70010000,4.02903846,0,0.6620
510050.SH,20240613,2.45210000,3.68660000,4.01039383,0,0.6620
510050.SH,20240614,2.46760000,3.70490000,4.03574398,0,0.6620
510050.SH,20240617,2.45620000,3.69150000,4.01709936,0,0.6620
510050.SH,20240618,2.45430000,3.68920000,4.01399192,0,0.6620
510050.SH,20240619,2.45810000,3.69370000,4.02020679,0,0.6620
510050.SH,20240620,2.45170000,3.68610000,4.00973963,0,0.6620
510050.SH,20240621,2.44180000,3.67440000,3.99354825,0,0.6620
510050.SH,20240624,2.44650000,3.68000000,4.00123507,0,0.6620
510050.SH,20240625,2.43640000,3.66800000,3.98471658,0,0.6620
510050.SH,20240626,2.44210000,3.67480000,3.99403890,0,0.6620
510050.SH,20240627,2.43380000,3.66490000,3.98046430,0,0.6620
510050.SH,20240628,2.44210000,3.67480000,3.99403890,0,0.6620
510050.SH,20240630,2.44200000,3.67460000,3.99387535,0,0.6620
510050.SH,20240701,2.45270000,3.68730000,4.01137513,0,0.6620
510050.SH,20240702,2.46410000,3.70080000,4.03001976,0,0.6620
510050.SH,20240703,2.46220000,3.69860000,4.02691232,0,0.6620
510050.SH,20240704,2.45540000,3.69050000,4.01579096,0,0.6620
510050.SH,20240705,2.43370000,3.66480000,3.98030075,0,0.6620
510050.SH,20240708,2.42160000,3.65050000,3.96051128,0,0.6620
510050.SH,20240709,2.44510000,3.67830000,3.99894538,0,0.6620
510050.SH,20240710,2.44090000,3.67330000,3.99207630,0,0.6620
510050.SH,20240711,2.46580000,3.70280000,4.03280009,0,0.6620
510050.SH,20240712,2.48380000,3.72410000,4.06223898,0,0.6620
510050.SH,20240715,2.49210000,3.73400000,4.07581358,0,0.6620
510050.SH,20240716,2.50180000,3.74540000,4.09167786,0,0.6620
510050.SH,20240717,2.51190000,3.75740000,4.10819635,0,0.6620
510050.SH,20240718,2.52370000,3.77140000,4.12749517,0,0.6620
510050.SH,20240719,2.54050000,3.79130000,4.15497147,0,0.6620
510050.SH,20240722,2.51560000,3.76180000,4.11424768,0,0.6620
510050.SH,20240723,2.47880000,3.71820000,4.05406151,0,0.6620
510050.SH,20240724,2.47260000,3.71090000,4.04392145,0,0.6620
510050.SH,20240725,2.45060000,3.68480000,4.00794059,0,0.6620
510050.SH,20240726,2.44220000,3.67490000,3.99420245,0,0.6620
510050.SH,20240729,2.43510000,3.66650000,3.98259044,0,0.6620
510050.SH,20240730,2.42240000,3.65140000,3.96181967,0,0.6620
510050.SH,20240731,2.46410000,3.70080000,4.03001976,0,0.6620
510050.SH,20240801,2.44850000,3.68230000,4.00450606,0,0.6620
510050.SH,20240802,2.43110000,3.66170000,3.97604847,0,0.6620
510050.SH,20240805,2.41570000,3.64350000,3.95086187,0,0.6620
510050.SH,20240806,2.39920000,3.62400000,3.92387622,0,0.6620
510050.SH,20240807,2.40050000,3.62550000,3.92600236,0,0.6620
510050.SH,20240808,2.40670000,3.63290000,3.93614242,0,0.6620
510050.SH,20240809,2.40490000,3.63070000,3.93319853,0,0.6620
510050.SH,20240812,2.40360000,3.62920000,3.93107239,0,0.6620
510050.SH,20240813,2.40430000,3.63000000,3.93221724,0,0.6620
510050.SH,20240814,2.39240000,3.61590000,3.91275486,0,0.6620
510050.SH,20240815,2.42310000,3.65230000,3.96296452,0,0.6620
510050.SH,20240816,2.43430000,3.66550000,3.98128205,0,0.6620
510050.SH,20240819,2.44660000,3.68010000,4.00139862,0,0.6620
510050.SH,20240820,2.43570000,3.66720000,3.98357174,0,0.6620
510050.SH,20240821,2.42790000,3.65790000,3.97081489,0,0.6620
510050.SH,20240822,2.42990000,3.66030000,3.97408587,0,0.6620
510050.SH,20240823,2.44460000,3.67770000,3.99812763,0,0.6620
510050.SH,20240826,2.44290000,3.67570000,3.99534729,0,0.6620
510050.SH,20240827,2.44100000,3.67350000,3.99223985,0,0.6620
510050.SH,20240828,2.42600000,3.65570000,3.96770745,0,0.6620
510050.SH,20240829,2.40700000,3.63320000,3.93663307,0,0.6620
510050.SH,20240830,2.42540000,3.65500000,3.96672615,0,0.6620
510050.SH,20240902,2.38920000,3.61210000,3.90752129,0,0.6620
510050.SH,20240903,2.38000000,3.60120000,3.89247474,0,0.6620
510050.SH,20240904,2.35990000,3.57740000,3.85960132,0,0.6620
510050.SH,20240905,2.36360000,3.58180000,3.86565265,0,0.6620
510050.SH,20240906,2.35170000,3.56770000,3.84619028,0,0.6620
510050.SH,20240909,2.31970000,3.52990000,3.79385448,0,0.6620
510050.SH,20240910,2.32250000,3.53320000,3.79843386,0,0.6620
510050.SH,20240911,2.30790000,3.51590000,3.77455566,0,0.6620
510050.SH,20240912,2.29630000,3.50220000,3.75558393,0,0.6620
510050.SH,20240913,2.29320000,3.49850000,3.75051390,0,0.6620
510050.SH,20240918,2.30620000,3.51390000,3.77177532,0,0.6620
510050.SH,20240919,2.31860000,3.52860000,3.79205544,0,0.6620
510050.SH,20240920,2.32200000,3.53260000,3.79761612,0,0.6620
510050.SH,20240923,2.33210000,3.54450000,3.81413460,0,0.6620
510050.SH,20240924,2.44540000,3.67870000,3.99943602,0,0.6620
510050.SH,20240925,2.48100000,3.72080000,4.05765960,0,0.6620
510050.SH,20240926,2.59700000,3.85810000,4.24737685,0,0.6620
510050.SH,20240927,2.67430000,3.94960000,4.37380051,0,0.6620
510050.SH,20240930,2.86660000,4.17730000,4.68830593,0,0.6620
510050.SH,20241008,2.96570000,4.29460000,4.85038334,0,0.6620
510050.SH,20241009,2.78620000,4.08210000,4.55681224,0,0.6620
510050.SH,20241010,2.84760000,4.15480000,4.65723155,0,0.6620
510050.SH,20241011,2.78600000,4.08190000,4.55648514,0,0.6620
510050.SH,20241014,2.83030000,4.13430000,4.62893751,0,0.6620
510050.SH,20241015,2.76010000,4.05120000,4.51412586,0,0.6620
510050.SH,20241016,2.75450000,4.04460000,4.50496709,0,0.6620
510050.SH,20241017,2.71340000,3.99590000,4.43774831,0,0.6620
510050.SH,20241018,2.79170000,4.08860000,4.56580746,0,0.6620
510050.SH,20241021,2.79000000,4.08660000,4.56302712,0,0.6620
510050.SH,20241022,2.80210000,4.10090000,4.58281659,0,0.6620
510050.SH,20241023,2.81830000,4.12010000,4.60931158,0,0.6620
510050.SH,20241024,2.78980000,4.08640000,4.56270002,0,0.6620
510050.SH,20241025,2.79260000,4.08970000,4.56727940,0,0.6620
510050.SH,20241028,2.79540000,4.09300000,4.57185878,0,0.6620
510050.SH,20241029,2.77650000,4.07060000,4.54094795,0,0.6620
510050.SH,20241030,2.74260000,4.03050000,4.48550472,0,0.6620
510050.SH,20241031,2.74090000,4.02850000,4.48272438,0,0.6620
510050.SH,20241101,2.76000000,4.05110000,4.51396231,0,0.6620
510050.SH,20241104,2.78470000,4.08030000,4.55435900,0,0.6620
510050.SH,20241105,2.83870000,4.14430000,4.64267565,0,0.6620
510050.SH,20241106,2.81690000,4.11850000,4.60702189,0,0.6620
510050.SH,20241107,2.91160000,4.23060000,4.76190314,0,0.6620
510050.SH,20241108,2.87810000,4.19090000,4.70711410,0,0.6620
510050.SH,20241111,2.86550000,4.17600000,4.68650688,0,0.6620
510050.SH,20241112,2.82240000,4.12500000,4.61601711,0,0.6620
510050.SH,20241113,2.83920000,4.14490000,4.64349340,0,0.6620
510050.SH,20241114,2.81420000,4.11530000,4.60260606,0,0.6620
510050.SH,20241115,2.78030000,4.07510000,4.54716283,0,0.6620
510050.SH,20241118,2.78690000,4.08290000,4.55795709,0,0.6620
510050.SH,20241119,2.77920000,4.07380000,4.54536379,0,0.6620
510050.SH,20241120,2.78450000,4.08010000,4.55403190,0,0.6620
510050.SH,20241121,2.78920000,4.08570000,4.56171872,0,0.6620
510050.SH,20241122,2.70720000,3.98860000,4.42760825,0,0.6620
510050.SH,20241125,2.68640000,3.96400000,4.39358998,0,0.6620
510050.SH,20241126,2.69770000,3.97740000,4.41207106,0,0.6620
510050.SH,20241127,2.73180000,4.01770000,4.46784139,0,0.6620
510050.SH,20241128,2.71570000,3.99870000,4.44150994,0,0.6620
510050.SH,20241129,2.73110000,4.01690000,4.46669654,0,0.6620
510050.SH,20241202,2.69030000,4.03370000,4.49039786,1,0.7170
510050.SH,20241203,2.70450000,4.05050000,4.51409918,0,0.7170
510050.SH,20241204,2.70040000,4.04570000,4.50725584,0,0.7170
510050.SH,20241205,2.68720000,4.03000000,4.48522363,0,0.7170
510050.SH,20241206,2.71740000,4.06580000,4.53563066,0,0.7170
510050.SH,20241209,2.72020000,4.06910000,4.54030415,0,0.7170
510050.SH,20241210,2.74100000,4.09370000,4.57502157,0,0.7170
510050.SH,20241211,2.72810000,4.07850000,4.55349010,0,0.7170
510050.SH,20241212,2.75640000,4.11200000,4.60072582,0,0.7170
510050.SH,20241213,2.68550000,4.02800000,4.48238615,0,0.7170
510050.SH,20241216,2.68830000,4.03130000,4.48705965,0,0.7170
510050.SH,20241217,2.69940000,4.04450000,4.50558673,0,0.7170
510050.SH,20241218,2.71860000,4.06720000,4.53763358,0,0.7170
510050.SH,20241219,2.70900000,4.05580000,4.52161016,0,0.7170
510050.SH,20241220,2.70140000,4.04680000,4.50892495,0,0.7170
510050.SH,20241223,2.72450000,4.07420000,4.54748131,0,0.7170
510050.SH,20241224,2.75610000,4.11160000,4.60022509,0,0.7170
510050.SH,20241225,2.76410000,4.12110000,4.61357794,0,0.7170
510050.SH,20241226,2.75650000,4.11210000,4.60089273,0,0.7170
510050.SH,20241227,2.75560000,4.11100000,4.59939053,0,0.7170
510050.SH,20241230,2.77290000,4.13150000,4.62826608,0,0.7170
510050.SH,20241231,2.73820000,4.09040000,4.57034808,0,0.7170
510050.SH,20250102,2.66210000,4.00030000,4.44332905,0,0.7170
510050.SH,20250103,2.63850000,3.97240000,4.40393813,0,0.7170
510050.SH,20250106,2.63100000,3.96350000,4.39141983,0,0.7170
510050.SH,20250107,2.64710000,3.98260000,4.41829245,0,0.7170
510050.SH,20250108,2.65250000,3.98900000,4.42730563,0,0.7170
510050.SH,20250109,2.63420000,3.96730000,4.39676097,0,0.7170
510050.SH,20250110,2.61450000,3.94400000,4.36387957,0,0.7170
510050.SH,20250113,2.60730000,3.93540000,4.35186200,0,0.7170
510050.SH,20250114,2.65380000,3.99050000,4.42947547,0,0.7170
510050.SH,20250115,2.64630000,3.98160000,4.41695717,0,0.7170
510050.SH,20250116,2.63460000,3.96780000,4.39742862,0,0.7170
510050.SH,20250117,2.63710000,3.97070000,4.40160138,0,0.7170
510050.SH,20250120,2.64370000,3.97850000,4.41261749,0,0.7170
510050.SH,20250121,2.63940000,3.97340000,4.40544033,0,0.7170
510050.SH,20250122,2.60510000,3.93280000,4.34818997,0,0.7170
510050.SH,20250123,2.62250000,3.95340000,4.37723243,0,0.7170
510050.SH,20250124,2.63720000,3.97080000,4.40176829,0,0.7170
510050.SH,20250127,2.64170000,3.97620000,4.40927928,0,0.7170
510050.SH,20250205,2.61940000,3.94980000,4.37205819,0,0.7170
510050.SH,20250206,2.63830000,3.97210000,4.40360431,0,0.7170
510050.SH,20250207,2.66650000,4.00550000,4.45067312,0,0.7170
510050.SH,20250210,2.67980000,4.02130000,4.47287224,0,0.7170
510050.SH,20250211,2.67280000,4.01300000,4.46118849,0,0.7170
510050.SH,20250212,2.69910000,4.04410000,4.50508600,0,0.7170
510050.SH,20250213,2.70030000,4.04550000,4.50708893,0,0.7170
510050.SH,20250214,2.72030000,4.06920000,4.54047106,0,0.7170
510050.SH,20250217,2.72390000,4.07350000,4.54647985,0,0.7170
510050.SH,20250218,2.71030000,4.05740000,4.52378000,0,0.7170
510050.SH,20250219,2.72300000,4.07240000,4.54497765,0,0.7170
510050.SH,20250220,2.70720000,4.05370000,4.51860577,0,0.7170
510050.SH,20250221,2.74210000,4.09500000,4.57685759,0,0.7170
510050.SH,20250224,2.73360000,4.08500000,4.56267018,0,0.7170
510050.SH,20250225,2.70210000,4.04770000,4.51009332,0,0.7170
510050.SH,20250226,2.72600000,4.07600000,4.54998497,0,0.7170
510050.SH,20250227,2.73870000,4.09100000,4.57118263,0,0.7170
510050.SH,20250228,2.69770000,4.04250000,4.50274925,0,0.7170
510050.SH,20250303,2.68690000,4.02970000,4.48472290,0,0.7170
510050.SH,20250304,2.67940000,4.02080000,4.47220460,0,0.7170
510050.SH,20250305,2.70010000,4.04530000,4.50675511,0,0.7170
510050.SH,20250306,2.74360000,4.09680000,4.57936125,0,0.7170
510050.SH,20250307,2.74160000,4.09440000,4.57602304,0,0.7170
510050.SH,20250310,2.72800000,4.07830000,4.55332319,0,0.7170
510050.SH,20250311,2.74160000,4.09440000,4.57602304,0,0.7170
510050.SH,20250312,2.72820000,4.07860000,4.55365701,0,0.7170
510050.SH,20250313,2.72360000,4.07310000,4.54597912,0,0.7170
510050.SH,20250314,2.80130000,4.16510000,4.67566871,0,0.7170
510050.SH,20250317,2.79860000,4.16190000,4.67116212,0,0.7170
510050.SH,20250318,2.80050000,4.16420000,4.67433343,0,0.7170
510050.SH,20250319,2.80790000,4.17290000,4.68668482,0,0.7170
510050.SH,20250320,2.77840000,4.13800000,4.63744617,0,0.7170
510050.SH,20250321,2.73460000,4.08610000,4.56433929,0,0.7170
510050.SH,20250324,2.75290000,4.10780000,4.59488394,0,0.7170
510050.SH,20250325,2.75150000,4.10620000,4.59254720,0,0.7170
510050.SH,20250326,2.73660000,4.08850000,4.56767750,0,0.7170
510050.SH,20250327,2.75040000,4.10480000,4.59071118,0,0.7170
510050.SH,20250328,2.73910000,4.09150000,4.57185027,0,0.7170
510050.SH,20250331,2.72460000,4.07430000,4.54764822,0,0.7170
510050.SH,20250401,2.72160000,4.07080000,4.54264090,0,0.7170
510050.SH,20250402,2.71740000,4.06580000,4.53563066,0,0.7170
510050.SH,20250403,2.72110000,4.07020000,4.54180635,0,0.7170
510050.SH,20250407,2.57170000,3.89330000,4.29244180,0,0.7170
510050.SH,20250408,2.63060000,3.96300000,4.39075219,0,0.7170
510050.SH,20250409,2.65420000,3.99100000,4.43014311,0,0.7170
510050.SH,20250410,2.67000000,4.00970000,4.45651500,0,0.7170
510050.SH,20250411,2.67720000,4.01820000,4.46853256,0,0.7170
510050.SH,20250414,2.68600000,4.02860000,4.48322070,0,0.7170
510050.SH,20250415,2.69250000,4.03630000,4.49406990,0,0.7170
510050.SH,20250416,2.71670000,4.06500000,4.53446228,0,0.7170
510050.SH,20250417,2.71840000,4.06700000,4.53729976,0,0.7170
510050.SH,20250418,2.71760000,4.06600000,4.53596448,0,0.7170
510050.SH,20250421,2.71280000,4.06030000,4.52795276,0,0.7170
510050.SH,20250422,2.71660000,4.06480000,4.53429537,0,0.7170
510050.SH,20250423,2.70870000,4.05550000,4.52110943,0,0.7170
510050.SH,20250424,2.71530000,4.06330000,4.53212553,0,0.7170
510050.SH,20250425,2.70950000,4.05640000,4.52244471,0,0.7170
510050.SH,20250428,2.71190000,4.05930000,4.52645057,0,0.7170
510050.SH,20250429,2.70600000,4.05230000,4.51660284,0,0.7170
510050.SH,20250430,2.69380000,4.03780000,4.49623974,0,0.7170
510050.SH,20250506,2.70860000,4.05540000,4.52094252,0,0.7170
510050.SH,20250507,2.73200000,4.08310000,4.55999961,0,0.7170
510050.SH,20250508,2.74120000,4.09400000,4.57535540,0,0.7170
510050.SH,20250509,2.74570000,4.09930000,4.58286638,0,0.7170
510050.SH,20250512,2.76470000,4.12180000,4.61457940,0,0.7170
510050.SH,20250513,2.77050000,4.12860000,4.62426022,0,0.7170
510050.SH,20250514,2.81720000,4.18390000,4.70220751,0,0.7170
510050.SH,20250515,2.80350000,4.16770000,4.67934075,0,0.7170
510050.SH,20250516,2.77920000,4.13890000,4.63878145,0,0.7170
510050.SH,20250519,2.76740000,4.12500000,4.61908599,0,0.7170
510050.SH,20250520,2.77920000,4.13890000,4.63878145,0,0.7170
510050.SH,20250521,2.79240000,4.15460000,4.66081366,0,0.7170
510050.SH,20250522,2.79770000,4.16080000,4.66965993,0,0.7170
510050.SH,20250523,2.77580000,4.13490000,4.63310649,0,0.7170
510050.SH,20250526,2.76300000,4.11980000,4.61174192,0,0.7170
510050.SH,20250527,2.74850000,4.10260000,4.58753987,0,0.7170
510050.SH,20250528,2.74620000,4.09990000,4.58370093,0,0.7170
510050.SH,20250529,2.75420000,4.10930000,4.59705378,0,0.7170
510050.SH,20250530,2.74220000,4.09510000,4.57702450,0,0.7170
510050.SH,20250603,2.75090000,4.10540000,4.59154573,0,0.7170
510050.SH,20250604,2.75450000,4.10970000,4.59755452,0,0.7170
510050.SH,20250605,2.75640000,4.11200000,4.60072582,0,0.7170
510050.SH,20250606,2.75650000,4.11210000,4.60089273,0,0.7170
510050.SH,20250609,2.75500000,4.11030000,4.59838907,0,0.7170
510050.SH,20250610,2.74400000,4.09730000,4.58002889,0,0.7170
510050.SH,20250611,2.76150000,4.11800000,4.60923826,0,0.7170
510050.SH,20250612,2.76020000,4.11650000,4.60706842,0,0.7170
510050.SH,20250613,2.74570000,4.09930000,4.58286638,0,0.7170
510050.SH,20250616,2.75410000,4.10920000,4.59688687,0,0.7170
510050.SH,20250617,2.75290000,4.10780000,4.59488394,0,0.7170
510050.SH,20250618,2.74950000,4.10380000,4.58920898,0,0.7170
510050.SH,20250619,2.73450000,4.08600000,4.56417238,0,0.7170
510050.SH,20250620,2.74930000,4.10350000,4.58887516,0,0.7170
510050.SH,20250623,2.76100000,4.11740000,4.60840371,0,0.7170
510050.SH,20250624,2.79290000,4.15520000,4.66164821,0,0.7170
510050.SH,20250625,2.83020000,4.19930000,4.72390590,0,0.7170
510050.SH,20250626,2.82650000,4.19490000,4.71773020,0,0.7170
510050.SH,20250627,2.79600000,4.15880000,4.66682245,0,0.7170
510050.SH,20250630,2.80640000,4.17110000,4.68418116,0,0.7170
510050.SH,20250701,2.81230000,4.17810000,4.69402888,0,0.7170
510050.SH,20250702,2.81730000,4.18400000,4.70237442,0,0.7170
510050.SH,20250703,2.81940000,4.18650000,4.70587954,0,0.7170
510050.SH,20250704,2.83570000,4.20580000,4.73308598,0,0.7170
510050.SH,20250707,2.82970000,4.19870000,4.72307134,0,0.7170
510050.SH,20250708,2.84600000,4.21800000,4.75027778,0,0.7170
510050.SH,20250709,2.83850000,4.20910000,4.73775948,0,0.7170
510050.SH,20250710,2.85660000,4.23060000,4.76797031,0,0.7170
510050.SH,20250711,2.86490000,4.24040000,4.78182390,0,0.7170
510050.SH,20250714,2.86760000,4.24360000,4.78633049,0,0.7170
510050.SH,20250715,2.85760000,4.23180000,4.76963942,0,0.7170
510050.SH,20250716,2.85100000,4.22390000,4.75862332,0,0.7170
510050.SH,20250717,2.85780000,4.23200000,4.76997324,0,0.7170
510050.SH,20250718,2.88360000,4.26250000,4.81303620,0,0.7170
510050.SH,20250721,2.89170000,4.27210000,4.82655596,0,0.7170
510050.SH,20250722,2.91240000,4.29660000,4.86110647,0,0.7170
510050.SH,20250723,2.92190000,4.30790000,4.87696298,0,0.7170
510050.SH,20250724,2.93360000,4.32170000,4.89649153,0,0.7170
510050.SH,20250725,2.91700000,4.30210000,4.86878436,0,0.7170
510050.SH,20250728,2.92560000,4.31230000,4.88313868,0,0.7170
510050.SH,20250729,2.93170000,4.31950000,4.89332023,0,0.7170
510050.SH,20250730,2.94280000,4.33260000,4.91184731,0,0.7170
510050.SH,20250731,2.89740000,4.27890000,4.83606987,0,0.7170
510050.SH,20250801,2.87480000,4.25210000,4.79834806,0,0.7170
510050.SH,20250804,2.89060000,4.27080000,4.82471994,0,0.7170
510050.SH,20250805,2.91290000,4.29720000,4.86194102,0,0.7170
510050.SH,20250806,2.91990000,4.30550000,4.87362477,0,0.7170
510050.SH,20250807,2.92080000,4.30660000,4.87512697,0,0.7170
510050.SH,20250808,2.91160000,4.29570000,4.85977118,0,0.7170
510050.SH,20250811,2.91240000,4.29660000,4.86110647,0,0.7170
510050.SH,20250812,2.93020000,4.31770000,4.89081657,0,0.7170
510050.SH,20250813,2.93650000,4.32520000,4.90133194,0,0.7170
510050.SH,20250814,2.95460000,4.34660000,4.93154277,0,0.7170
510050.SH,20250815,2.95840000,4.35110000,4.93788538,0,0.7170
510050.SH,20250818,2.96450000,4.35830000,4.94806693,0,0.7170
510050.SH,20250819,2.93680000,4.32550000,4.90183267,0,0.7170
510050.SH,20250820,2.97290000,4.36830000,4.96208743,0,0.7170
510050.SH,20250821,2.98890000,4.38720000,4.98879314,0,0.7170
510050.SH,20250822,3.05830000,4.46940000,5.10462914,0,0.7170
510050.SH,20250825,3.12290000,4.54580000,5.21245344,0,0.7170
510050.SH,20250826,3.10230000,4.52140000,5.17806984,0,0.7170
510050.SH,20250827,3.04900000,4.45830000,5.08910645,0,0.7170
510050.SH,20250828,3.09220000,4.50950000,5.16121186,0,0.7170
510050.SH,20250829,3.10920000,4.52960000,5.18958668,0,0.7170
510050.SH,20250901,3.11480000,4.53620000,5.19893367,0,0.7170
510050.SH,20250902,3.12680000,4.55040000,5.21896295,0,0.7170
510050.SH,20250903,3.09310000,4.51060000,5.16271406,0,0.7170
510050.SH,20250904,3.04160000,4.44960000,5.07675506,0,0.7170
510050.SH,20250905,3.07500000,4.48910000,5.13250323,0,0.7170
510050.SH,20250908,3.07260000,4.48630000,5.12849737,0,0.7170
510050.SH,20250909,3.06060000,4.47210000,5.10846809,0,0.7170
510050.SH,20250910,3.07230000,4.48590000,5.12799664,0,0.7170
510050.SH,20250911,3.11750000,4.53940000,5.20344026,0,0.7170
510050.SH,20250912,3.10270000,4.52190000,5.17873748,0,0.7170
510050.SH,20250915,3.09630000,4.51430000,5.16805520,0,0.7170
510050.SH,20250916,3.08090000,4.49610000,5.14235096,0,0.7170
510050.SH,20250917,3.08680000,4.50310000,5.15219869,0,0.7170
510050.SH,20250918,3.04480000,4.45340000,5.08209620,0,0.7170
510050.SH,20250919,3.04200000,4.45010000,5.07742270,0,0.7170
510050.SH,20250922,3.05460000,4.46500000,5.09845345,0,0.7170
510050.SH,20250923,3.05180000,4.46170000,5.09377995,0,0.7170
510050.SH,20250924,3.07280000,4.48650000,5.12883119,0,0.7170
510050.SH,20250925,3.08680000,4.50310000,5.15219869,0,0.7170
510050.SH,20250926,3.07500000,4.48910000,5.13250323,0,0.7170
510050.SH,20250929,3.10850000,4.52880000,5.18841830,0,0.7170
510050.SH,20250930,3.12620000,4.54970000,5.21796149,0,0.7170
510050.SH,20251009,3.15920000,4.58880000,5.27304201,0,0.7170
510050.SH,20251010,3.11130000,4.53210000,5.19309180,0,0.7170
510050.SH,20251013,3.10310000,4.52240000,5.17940512,0,0.7170
510050.SH,20251014,3.09660000,4.51470000,5.16855593,0,0.7170
510050.SH,20251015,3.13940000,4.56540000,5.23999370,0,0.7170
510050.SH,20251016,3.15810000,4.58750000,5.27120600,0,0.7170
510050.SH,20251017,3.10470000,4.52430000,5.18207570,0,0.7170
510050.SH,20251020,3.11210000,4.53300000,5.19442709,0,0.7170
510050.SH,20251021,3.14610000,4.57330000,5.25117671,0,0.7170
510050.SH,20251022,3.14900000,4.57670000,5.25601712,0,0.7170
510050.SH,20251023,3.16640000,4.59730000,5.28505958,0,0.7170
510050.SH,20251024,3.19150000,4.62700000,5.32695416,0,0.7170
510050.SH,20251027,3.21670000,4.65690000,5.36901565,0,0.7170
510050.SH,20251028,3.19730000,4.63390000,5.33663498,0,0.7170
510050.SH,20251029,3.21040000,4.64940000,5.35850028,0,0.7170
510050.SH,20251030,3.19340000,4.62930000,5.33012546,0,0.7170
510050.SH,20251031,3.15670000,4.58580000,5.26886925,0,0.7170
510050.SH,20251103,3.16150000,4.59150000,5.27688096,0,0.7170
510050.SH,20251104,3.15770000,4.58700000,5.27053835,0,0.7170
510050.SH,20251105,3.15280000,4.58120000,5.26235973,0,0.7170
510050.SH,20251106,3.19110000,4.62660000,5.32628652,0,0.7170
510050.SH,20251107,3.18490000,4.61920000,5.31593806,0,0.7170
510050.SH,20251110,3.20200000,4.63950000,5.34447978,0,0.7170
510050.SH,20251111,3.18190000,4.61570000,5.31093074,0,0.7170
510050.SH,20251112,3.19210000,4.62780000,5.32795562,0,0.7170
510050.SH,20251113,3.22260000,4.66390000,5.37886338,0,0.7170
510050.SH,20251114,3.18600000,4.62050000,5.31777407,0,0.7170
510050.SH,20251117,3.15790000,4.58730000,5.27087217,0,0.7170
510050.SH,20251118,3.14840000,4.57600000,5.25501566,0,0.7170
510050.SH,20251119,3.16670000,4.59770000,5.28556031,0,0.7170
510050.SH,20251120,3.15450000,4.58320000,5.26519721,0,0.7170
510050.SH,20251121,3.09940000,4.51800000,5.17322943,0,0.7170
510050.SH,20251124,3.09410000,4.51170000,5.16438316,0,0.7170
510050.SH,20251125,3.11230000,4.53330000,5.19476091,0,0.7170
510050.SH,20251126,3.11620000,4.53790000,5.20127042,0,0.7170
510050.SH,20251127,3.11660000,4.53840000,5.20193807,0,0.7170
510050.SH,20251128,3.11390000,4.53520000,5.19743148,0,0.7170
510050.SH,20251201,3.13890000,4.56480000,5.23915915,0,0.7170
510050.SH,20251202,3.12290000,4.54580000,5.21245344,0,0.7170
510050.SH,20251203,3.10680000,4.52680000,5.18558082,0,0.7170
510050.SH,20251204,3.11860000,4.54070000,5.20527628,0,0.7170
510050.SH,20251205,3.14800000,4.57550000,5.25434802,0,0.7170
510050.SH,20251208,3.16640000,4.59730000,5.28505958,0,0.7170
510050.SH,20251209,3.14380000,4.57060000,5.24733777,0,0.7170
510050.SH,20251210,3.13160000,4.55610000,5.22697467,0,0.7170
510050.SH,20251211,3.12010000,4.54250000,5.20777994,0,0.7170
510050.SH,20251212,3.13890000,4.56480000,5.23915915,0,0.7170
510050.SH,20251215,3.13350000,4.55840000,5.23014597,0,0.7170
510050.SH,20251216,3.09930000,4.51790000,5.17306252,0,0.7170
510050.SH,20251217,3.05820000,4.56390000,5.23971113,1,0.7970
510050.SH,20251218,3.06510000,4.57210000,5.25153312,0,0.7970
510050.SH,20251219,3.07610000,4.58510000,5.27037977,0,0.7970
510050.SH,20251222,3.09240000,4.60440000,5.29830707,0,0.7970
510050.SH,20251223,3.09980000,4.61320000,5.31098573,0,0.7970
510050.SH,20251224,3.09740000,4.61030000,5.30687373,0,0.7970
510050.SH,20251225,3.10670000,4.62140000,5.32280772,0,0.7970
510050.SH,20251226,3.11960000,4.63660000,5.34490970,0,0.7970
510050.SH,20251229,3.10840000,4.62340000,5.32572038,0,0.7970
510050.SH,20251230,3.11040000,4.62570000,5.32914704,0,0.7970
510050.SH,20251231,3.10460000,4.61890000,5.31920972,0,0.7970
510050.SH,20260105,3.17510000,4.70230000,5.43999961,0,0.7970
510050.SH,20260106,3.23540000,4.77370000,5.54331351,0,0.7970
510050.SH,20260107,3.22140000,4.75710000,5.51932687,0,0.7970
510050.SH,20260108,3.19770000,4.72910000,5.47872090,0,0.7970
510050.SH,20260109,3.21030000,4.74400000,5.50030888,0,0.7970
510050.SH,20260112,3.22040000,4.75600000,5.51761354,0,0.7970
510050.SH,20260113,3.20940000,4.74290000,5.49876689,0,0.7970
510050.SH,20260114,3.18810000,4.71770000,5.46227292,0,0.7970
510050.SH,20260115,3.18130000,4.70970000,5.45062226,0,0.7970
510050.SH,20260116,3.15890000,4.68320000,5.41224363,0,0.7970
510050.SH,20260119,3.15490000,4.67840000,5.40539031,0,0.7970
510050.SH,20260120,3.14950000,4.67200000,5.39613832,0,0.7970
510050.SH,20260121,3.14610000,4.66800000,5.39031299,0,0.7970
510050.SH,20260122,3.13140000,4.65060000,5.36512701,0,0.7970
510050.SH,20260123,3.11010000,4.62540000,5.32863304,0,0.7970
510050.SH,20260126,3.12810000,4.64670000,5.35947302,0,0.7970
510050.SH,20260127,3.13100000,4.65010000,5.36444168,0,0.7970
510050.SH,20260128,3.13910000,4.65970000,5.37831967,0,0.7970
510050.SH,20260129,3.19060000,4.72070000,5.46655625,0,0.7970
510050.SH,20260130,3.14400000,4.66550000,5.38671499,0,0.7970
510050.SH,20260202,3.07860000,4.58810000,5.27466309,0,0.7970
510050.SH,20260203,3.11030000,4.62560000,5.32897571,0,0.7970
510050.SH,20260204,3.14590000,4.66780000,5.38997032,0,0.7970
510050.SH,20260205,3.13560000,4.65560000,5.37232300,0,0.7970
510050.SH,20260206,3.11720000,4.63380000,5.34079770,0,0.7970
510050.SH,20260209,3.16280000,4.68780000,5.41892563,0,0.7970
510050.SH,20260210,3.16850000,4.69450000,5.42869162,0,0.7970
510050.SH,20260211,3.16970000,4.69590000,5.43074762,0,0.7970
510050.SH,20260212,3.16150000,4.68620000,5.41669830,0,0.7970
510050.SH,20260213,3.11450000,4.63060000,5.33617170,0,0.7970
510050.SH,20260224,3.12150000,4.63890000,5.34816503,0,0.7970
510050.SH,20260225,3.13570000,4.65570000,5.37249434,0,0.7970
510050.SH,20260226,3.11490000,4.63110000,5.33685704,0,0.7970
510050.SH,20260227,3.11960000,4.63660000,5.34490970,0,0.7970
510050.SH,20260302,3.12650000,4.64480000,5.35673169,0,0.7970
510050.SH,20260303,3.09320000,4.60540000,5.29967774,0,0.7970
510050.SH,20260304,3.05190000,4.55650000,5.22891714,0,0.7970
510050.SH,20260305,3.06630000,4.57350000,5.25358911,0,0.7970
510050.SH,20260306,3.07080000,4.57890000,5.26129911,0,0.7970
510050.SH,20260309,3.04040000,4.54290000,5.20921382,0,0.7970
510050.SH,20260310,3.05960000,4.56560000,5.24210979,0,0.7970
510050.SH,20260311,3.06310000,4.56970000,5.24810645,0,0.7970
510050.SH,20260312,3.04880000,4.55280000,5.22360581,0,0.7970
510050.SH,20260313,3.03390000,4.53520000,5.19807717,0,0.7970
510050.SH,20260316,3.03080000,4.53150000,5.19276584,0,0.7970
510050.SH,20260317,3.04050000,4.54300000,5.20938516,0,0.7970
510050.SH,20260318,3.03780000,4.53980000,5.20475916,0,0.7970
510050.SH,20260319,2.99130000,4.48470000,5.12508923,0,0.7970
510050.SH,20260320,2.95870000,4.44620000,5.06923462,0,0.7970
510050.SH,20260323,2.86380000,4.33380000,4.90663944,0,0.7970
510050.SH,20260324,2.90360000,4.38090000,4.97483004,0,0.7970
510050.SH,20260325,2.93270000,4.41540000,5.02468799,0,0.7970
510050.SH,20260326,2.89700000,4.37310000,4.96352205,0,0.7970
510050.SH,20260327,2.90990000,4.38840000,4.98562403,0,0.7970
510050.SH,20260330,2.90570000,4.38340000,4.97842804,0,0.7970
510050.SH,20260331,2.89850000,4.37490000,4.96609205,0,0.7970
510050.SH,20260401,2.95210000,4.43830000,5.05792663,0,0.7970
510050.SH,20260402,2.92560000,4.40700000,5.01252334,0,0.7970
510050.SH,20260403,2.90240000,4.37950000,4.97277404,0,0.7970
510050.SH,20260407,2.90220000,4.37930000,4.97243138,0,0.7970
510050.SH,20260408,2.98090000,4.47240000,5.10727058,0,0.7970
510050.SH,20260409,2.95800000,4.44530000,5.06803529,0,0.7970
510050.SH,20260410,2.97330000,4.46340000,5.09424926,0,0.7970
510050.SH,20260413,2.97280000,4.46280000,5.09339260,0,0.7970
510050.SH,20260414,2.99790000,4.49260000,5.13639722,0,0.7970
510050.SH,20260415,3.00860000,4.50520000,5.15472987,0,0.7970
510050.SH,20260416,3.01450000,4.51220000,5.16483853,0,0.7970
510050.SH,20260417,2.98480000,4.47700000,5.11395258,0,0.7970
510050.SH,20260420,3.00810000,4.50460000,5.15387321,0,0.7970
510050.SH,20260421,3.00670000,4.50300000,5.15147454,0,0.7970
510050.SH,20260422,3.00510000,4.50110000,5.14873321,0,0.7970
510050.SH,20260423,3.00220000,4.49760000,5.14376455,0,0.7970
510050.SH,20260424,3.01980000,4.51850000,5.17391919,0,0.7970
510050.SH,20260427,3.01360000,4.51110000,5.16329653,0,0.7970
510050.SH,20260428,3.02500000,4.52460000,5.18282851,0,0.7970
510050.SH,20260429,3.04240000,4.54520000,5.21264049,0,0.7970
510050.SH,20260430,3.06040000,4.56650000,5.24348046,0,0.7970
510050.SH,20260506,3.10130000,4.61500000,5.31355573,0,0.7970
510050.SH,20260507,3.10360000,4.61770000,5.31749639,0,0.7970
510050.SH,20260508,3.07680000,4.58600000,5.27157910,0,0.7970
510050.SH,20260511,3.11570000,4.63200000,5.33822770,0,0.7970
510050.SH,20260512,3.11730000,4.63390000,5.34096903,0,0.7970
510050.SH,20260513,3.12410000,4.64200000,5.35261969,0,0.7970
510050.SH,20260514,3.07270000,4.58110000,5.26455444,0,0.7970
510050.SH,20260515,3.03190000,4.53280000,5.19465050,0,0.7970
510050.SH,20260518,3.00850000,4.50510000,5.15455854,0,0.7970
510050.SH,20260519,3.02780000,4.52800000,5.18762584,0,0.7970
510050.SH,20260520,3.02750000,4.52760000,5.18711184,0,0.7970
510050.SH,20260521,2.99470000,4.48880000,5.13091456,0,0.7970
510050.SH,20260522,2.99620000,4.49050000,5.13348456,0,0.7970
510050.SH,20260525,3.04210000,4.54490000,5.21212649,0,0.7970
510050.SH,20260526,3.04650000,4.55010000,5.21966515,0,0.7970
510050.SH,20260527,3.00880000,4.50550000,5.15507254,0,0.7970
510050.SH,20260528,2.98770000,4.48050000,5.11892124,0,0.7970
510050.SH,20260529,2.99570000,4.49000000,5.13262789,0,0.7970
510050.SH,20260601,2.96830000,4.45750000,5.08568260,0,0.7970
510050.SH,20260602,2.99560000,4.48980000,5.13245656,0,0.7970
510050.SH,20260603,2.99650000,4.49090000,5.13399856,0,0.7970
510050.SH,20260604,2.96590000,4.45470000,5.08157061,0,0.7970
510050.SH,20260605,2.94150000,4.42580000,5.03976531,0,0.7970
510050.SH,20260608,2.89940000,4.37590000,4.96763405,0,0.7970
510050.SH,20260609,2.91710000,4.39690000,4.99796002,0,0.7970
510050.SH,20260610,2.93300000,4.41570000,5.02520199,0,0.7970
510050.SH,20260611,2.92880000,4.41080000,5.01800600,0,0.7970
510050.SH,20260612,2.97700000,4.46780000,5.10058859,0,0.7970
510050.SH,20260615,3.02080000,4.51970000,5.17563252,0,0.7970
510050.SH,20260616,2.99420000,4.48820000,5.13005790,0,0.7970
510050.SH,20260617,3.01520000,4.51300000,5.16603786,0,0.7970
510050.SH,20260618,3.01010000,4.50700000,5.15729987,0,0.7970
510050.SH,20260622,3.09580000,4.60850000,5.30413240,0,0.7970
510050.SH,20260623,3.00730000,4.50370000,5.15250254,0,0.7970
510050.SH,20260624,3.02460000,4.52420000,5.18214318,0,0.7970
510050.SH,20260625,3.05830000,4.56410000,5.23988246,0,0.7970
510050.SH,20260626,2.99660000,4.49100000,5.13416989,0,0.7970
510050.SH,20260629,3.08230000,4.59250000,5.28100242,0,0.7970
510050.SH,20260630,3.08140000,4.59140000,5.27946042,0,0.7970
510050.SH,20260701,3.07730000,4.58660000,5.27243576,0,0.7970
510050.SH,20260702,3.00270000,4.49820000,5.14462122,0,0.7970
510050.SH,20260703,3.02230000,4.52140000,5.17820252,0,0.7970
510050.SH,20260706,3.04960000,4.55380000,5.22497647,0,0.7970
510050.SH,20260707,3.01220000,4.50950000,5.16089787,0,0.7970
510050.SH,20260708,3.01160000,4.50880000,5.15986987,0,0.7970
510050.SH,20260709,3.08860000,4.59990000,5.29179641,0,0.7970
510050.SH,20260710,3.05380000,4.55870000,5.23217247,0,0.7970
510050.SH,20260713,3.01050000,4.50750000,5.15798520,0,0.7970
510050.SH,20260714,3.05310000,4.55790000,5.23097314,0,0.7970
510050.SH,20260715,3.06560000,4.57270000,5.25238978,0,0.7970
510050.SH,20260716,3.00330000,4.49900000,5.14564921,0,0.7970
510050.SH,20260717,2.92910000,4.41110000,5.01852000,0,0.7970
510050.SH,20260720,3.01680000,4.51490000,5.16877919,0,0.7970
510050.SH,20260721,3.08050000,4.59030000,5.27791843,0,0.7970
510050.SH,20260722,3.09830000,4.61140000,5.30841573,0,0.7970
510050.SH,20260723,3.08610000,4.59700000,5.28751308,0,0.7970
510050.SH,20260724,3.06230000,4.56880000,5.24673579,0,0.7970
510050.SH,20260727,3.05800000,4.56370000,5.23936846,0,0.7970
510050.SH,20260728,3.02900000,4.52940000,5.18968184,0,0.7970
510050.SH,20260729,3.02160000,4.52060000,5.17700319,0,0.7970
510050.SH,20260730,3.03290000,4.53400000,5.19636383,0,0.7970
510050.SH,20260731,3.03090000,4.53160000,5.19293717,0,0.7970
510050.SH,20260803,2.99340000,4.48720000,5.12868723,0,0.7970
510050.SH,20260804,2.98520000,4.47750000,5.11463791,0,0.7970
510050.SH,20260805,3.03200000,4.53290000,5.19482184,0,0.7970
510050.SH,20260806,3.02730000,4.52740000,5.18676918,0,0.7970
510050.SH,20260807,3.06870000,4.57640000,5.25770111,0,0.7970
510050.SH,20260810,3.07620000,4.58530000,5.27055110,0,0.7970
510050.SH,20260811,3.03760000,4.53960000,5.20441649,0,0.7970
510050.SH,20260812,3.04620000,4.54970000,5.21915115,0,0.7970
510050.SH,20260813,3.03580000,4.53740000,5.20133250,0,0.7970
510050.SH,20260814,3.02350000,4.52290000,5.18025852,0,0.7970
510050.SH,20260817,3.05400000,4.55900000,5.23251513,0,0.7970
510050.SH,20260818,3.04870000,4.55270000,5.22343448,0,0.7970
510050.SH,20260819,3.00170000,4.49710000,5.14290788,0,0.7970
510050.SH,20260820,2.98780000,4.48060000,5.11909257,0,0.7970
510050.SH,20260821,2.99300000,4.48680000,5.12800190,0,0.7970
510050.SH,20260824,2.97970000,4.47100000,5.10521459,0,0.7970
510050.SH,20260825,2.98480000,4.47700000,5.11395258,0,0.7970
510050.SH,20260826,3.01570000,4.51360000,5.16689453,0,0.7970
