OBJECT_ID,S_INFO_WINDCODE,S_INFO_CODE,S_INFO_NAME,S_INFO_SCCODE,S_INFO_CALLPUT,S_INFO_STRIKEPRICE,S_INFO_MONTH,S_INFO_MATURITYDATE,S_INFO_FTDATE,S_INFO_LASTTRADINGDATE,S_INFO_EXERCISINGEND,S_INFO_LDDATE,S_INFO_LPRICE,S_INFO_TRADE,S_INFO_EXCODE,S_INFO_EXNAME,S_INFO_COUNIT,OPDATE,OPMODE
{2737C878-1E0A-4DAC-9275-28AD618041FB},10008793.SH,10008793,华夏上证50ETF期权2509认购2.40,510050OP.SH,708001000,2.4000,202509,20250924,20250123,20250924,20250924,20250925,0.3018,0,510050C2509M02400,50ETF购9月2400,10000.0000,2025-09-24,1
{838C858E-4D14-4F67-B051-7FC5EBEB9F11},10008794.SH,10008794,华夏上证50ETF期权2509认购2.45,510050OP.SH,708001000,2.4500,202509,20250924,20250123,20250924,20250924,20250925,0.2737,0,510050C2509M02450,50ETF购9月2450,10000.0000,2025-09-24,1
{30C8D067-DA55-4D04-A282-D83CF7BDCB91},10008795.SH,10008795,华夏上证50ETF期权2509认购2.50,510050OP.SH,708001000,2.5000,202509,20250924,20250123,20250924,20250924,20250925,0.2433,0,510050C2509M02500,50ETF购9月2500,10000.0000,2025-09-24,1
{F0B64D5B-9873-497F-AD53-69161C653BD8},10008796.SH,10008796,华夏上证50ETF期权2509认购2.55,510050OP.SH,708001000,2.5500,202509,20250924,20250123,20250924,20250924,20250925,0.2187,0,510050C2509M02550,50ETF购9月2550,10000.0000,2025-09-24,1
{42314F6C-D1FD-4A82-BE67-1570843FB826},10008797.SH,10008797,华夏上证50ETF期权2509认购2.60,510050OP.SH,708001000,2.6000,202509,20250924,20250123,20250924,20250924,20250925,0.1923,0,510050C2509M02600,50ETF购9月2600,10000.0000,2025-09-24,1
{029899B5-2778-4407-A40E-D8F9DB2FAE03},10008798.SH,10008798,华夏上证50ETF期权2509认购2.65,510050OP.SH,708001000,2.6500,202509,20250924,20250123,20250924,20250924,20250925,0.1743,0,510050C2509M02650,50ETF购9月2650,10000.0000,2025-09-24,1
{D67857BE-3A2B-4034-A8B5-9C8B7BAE7F5D},10008799.SH,10008799,华夏上证50ETF期权2509认购2.70,510050OP.SH,708001000,2.7000,202509,20250924,20250123,20250924,20250924,20250925,0.1548,0,510050C2509M02700,50ETF购9月2700,10000.0000,2025-09-24,1
{E6B75EA8-2D24-49F1-9F22-32D03C7657D8},10008800.SH,10008800,华夏上证50ETF期权2509认购2.75,510050OP.SH,708001000,2.7500,202509,20250924,20250123,20250924,20250924,20250925,0.1364,0,510050C2509M02750,50ETF购9月2750,10000.0000,2025-09-24,1
{11791116-A9F2-4D83-AE65-2623A8BA9730},10008801.SH,10008801,华夏上证50ETF期权2509认购2.80,510050OP.SH,708001000,2.8000,202509,20250924,20250123,20250924,20250924,20250925,0.1236,0,510050C2509M02800,50ETF购9月2800,10000.0000,2025-09-24,1
{3E7D9B90-267C-480B-9B40-6D165DDC6FAA},10008802.SH,10008802,华夏上证50ETF期权2509认沽2.40,510050OP.SH,708002000,2.4000,202509,20250924,20250123,20250924,20250924,20250925,0.0609,0,510050P2509M02400,50ETF沽9月2400,10000.0000,2025-09-24,1
{1815A0A9-6AB2-4C9C-99FE-982D778A054B},10008803.SH,10008803,华夏上证50ETF期权2509认沽2.45,510050OP.SH,708002000,2.4500,202509,20250924,20250123,20250924,20250924,20250925,0.0792,0,510050P2509M02450,50ETF沽9月2450,10000.0000,2025-09-24,1
{9A5E41E8-1767-429F-ACF6-E87C4830F12B},10008804.SH,10008804,华夏上证50ETF期权2509认沽2.50,510050OP.SH,708002000,2.5000,202509,20250924,20250123,20250924,20250924,20250925,0.0991,0,510050P2509M02500,50ETF沽9月2500,10000.0000,2025-09-24,1
{DD4954A8-9630-4E31-9447-7496F87C0526},10008805.SH,10008805,华夏上证50ETF期权2509认沽2.55,510050OP.SH,708002000,2.5500,202509,20250924,20250123,20250924,20250924,20250925,0.1224,0,510050P2509M02550,50ETF沽9月2550,10000.0000,2025-09-24,1
{6A86514D-5D04-4EA2-B1F5-F93D5534D1D5},10008806.SH,10008806,华夏上证50ETF期权2509认沽2.60,510050OP.SH,708002000,2.6000,202509,20250924,20250123,20250924,20250924,20250925,0.1488,0,510050P2509M02600,50ETF沽9月2600,10000.0000,2025-09-24,1
{95EF82EA-BD56-406F-B4D2-1BF5BCBF2832},10008807.SH,10008807,华夏上证50ETF期权2509认沽2.65,510050OP.SH,708002000,2.6500,202509,20250924,20250123,20250924,20250924,20250925,0.1774,0,510050P2509M02650,50ETF沽9月2650,10000.0000,2025-09-24,1
{D1B68963-B156-4E21-A7C1-66665B1F511A},10008808.SH,10008808,华夏上证50ETF期权2509认沽2.70,510050OP.SH,708002000,2.7000,202509,20250924,20250123,20250924,20250924,20250925,0.2070,0,510050P2509M02700,50ETF沽9月2700,10000.0000,2025-09-24,1
{CD597840-2D34-4395-88FE-5E5FC1F9973F},10008809.SH,10008809,华夏上证50ETF期权2509认沽2.75,510050OP.SH,708002000,2.7500,202509,20250924,20250123,20250924,20250924,20250925,0.2388,0,510050P2509M02750,50ETF沽9月2750,10000.0000,2025-09-24,1
{8D72A773-95F2-442C-9683-8AD61CEE4D3D},10008810.SH,10008810,华夏上证50ETF期权2509认沽2.80,510050OP.SH,708002000,2.8000,202509,20250924,20250123,20250924,20250924,20250925,0.2738,0,510050P2509M02800,50ETF沽9月2800,10000.0000,2025-09-24,1
{7B379CA1-5ED1-4304-8F21-C90DF2FC7E24},10008811.SH,10008811,华泰柏瑞沪深300ETF期权2509认购3.423,510300OP.SH,708001000,3.4230,202509,20250924,20250123,20250924,20250924,20250925,0.4956,0,510300C2509A03500,300ETF购9月3423A,10226.0000,2025-09-24,1
{971F126D-2B11-442F-9340-A7518BDA1912},10008812.SH,10008812,华泰柏瑞沪深300ETF期权2509认购3.52,510300OP.SH,708001000,3.5200,202509,20250924,20250123,20250924,20250924,20250925,0.4322,0,510300C2509A03600,300ETF购9月3520A,10226.0000,2025-09-24,1
{5E8C09B1-E8EC-41EA-B599-F89F70D14570},10008813.SH,10008813,华泰柏瑞沪深300ETF期权2509认购3.618,510300OP.SH,708001000,3.6180,202509,20250924,20250123,20250924,20250924,20250925,0.3720,0,510300C2509A03700,300ETF购9月3618A,10226.0000,2025-09-24,1
{FBC9D404-CA53-456C-804A-669C4B6E256B},10008814.SH,10008814,华泰柏瑞沪深300ETF期权2509认购3.716,510300OP.SH,708001000,3.7160,202509,20250924,20250123,20250924,20250924,20250925,0.3175,0,510300C2509A03800,300ETF购9月3716A,10226.0000,2025-09-24,1
{7BBF4E28-A208-45A6-B457-4AAFB52B82E8},10008815.SH,10008815,华泰柏瑞沪深300ETF期权2509认购3.814,510300OP.SH,708001000,3.8140,202509,20250924,20250123,20250924,20250924,20250925,0.2709,0,510300C2509A03900,300ETF购9月3814A,10226.0000,2025-09-24,1
{10645A98-5DF7-419B-810A-D06CED790061},10008816.SH,10008816,华泰柏瑞沪深300ETF期权2509认购3.912,510300OP.SH,708001000,3.9120,202509,20250924,20250123,20250924,20250924,20250925,0.2317,0,510300C2509A04000,300ETF购9月3912A,10226.0000,2025-09-24,1
{3C7AF700-80B7-49BF-8268-47B9AE21A576},10008817.SH,10008817,华泰柏瑞沪深300ETF期权2509认购4.009,510300OP.SH,708001000,4.0090,202509,20250924,20250123,20250924,20250924,20250925,0.1980,0,510300C2509A04100,300ETF购9月4009A,10226.0000,2025-09-24,1
{D17E69DD-3FA9-4F1B-826C-9983D78C1745},10008819.SH,10008819,华泰柏瑞沪深300ETF期权2509认购4.205,510300OP.SH,708001000,4.2050,202509,20250924,20250123,20250924,20250924,20250925,0.1490,0,510300C2509A04300,300ETF购9月4205A,10226.0000,2025-09-24,1
{B5C11944-D8F6-453F-88B8-B560B246079E},10008820.SH,10008820,华泰柏瑞沪深300ETF期权2509认沽3.423,510300OP.SH,708002000,3.4230,202509,20250924,20250123,20250924,20250924,20250925,0.0888,0,510300P2509A03500,300ETF沽9月3423A,10226.0000,2025-09-24,1
{115E9AD4-0B76-4DD1-9D0F-256C20BDC5E8},10008821.SH,10008821,华泰柏瑞沪深300ETF期权2509认沽3.52,510300OP.SH,708002000,3.5200,202509,20250924,20250123,20250924,20250924,20250925,0.1191,0,510300P2509A03600,300ETF沽9月3520A,10226.0000,2025-09-24,1
{AAED4125-235C-44FF-A0F7-5AE13410E20D},10008822.SH,10008822,华泰柏瑞沪深300ETF期权2509认沽3.618,510300OP.SH,708002000,3.6180,202509,20250924,20250123,20250924,20250924,20250925,0.1549,0,510300P2509A03700,300ETF沽9月3618A,10226.0000,2025-09-24,1
{FC67B9C7-456C-43B6-BB1A-792E7E4105B7},10008823.SH,10008823,华泰柏瑞沪深300ETF期权2509认沽3.716,510300OP.SH,708002000,3.7160,202509,20250924,20250123,20250924,20250924,20250925,0.1988,0,510300P2509A03800,300ETF沽9月3716A,10226.0000,2025-09-24,1
{96F75ED5-CC7A-4107-8F15-44C8C65052E8},10008824.SH,10008824,华泰柏瑞沪深300ETF期权2509认沽3.814,510300OP.SH,708002000,3.8140,202509,20250924,20250123,20250924,20250924,20250925,0.2500,0,510300P2509A03900,300ETF沽9月3814A,10226.0000,2025-09-24,1
{67799D71-91F5-4B8E-8360-5FBD5A871C9A},10008825.SH,10008825,华泰柏瑞沪深300ETF期权2509认沽3.912,510300OP.SH,708002000,3.9120,202509,20250924,20250123,20250924,20250924,20250925,0.3092,0,510300P2509A04000,300ETF沽9月3912A,10226.0000,2025-09-24,1
{A60DA626-C051-41FE-83E6-42C05A8127FE},10008826.SH,10008826,华泰柏瑞沪深300ETF期权2509认沽4.009,510300OP.SH,708002000,4.0090,202509,20250924,20250123,20250924,20250924,20250925,0.3743,0,510300P2509A04100,300ETF沽9月4009A,10226.0000,2025-09-24,1
{C4C01571-B141-4E3C-B6AE-25D6944B5DBF},10008827.SH,10008827,华泰柏瑞沪深300ETF期权2509认沽4.107,510300OP.SH,708002000,4.1070,202509,20250924,20250123,20250924,20250924,20250925,0.4473,0,510300P2509A04200,300ETF沽9月4107A,10226.0000,2025-09-24,1
{5EC7C208-0A45-40F1-A18B-4F3405FF1A25},10008828.SH,10008828,华泰柏瑞沪深300ETF期权2509认沽4.205,510300OP.SH,708002000,4.2050,202509,20250924,20250123,20250924,20250924,20250925,0.5278,0,510300P2509A04300,300ETF沽9月4205A,10226.0000,2025-09-24,1
{6855B5AB-E70C-427A-9B71-19F49FAB85B0},10008829.SH,10008829,南方中证500ETF期权2509认购4.80,510500OP.SH,708001000,4.8000,202509,20250924,20250123,20250924,20250924,20250925,0.9016,0,510500C2509M04800,500ETF购9月4800,10000.0000,2025-09-24,1
{9ADCD68A-8635-4731-AEFB-0E6561CCBA93},10008830.SH,10008830,南方中证500ETF期权2509认购4.90,510500OP.SH,708001000,4.9000,202509,20250924,20250123,20250924,20250924,20250925,0.8036,0,510500C2509M04900,500ETF购9月4900,10000.0000,2025-09-24,1
{B6F41EA8-5F24-47EB-A626-C5DFA7610767},10008831.SH,10008831,南方中证500ETF期权2509认购5.00,510500OP.SH,708001000,5.0000,202509,20250924,20250123,20250924,20250924,20250925,0.7055,0,510500C2509M05000,500ETF购9月5000,10000.0000,2025-09-24,1
{FB3CAF27-0DD9-4559-B7CE-36F13D1FDFFE},10008832.SH,10008832,南方中证500ETF期权2509认购5.25,510500OP.SH,708001000,5.2500,202509,20250924,20250123,20250924,20250924,20250925,0.5646,0,510500C2509M05250,500ETF购9月5250,10000.0000,2025-09-24,1
{37140DBA-03FA-4AC0-A09B-CF976A18B684},10008833.SH,10008833,南方中证500ETF期权2509认购5.50,510500OP.SH,708001000,5.5000,202509,20250924,20250123,20250924,20250924,20250925,0.4338,0,510500C2509M05500,500ETF购9月5500,10000.0000,2025-09-24,1
{6260610F-CCCF-4E7D-8A23-050835BBA9F6},10008834.SH,10008834,南方中证500ETF期权2509认购5.75,510500OP.SH,708001000,5.7500,202509,20250924,20250123,20250924,20250924,20250925,0.3309,0,510500C2509M05750,500ETF购9月5750,10000.0000,2025-09-24,1
{3EBF1236-FFF0-4059-9F5D-2171B67C5640},10008835.SH,10008835,南方中证500ETF期权2509认购6.00,510500OP.SH,708001000,6.0000,202509,20250924,20250123,20250924,20250924,20250925,0.2556,0,510500C2509M06000,500ETF购9月6000,10000.0000,2025-09-24,1
{0CC42754-68C8-4158-B224-44CACAB7687B},10008836.SH,10008836,南方中证500ETF期权2509认购6.25,510500OP.SH,708001000,6.2500,202509,20250924,20250123,20250924,20250924,20250925,0.1999,0,510500C2509M06250,500ETF购9月6250,10000.0000,2025-09-24,1
{ECFEB60D-28CC-4B92-8E1C-721292ED7BDD},10008837.SH,10008837,南方中证500ETF期权2509认购6.50,510500OP.SH,708001000,6.5000,202509,20250924,20250123,20250924,20250924,20250925,0.1669,0,510500C2509M06500,500ETF购9月6500,10000.0000,2025-09-24,1
{79CBE1FE-9E15-49DC-B502-03023AF6B0F3},10008838.SH,10008838,南方中证500ETF期权2509认沽4.80,510500OP.SH,708002000,4.8000,202509,20250924,20250123,20250924,20250924,20250925,0.1572,0,510500P2509M04800,500ETF沽9月4800,10000.0000,2025-09-24,1
{455D8B1F-6F3C-4784-A5F6-63E692D9ECC6},10008839.SH,10008839,南方中证500ETF期权2509认沽4.90,510500OP.SH,708002000,4.9000,202509,20250924,20250123,20250924,20250924,20250925,0.1802,0,510500P2509M04900,500ETF沽9月4900,10000.0000,2025-09-24,1
{99C9DF7B-6CC9-445E-9A84-8724BEFC602F},10008840.SH,10008840,南方中证500ETF期权2509认沽5.00,510500OP.SH,708002000,5.0000,202509,20250924,20250123,20250924,20250924,20250925,0.2035,0,510500P2509M05000,500ETF沽9月5000,10000.0000,2025-09-24,1
{EF8201BF-BFCE-4A73-9D5B-235DE1A9164A},10008841.SH,10008841,南方中证500ETF期权2509认沽5.25,510500OP.SH,708002000,5.2500,202509,20250924,20250123,20250924,20250924,20250925,0.2810,0,510500P2509M05250,500ETF沽9月5250,10000.0000,2025-09-24,1
{D955D0AC-39E3-41ED-9B64-FED20BCFE29B},10008842.SH,10008842,南方中证500ETF期权2509认沽5.50,510500OP.SH,708002000,5.5000,202509,20250924,20250123,20250924,20250924,20250925,0.3865,0,510500P2509M05500,500ETF沽9月5500,10000.0000,2025-09-24,1
{ECDB5513-959E-451D-A291-89DFBA5F8F8B},10008843.SH,10008843,南方中证500ETF期权2509认沽5.75,510500OP.SH,708002000,5.7500,202509,20250924,20250123,20250924,20250924,20250925,0.5261,0,510500P2509M05750,500ETF沽9月5750,10000.0000,2025-09-24,1
{E919869A-1DAC-4572-B68E-AE293E263116},10008844.SH,10008844,南方中证500ETF期权2509认沽6.00,510500OP.SH,708002000,6.0000,202509,20250924,20250123,20250924,20250924,20250925,0.7005,0,510500P2509M06000,500ETF沽9月6000,10000.0000,2025-09-24,1
{F443C9EE-EDCB-49E9-B364-48ACAE1A167E},10008845.SH,10008845,南方中证500ETF期权2509认沽6.25,510500OP.SH,708002000,6.2500,202509,20250924,20250123,20250924,20250924,20250925,0.8999,0,510500P2509M06250,500ETF沽9月6250,10000.0000,2025-09-24,1
{8B6C4A2F-5588-48D8-AB59-863624C844D4},10008846.SH,10008846,南方中证500ETF期权2509认沽6.50,510500OP.SH,708002000,6.5000,202509,20250924,20250123,20250924,20250924,20250925,1.1155,0,510500P2509M06500,500ETF沽9月6500,10000.0000,2025-09-24,1
{29D64A3A-E006-498F-8A9B-F3C7E3AAB178},10008847.SH,10008847,华夏上证科创板50ETF期权2509认购0.85,588000OP.SH,708001000,0.8500,202509,20250924,20250123,20250924,20250924,20250925,0.1958,0,588000C2509M00850,科创50购9月850,10000.0000,2025-09-24,1
{5CBB4C50-3384-449B-ACE1-A1CA25265AEB},10008848.SH,10008848,华夏上证科创板50ETF期权2509认购0.90,588000OP.SH,708001000,0.9000,202509,20250924,20250123,20250924,20250924,20250925,0.1716,0,588000C2509M00900,科创50购9月900,10000.0000,2025-09-24,1
{22F80E63-D66F-4C6C-9168-A63CD666333D},10008849.SH,10008849,华夏上证科创板50ETF期权2509认购0.95,588000OP.SH,708001000,0.9500,202509,20250924,20250123,20250924,20250924,20250925,0.1494,0,588000C2509M00950,科创50购9月950,10000.0000,2025-09-24,1
{DC5E797B-16A9-478E-8ADB-09363A4D9EAD},10008850.SH,10008850,华夏上证科创板50ETF期权2509认购1.00,588000OP.SH,708001000,1.0000,202509,20250924,20250123,20250924,20250924,20250925,0.1342,0,588000C2509M01000,科创50购9月1000,10000.0000,2025-09-24,1
{9280AE0A-6661-46C0-BEE1-1B65164535B9},10008851.SH,10008851,华夏上证科创板50ETF期权2509认购1.05,588000OP.SH,708001000,1.0500,202509,20250924,20250123,20250924,20250924,20250925,0.1152,0,588000C2509M01050,科创50购9月1050,10000.0000,2025-09-24,1
{D36585B4-C552-4B0E-B435-6D8ED89EE8F4},10008852.SH,10008852,华夏上证科创板50ETF期权2509认购1.10,588000OP.SH,708001000,1.1000,202509,20250924,20250123,20250924,20250924,20250925,0.1035,0,588000C2509M01100,科创50购9月1100,10000.0000,2025-09-24,1
{15BA1E37-8BFD-40BB-A3CB-761B073D3578},10008853.SH,10008853,华夏上证科创板50ETF期权2509认购1.15,588000OP.SH,708001000,1.1500,202509,20250924,20250123,20250924,20250924,20250925,0.0928,0,588000C2509M01150,科创50购9月1150,10000.0000,2025-09-24,1
{5B56C5B8-4CC7-4B70-9B32-15BDFB9F839D},10008854.SH,10008854,华夏上证科创板50ETF期权2509认购1.20,588000OP.SH,708001000,1.2000,202509,20250924,20250123,20250924,20250924,20250925,0.0801,0,588000C2509M01200,科创50购9月1200,10000.0000,2025-09-24,1
{A08C07BA-A45D-407D-AB5D-FE41BD69A67C},10008855.SH,10008855,华夏上证科创板50ETF期权2509认购1.25,588000OP.SH,708001000,1.2500,202509,20250924,20250123,20250924,20250924,20250925,0.0731,0,588000C2509M01250,科创50购9月1250,10000.0000,2025-09-24,1
{BDF62D53-166E-4DCA-90F6-4D9B5B20B877},10008856.SH,10008856,华夏上证科创板50ETF期权2509认沽0.85,588000OP.SH,708002000,0.8500,202509,20250924,20250123,20250924,20250924,20250925,0.0379,0,588000P2509M00850,科创50沽9月850,10000.0000,2025-09-24,1
{5FC407ED-1238-4F4B-8F1D-0E1393AFA208},10008857.SH,10008857,华夏上证科创板50ETF期权2509认沽0.90,588000OP.SH,708002000,0.9000,202509,20250924,20250123,20250924,20250924,20250925,0.0583,0,588000P2509M00900,科创50沽9月900,10000.0000,2025-09-24,1
{1531F6AF-F828-476B-B08B-74EFC0B20B63},10008858.SH,10008858,华夏上证科创板50ETF期权2509认沽0.95,588000OP.SH,708002000,0.9500,202509,20250924,20250123,20250924,20250924,20250925,0.0829,0,588000P2509M00950,科创50沽9月950,10000.0000,2025-09-24,1
{06AF6FAA-E7FA-4096-AB1D-8D9348BDBE18},10008859.SH,10008859,华夏上证科创板50ETF期权2509认沽1.00,588000OP.SH,708002000,1.0000,202509,20250924,20250123,20250924,20250924,20250925,0.1120,0,588000P2509M01000,科创50沽9月1000,10000.0000,2025-09-24,1
{129A340F-2112-4838-82C7-556BDCDD942E},10008860.SH,10008860,华夏上证科创板50ETF期权2509认沽1.05,588000OP.SH,708002000,1.0500,202509,20250924,20250123,20250924,20250924,20250925,0.1446,0,588000P2509M01050,科创50沽9月1050,10000.0000,2025-09-24,1
{8F9203A7-D37D-4534-9F0A-2387C05C6DA1},10008861.SH,10008861,华夏上证科创板50ETF期权2509认沽1.10,588000OP.SH,708002000,1.1000,202509,20250924,20250123,20250924,20250924,20250925,0.1810,0,588000P2509M01100,科创50沽9月1100,10000.0000,2025-09-24,1
{F850E8BC-F419-4612-9066-1EB99F2561C6},10008862.SH,10008862,华夏上证科创板50ETF期权2509认沽1.15,588000OP.SH,708002000,1.1500,202509,20250924,20250123,20250924,20250924,20250925,0.2195,0,588000P2509M01150,科创50沽9月1150,10000.0000,2025-09-24,1
{A9FDBA57-F634-41CC-827A-7DCF438B1229},10008863.SH,10008863,华夏上证科创板50ETF期权2509认沽1.20,588000OP.SH,708002000,1.2000,202509,20250924,20250123,20250924,20250924,20250925,0.2573,0,588000P2509M01200,科创50沽9月1200,10000.0000,2025-09-24,1
{2B1E41C5-D4D5-4715-838B-50041F4BCB2B},10008864.SH,10008864,华夏上证科创板50ETF期权2509认沽1.25,588000OP.SH,708002000,1.2500,202509,20250924,20250123,20250924,20250924,20250925,0.3000,0,588000P2509M01250,科创50沽9月1250,10000.0000,2025-09-24,1
{F91B4BF4-9F4E-4D62-9096-A277181A85C6},10008866.SH,10008866,易方达上证科创板50ETF期权2509认购0.85,588080OP.SH,708001000,0.8500,202509,20250924,20250123,20250924,20250924,20250925,0.1827,0,588080C2509M00850,科创板50购9月850,10000.0000,2025-09-24,1
{1BACFFBD-B3B2-45BF-A1A3-A9D58B6566DF},10008867.SH,10008867,易方达上证科创板50ETF期权2509认购0.90,588080OP.SH,708001000,0.9000,202509,20250924,20250123,20250924,20250924,20250925,0.1590,0,588080C2509M00900,科创板50购9月900,10000.0000,2025-09-24,1
{B566853A-C687-4E6A-A6C3-BBB261C7DC70},10008868.SH,10008868,易方达上证科创板50ETF期权2509认购0.95,588080OP.SH,708001000,0.9500,202509,20250924,20250123,20250924,20250924,20250925,0.1372,0,588080C2509M00950,科创板50购9月950,10000.0000,2025-09-24,1
{FFAC7780-A741-4AE4-B9AE-0B8DEF0C2762},10008869.SH,10008869,易方达上证科创板50ETF期权2509认购1.00,588080OP.SH,708001000,1.0000,202509,20250924,20250123,20250924,20250924,20250925,0.1189,0,588080C2509M01000,科创板50购9月1000,10000.0000,2025-09-24,1
{A3E12A85-EDC3-4712-95F3-207BFF4B6088},10008870.SH,10008870,易方达上证科创板50ETF期权2509认购1.05,588080OP.SH,708001000,1.0500,202509,20250924,20250123,20250924,20250924,20250925,0.1058,0,588080C2509M01050,科创板50购9月1050,10000.0000,2025-09-24,1
{EACEED8F-52B1-408F-8F7E-69208CEF1ED0},10008871.SH,10008871,易方达上证科创板50ETF期权2509认购1.10,588080OP.SH,708001000,1.1000,202509,20250924,20250123,20250924,20250924,20250925,0.0922,0,588080C2509M01100,科创板50购9月1100,10000.0000,2025-09-24,1
{1693D5C6-C497-48F3-B53F-E71ACBD980A0},10008872.SH,10008872,易方达上证科创板50ETF期权2509认购1.15,588080OP.SH,708001000,1.1500,202509,20250924,20250123,20250924,20250924,20250925,0.0804,0,588080C2509M01150,科创板50购9月1150,10000.0000,2025-09-24,1
{B9F21D4B-3C32-4C88-9A80-E225D6E6862D},10008873.SH,10008873,易方达上证科创板50ETF期权2509认购1.20,588080OP.SH,708001000,1.2000,202509,20250924,20250123,20250924,20250924,20250925,0.0735,0,588080C2509M01200,科创板50购9月1200,10000.0000,2025-09-24,1
{DA3BC417-EF25-4270-A99E-5BD700F8375E},10008874.SH,10008874,易方达上证科创板50ETF期权2509认沽0.80,588080OP.SH,708002000,0.8000,202509,20250924,20250123,20250924,20250924,20250925,0.0320,0,588080P2509M00800,科创板50沽9月800,10000.0000,2025-09-24,1
{6B3BB7E4-344D-413C-B1AB-477B4B0129F7},10008875.SH,10008875,易方达上证科创板50ETF期权2509认沽0.85,588080OP.SH,708002000,0.8500,202509,20250924,20250123,20250924,20250924,20250925,0.0497,0,588080P2509M00850,科创板50沽9月850,10000.0000,2025-09-24,1
{F9DA8A69-4998-4754-96BF-8610462959F7},10008876.SH,10008876,易方达上证科创板50ETF期权2509认沽0.90,588080OP.SH,708002000,0.9000,202509,20250924,20250123,20250924,20250924,20250925,0.0725,0,588080P2509M00900,科创板50沽9月900,10000.0000,2025-09-24,1
{DBB44DE4-7F13-4619-B344-288F2093758D},10008877.SH,10008877,易方达上证科创板50ETF期权2509认沽0.95,588080OP.SH,708002000,0.9500,202509,20250924,20250123,20250924,20250924,20250925,0.0985,0,588080P2509M00950,科创板50沽9月950,10000.0000,2025-09-24,1
{8311B690-C9FA-4668-9660-BC219ED0ED9A},10008878.SH,10008878,易方达上证科创板50ETF期权2509认沽1.00,588080OP.SH,708002000,1.0000,202509,20250924,20250123,20250924,20250924,20250925,0.1282,0,588080P2509M01000,科创板50沽9月1000,10000.0000,2025-09-24,1
{7579BC96-CCCD-4A0E-A3EC-5D3D5F12F2FE},10008879.SH,10008879,易方达上证科创板50ETF期权2509认沽1.05,588080OP.SH,708002000,1.0500,202509,20250924,20250123,20250924,20250924,20250925,0.1635,0,588080P2509M01050,科创板50沽9月1050,10000.0000,2025-09-24,1
{59BACFD1-62DB-497F-A37D-0C696A059A30},10008880.SH,10008880,易方达上证科创板50ETF期权2509认沽1.10,588080OP.SH,708002000,1.1000,202509,20250924,20250123,20250924,20250924,20250925,0.1976,0,588080P2509M01100,科创板50沽9月1100,10000.0000,2025-09-24,1
{36BCB086-FFC1-46DA-B6EB-503AF98ED766},10008881.SH,10008881,易方达上证科创板50ETF期权2509认沽1.15,588080OP.SH,708002000,1.1500,202509,20250924,20250123,20250924,20250924,20250925,0.2401,0,588080P2509M01150,科创板50沽9月1150,10000.0000,2025-09-24,1
{7061A317-E0DA-4165-BDDC-0C32BBCDEF19},10008882.SH,10008882,易方达上证科创板50ETF期权2509认沽1.20,588080OP.SH,708002000,1.2000,202509,20250924,20250123,20250924,20250924,20250925,0.2810,0,588080P2509M01200,科创板50沽9月1200,10000.0000,2025-09-24,1
{50C587A7-D9BC-494E-9899-C6F61B82449A},10008883.SH,10008883,华夏上证科创板50ETF期权2509认购0.80,588000OP.SH,708001000,0.8000,202509,20250924,20250124,20250924,20250924,20250925,0.2424,0,588000C2509M00800,科创50购9月800,10000.0000,2025-09-24,1
{8FC08EBD-143C-4DE7-85BF-CB3472A03377},10008884.SH,10008884,华夏上证科创板50ETF期权2509认沽0.80,588000OP.SH,708002000,0.8000,202509,20250924,20250124,20250924,20250924,20250925,0.0268,0,588000P2509M00800,科创50沽9月800,10000.0000,2025-09-24,1
{368D2A95-DABB-11EF-9F52-E89C250FC87E},10008885.SH,10008885,华夏上证50ETF期权2509认购2.85,510050OP.SH,708001000,2.8500,202509,20250924,20250127,20250924,20250924,20250925,0.1206,0,510050C2509M02850,50ETF购9月2850,10000.0000,2025-09-24,1
{368D2A96-DABB-11EF-9F52-E89C250FC87E},10008886.SH,10008886,华夏上证50ETF期权2509认沽2.85,510050OP.SH,708002000,2.8500,202509,20250924,20250127,20250924,20250924,20250925,0.2870,0,510050P2509M02850,50ETF沽9月2850,10000.0000,2025-09-24,1
{368D2A97-DABB-11EF-9F52-E89C250FC87E},10008887.SH,10008887,南方中证500ETF期权2509认购6.75,510500OP.SH,708001000,6.7500,202509,20250924,20250127,20250924,20250924,20250925,0.1089,0,510500C2509M06750,500ETF购9月6750,10000.0000,2025-09-24,1
{368D2A98-DABB-11EF-9F52-E89C250FC87E},10008888.SH,10008888,南方中证500ETF期权2509认沽6.75,510500OP.SH,708002000,6.7500,202509,20250924,20250127,20250924,20250924,20250925,1.2548,0,510500P2509M06750,500ETF沽9月6750,10000.0000,2025-09-24,1
{BB8BEAAA-9652-48A0-9F74-31F23927D722},10008889.SH,10008889,易方达上证科创板50ETF期权2509认购1.25,588080OP.SH,708001000,1.2500,202509,20250924,20250207,20250924,20250924,20250925,0.0450,0,588080C2509M01250,科创板50购9月1250,10000.0000,2025-09-24,1
{C541856F-B9C0-4362-BF14-9C4A416449AF},10008890.SH,10008890,易方达上证科创板50ETF期权2509认沽1.25,588080OP.SH,708002000,1.2500,202509,20250924,20250207,20250924,20250924,20250925,0.2682,0,588080P2509M01250,科创板50沽9月1250,10000.0000,2025-09-24,1
{60C0F995-E5B0-11EF-B5AA-D45D6449AD83},10008891.SH,10008891,华泰柏瑞沪深300ETF期权2509认购4.303,510300OP.SH,708001000,4.3030,202509,20250924,20250210,20250924,20250924,20250925,0.1155,0,510300C2509A04400,300ETF购9月4303A,10226.0000,2025-09-24,1
{60C0F996-E5B0-11EF-B5AA-D45D6449AD83},10008892.SH,10008892,华泰柏瑞沪深300ETF期权2509认沽4.303,510300OP.SH,708002000,4.3030,202509,20250924,20250210,20250924,20250924,20250925,0.4769,0,510300P2509A04400,300ETF沽9月4303A,10226.0000,2025-09-24,1
{60C0F997-E5B0-11EF-B5AA-D45D6449AD83},10008893.SH,10008893,华夏上证科创板50ETF期权2509认购1.30,588000OP.SH,708001000,1.3000,202509,20250924,20250210,20250924,20250924,20250925,0.0471,0,588000C2509M01300,科创50购9月1300,10000.0000,2025-09-24,1
{60C0F998-E5B0-11EF-B5AA-D45D6449AD83},10008894.SH,10008894,华夏上证科创板50ETF期权2509认沽1.30,588000OP.SH,708002000,1.3000,202509,20250924,20250210,20250924,20250924,20250925,0.2877,0,588000P2509M01300,科创50沽9月1300,10000.0000,2025-09-24,1
{0BE9BCD1-A935-4C8A-BE5B-2745965CC89B},10008895.SH,10008895,华夏上证50ETF期权2509认购2.90,510050OP.SH,708001000,2.9000,202509,20250924,20250211,20250924,20250924,20250925,0.0905,0,510050C2509M02900,50ETF购9月2900,10000.0000,2025-09-24,1
{8EAB1A5B-C6AB-4520-A4CA-F0B780E09987},10008896.SH,10008896,华夏上证50ETF期权2509认沽2.90,510050OP.SH,708002000,2.9000,202509,20250924,20250211,20250924,20250924,20250925,0.2727,0,510050P2509M02900,50ETF沽9月2900,10000.0000,2025-09-24,1
{FEC9CF84-8903-453B-89FF-5510B3A49A01},10008903.SH,10008903,南方中证500ETF期权2509认购7.00,510500OP.SH,708001000,7.0000,202509,20250924,20250211,20250924,20250924,20250925,0.0916,0,510500C2509M07000,500ETF购9月7000,10000.0000,2025-09-24,1
{C5B7DC4C-53F5-4B25-B649-7242E528AC4F},10008904.SH,10008904,南方中证500ETF期权2509认沽7.00,510500OP.SH,708002000,7.0000,202509,20250924,20250211,20250924,20250924,20250925,1.2709,0,510500P2509M07000,500ETF沽9月7000,10000.0000,2025-09-24,1
{DB625A79-F0B2-11EF-9F6F-D45D64F1DC8F},10008905.SH,10008905,华夏上证50ETF期权2509认购2.95,510050OP.SH,708001000,2.9500,202509,20250924,20250224,20250924,20250924,20250925,0.0832,0,510050C2509M02950,50ETF购9月2950,10000.0000,2025-09-24,1
{DB625A7A-F0B2-11EF-9F6F-D45D64F1DC8F},10008906.SH,10008906,华夏上证50ETF期权2509认沽2.95,510050OP.SH,708002000,2.9500,202509,20250924,20250224,20250924,20250924,20250925,0.2462,0,510050P2509M02950,50ETF沽9月2950,10000.0000,2025-09-24,1
{DB625A7B-F0B2-11EF-9F6F-D45D64F1DC8F},10008907.SH,10008907,华泰柏瑞沪深300ETF期权2509认购4.401,510300OP.SH,708001000,4.4010,202509,20250924,20250224,20250924,20250924,20250925,0.0970,0,510300C2509A04500,300ETF购9月4401A,10226.0000,2025-09-24,1
{DB625A7C-F0B2-11EF-9F6F-D45D64F1DC8F},10008908.SH,10008908,华泰柏瑞沪深300ETF期权2509认沽4.401,510300OP.SH,708002000,4.4010,202509,20250924,20250224,20250924,20250924,20250925,0.4756,0,510300P2509A04500,300ETF沽9月4401A,10226.0000,2025-09-24,1
{DB625A7F-F0B2-11EF-9F6F-D45D64F1DC8F},10008911.SH,10008911,华夏上证科创板50ETF期权2509认购1.35,588000OP.SH,708001000,1.3500,202509,20250924,20250224,20250924,20250924,20250925,0.0481,0,588000C2509M01350,科创50购9月1350,10000.0000,2025-09-24,1
{DB625A80-F0B2-11EF-9F6F-D45D64F1DC8F},10008912.SH,10008912,华夏上证科创板50ETF期权2509认沽1.35,588000OP.SH,708002000,1.3500,202509,20250924,20250224,20250924,20250924,20250925,0.2668,0,588000P2509M01350,科创50沽9月1350,10000.0000,2025-09-24,1
{DB625A83-F0B2-11EF-9F6F-D45D64F1DC8F},10008915.SH,10008915,易方达上证科创板50ETF期权2509认购1.30,588080OP.SH,708001000,1.3000,202509,20250924,20250224,20250924,20250924,20250925,0.0489,0,588080C2509M01300,科创板50购9月1300,10000.0000,2025-09-24,1
{DB625A84-F0B2-11EF-9F6F-D45D64F1DC8F},10008916.SH,10008916,易方达上证科创板50ETF期权2509认沽1.30,588080OP.SH,708002000,1.3000,202509,20250924,20250224,20250924,20250924,20250925,0.2523,0,588080P2509M01300,科创板50沽9月1300,10000.0000,2025-09-24,1
{1C16B92B-902F-4795-B43B-5C74FF484D5D},10008923.SH,10008923,易方达上证科创板50ETF期权2509认购1.35,588080OP.SH,708001000,1.3500,202509,20250924,20250225,20250924,20250924,20250925,0.0417,0,588080C2509M01350,科创板50购9月1350,10000.0000,2025-09-24,1
{370623A0-5BB5-45B9-8B5A-365C7EF156DA},10008924.SH,10008924,易方达上证科创板50ETF期权2509认沽1.35,588080OP.SH,708002000,1.3500,202509,20250924,20250225,20250924,20250924,20250925,0.2835,0,588080P2509M01350,科创板50沽9月1350,10000.0000,2025-09-24,1
{137414CF-9662-48A0-BCE6-28C534E604E1},10008929.SH,10008929,华夏上证科创板50ETF期权2509认购1.40,588000OP.SH,708001000,1.4000,202509,20250924,20250227,20250924,20250924,20250925,0.0461,0,588000C2509M01400,科创50购9月1400,10000.0000,2025-09-24,1
{DF469DAC-2A42-4E27-97BC-4195454B1BF4},10008930.SH,10008930,华夏上证科创板50ETF期权2509认沽1.40,588000OP.SH,708002000,1.4000,202509,20250924,20250227,20250924,20250924,20250925,0.2823,0,588000P2509M01400,科创50沽9月1400,10000.0000,2025-09-24,1
{B66D8E76-012D-11F0-9A11-4CCC6AED08D3},10009039.SH,10009039,华夏上证50ETF期权2509认购3.00,510050OP.SH,708001000,3.0000,202509,20250924,20250317,20250924,20250924,20250925,0.0784,0,510050C2509M03000,50ETF购9月3000,10000.0000,2025-09-24,1
{B66D8E77-012D-11F0-9A11-4CCC6AED08D3},10009040.SH,10009040,华夏上证50ETF期权2509认沽3.00,510050OP.SH,708002000,3.0000,202509,20250924,20250317,20250924,20250924,20250925,0.2454,0,510050P2509M03000,50ETF沽9月3000,10000.0000,2025-09-24,1
{C9F8B120-E2E8-4740-B8F3-912350060E57},10009047.SH,10009047,南方中证500ETF期权2509认购7.25,510500OP.SH,708001000,7.2500,202509,20250924,20250319,20250924,20250924,20250925,0.0486,0,510500C2509M07250,500ETF购9月7250,10000.0000,2025-09-24,1
{B10851F6-C37F-470B-8D77-D7743C2B50CE},10009048.SH,10009048,南方中证500ETF期权2509认沽7.25,510500OP.SH,708002000,7.2500,202509,20250924,20250319,20250924,20250924,20250925,1.2975,0,510500P2509M07250,500ETF沽9月7250,10000.0000,2025-09-24,1
{22B1FCE8-6942-40BF-8912-175334833E4D},10009163.SH,10009163,华夏上证50ETF期权2509认购2.35,510050OP.SH,708001000,2.3500,202509,20250924,20250408,20250924,20250924,20250925,0.3038,0,510050C2509M02350,50ETF购9月2350,10000.0000,2025-09-24,1
{3FA4A8D4-A393-4FA0-A392-4301598A73C1},10009164.SH,10009164,华夏上证50ETF期权2509认沽2.35,510050OP.SH,708002000,2.3500,202509,20250924,20250408,20250924,20250924,20250925,0.1004,0,510050P2509M02350,50ETF沽9月2350,10000.0000,2025-09-24,1
{0AD29F04-503F-41C0-9021-E5B33B48B5E7},10009179.SH,10009179,华泰柏瑞沪深300ETF期权2509认购3.227,510300OP.SH,708001000,3.2270,202509,20250924,20250408,20250924,20250924,20250925,0.4617,0,510300C2509A03300,300ETF购9月3227A,10226.0000,2025-09-24,1
{22432332-2BD6-46CA-96EB-8D1A91EBCC31},10009180.SH,10009180,华泰柏瑞沪深300ETF期权2509认购3.325,510300OP.SH,708001000,3.3250,202509,20250924,20250408,20250924,20250924,20250925,0.3790,0,510300C2509A03400,300ETF购9月3325A,10226.0000,2025-09-24,1
{2D3FD97C-BE87-44B7-BE5B-9D4479BC547B},10009181.SH,10009181,华泰柏瑞沪深300ETF期权2509认沽3.227,510300OP.SH,708002000,3.2270,202509,20250924,20250408,20250924,20250924,20250925,0.1660,0,510300P2509A03300,300ETF沽9月3227A,10226.0000,2025-09-24,1
{2EA9B4CB-9F29-4CC0-AB62-DEF1ECF57739},10009182.SH,10009182,华泰柏瑞沪深300ETF期权2509认沽3.325,510300OP.SH,708002000,3.3250,202509,20250924,20250408,20250924,20250924,20250925,0.2027,0,510300P2509A03400,300ETF沽9月3325A,10226.0000,2025-09-24,1
{56FEEB10-5340-41B6-9CBF-C008DF1696E0},10009193.SH,10009193,南方中证500ETF期权2509认购4.70,510500OP.SH,708001000,4.7000,202509,20250924,20250408,20250924,20250924,20250925,0.6587,0,510500C2509M04700,500ETF购9月4700,10000.0000,2025-09-24,1
{1A91C0A9-1E32-4626-A591-5DFC1E7D1DA3},10009194.SH,10009194,南方中证500ETF期权2509认沽4.70,510500OP.SH,708002000,4.7000,202509,20250924,20250408,20250924,20250924,20250925,0.3065,0,510500P2509M04700,500ETF沽9月4700,10000.0000,2025-09-24,1
{8A1667DA-461F-4203-9D8F-14A24D0930A5},10009205.SH,10009205,华夏上证科创板50ETF期权2509认购0.75,588000OP.SH,708001000,0.7500,202509,20250924,20250408,20250924,20250924,20250925,0.2303,0,588000C2509M00750,科创50购9月750,10000.0000,2025-09-24,1
{202F999D-B61E-49A1-A8E3-F43B5EAFE9C8},10009206.SH,10009206,华夏上证科创板50ETF期权2509认沽0.75,588000OP.SH,708002000,0.7500,202509,20250924,20250408,20250924,20250924,20250925,0.0623,0,588000P2509M00750,科创50沽9月750,10000.0000,2025-09-24,1
{A450CA0D-6EDF-482D-924A-94442B95225B},10009215.SH,10009215,易方达上证科创板50ETF期权2509认购0.75,588080OP.SH,708001000,0.7500,202509,20250924,20250408,20250924,20250924,20250925,0.2133,0,588080C2509M00750,科创板50购9月750,10000.0000,2025-09-24,1
{73C6339F-87C1-4C5C-9E0C-FDAEB627A558},10009216.SH,10009216,易方达上证科创板50ETF期权2509认沽0.75,588080OP.SH,708002000,0.7500,202509,20250924,20250408,20250924,20250924,20250925,0.0701,0,588080P2509M00750,科创板50沽9月750,10000.0000,2025-09-24,1
{AA1219CB-1824-4086-85DB-D8F398CAFB91},10009217.SH,10009217,华夏上证50ETF期权2512认购2.435,510050OP.SH,708001000,2.4350,202512,20251224,20250424,20251224,20251224,20251225,0.2773,0,510050C2512A02500,50ETF购12月2435A,10265.0000,2025-12-24,1
{CB89F6E3-58E8-4D21-8430-CF0F29DE21D7},10009218.SH,10009218,华夏上证50ETF期权2512认购2.484,510050OP.SH,708001000,2.4840,202512,20251224,20250424,20251224,20251224,20251225,0.2399,0,510050C2512A02550,50ETF购12月2484A,10265.0000,2025-12-24,1
{DD605F89-6959-4B4F-BBAB-447B858E7358},10009219.SH,10009219,华夏上证50ETF期权2512认购2.533,510050OP.SH,708001000,2.5330,202512,20251224,20250424,20251224,20251224,20251225,0.2124,0,510050C2512A02600,50ETF购12月2533A,10265.0000,2025-12-24,1
{9E2B0E20-B5D5-47E9-A4A1-EEC2B9925BE3},10009220.SH,10009220,华夏上证50ETF期权2512认购2.582,510050OP.SH,708001000,2.5820,202512,20251224,20250424,20251224,20251224,20251225,0.1828,0,510050C2512A02650,50ETF购12月2582A,10265.0000,2025-12-24,1
{74813C9C-85B7-4C77-886F-DAC8883768FF},10009221.SH,10009221,华夏上证50ETF期权2512认购2.63,510050OP.SH,708001000,2.6300,202512,20251224,20250424,20251224,20251224,20251225,0.1563,0,510050C2512A02700,50ETF购12月2630A,10265.0000,2025-12-24,1
{741EA594-9844-4106-8ABE-FD2C5D7BBC53},10009222.SH,10009222,华夏上证50ETF期权2512认购2.679,510050OP.SH,708001000,2.6790,202512,20251224,20250424,20251224,20251224,20251225,0.1328,0,510050C2512A02750,50ETF购12月2679A,10265.0000,2025-12-24,1
{C7662ADD-3C87-4594-AD2D-79884D094559},10009223.SH,10009223,华夏上证50ETF期权2512认购2.728,510050OP.SH,708001000,2.7280,202512,20251224,20250424,20251224,20251224,20251225,0.1141,0,510050C2512A02800,50ETF购12月2728A,10265.0000,2025-12-24,1
{08D07EE8-EBA3-4346-B28F-098175DD9E89},10009224.SH,10009224,华夏上证50ETF期权2512认购2.776,510050OP.SH,708001000,2.7760,202512,20251224,20250424,20251224,20251224,20251225,0.0973,0,510050C2512A02850,50ETF购12月2776A,10265.0000,2025-12-24,1
{D99EABA1-FE1D-4C7F-AC10-02F8A04324FD},10009225.SH,10009225,华夏上证50ETF期权2512认购2.825,510050OP.SH,708001000,2.8250,202512,20251224,20250424,20251224,20251224,20251225,0.0821,0,510050C2512A02900,50ETF购12月2825A,10265.0000,2025-12-24,1
{9B5BBDB1-DCCA-47CC-97AA-FFED68E3A71A},10009226.SH,10009226,华夏上证50ETF期权2512认沽2.435,510050OP.SH,708002000,2.4350,202512,20251224,20250424,20251224,20251224,20251225,0.0565,0,510050P2512A02500,50ETF沽12月2435A,10265.0000,2025-12-24,1
{CCEF7276-E194-47DD-B9A4-9EFC383E07CE},10009227.SH,10009227,华夏上证50ETF期权2512认沽2.484,510050OP.SH,708002000,2.4840,202512,20251224,20250424,20251224,20251224,20251225,0.0689,0,510050P2512A02550,50ETF沽12月2484A,10265.0000,2025-12-24,1
{30111A7F-5489-4E13-8A96-56EE94E2FD66},10009228.SH,10009228,华夏上证50ETF期权2512认沽2.533,510050OP.SH,708002000,2.5330,202512,20251224,20250424,20251224,20251224,20251225,0.0856,0,510050P2512A02600,50ETF沽12月2533A,10265.0000,2025-12-24,1
{585B88D2-7DEE-4F15-A35E-2966DADFD838},10009229.SH,10009229,华夏上证50ETF期权2512认沽2.582,510050OP.SH,708002000,2.5820,202512,20251224,20250424,20251224,20251224,20251225,0.1045,0,510050P2512A02650,50ETF沽12月2582A,10265.0000,2025-12-24,1
{F5EC5E6A-C805-4487-8372-9002C60EBF4B},10009231.SH,10009231,华夏上证50ETF期权2512认沽2.679,510050OP.SH,708002000,2.6790,202512,20251224,20250424,20251224,20251224,20251225,0.1519,0,510050P2512A02750,50ETF沽12月2679A,10265.0000,2025-12-24,1
{C6570FD7-2CE0-43E8-A6F9-6E63FB94B67F},10009232.SH,10009232,华夏上证50ETF期权2512认沽2.728,510050OP.SH,708002000,2.7280,202512,20251224,20250424,20251224,20251224,20251225,0.1836,0,510050P2512A02800,50ETF沽12月2728A,10265.0000,2025-12-24,1
{5E7DDBB6-7303-4F7C-AD7F-75AAB019C337},10009233.SH,10009233,华夏上证50ETF期权2512认沽2.776,510050OP.SH,708002000,2.7760,202512,20251224,20250424,20251224,20251224,20251225,0.2120,0,510050P2512A02850,50ETF沽12月2776A,10265.0000,2025-12-24,1
{8F1996F9-A379-4059-8E37-5E42020635ED},10009234.SH,10009234,华夏上证50ETF期权2512认沽2.825,510050OP.SH,708002000,2.8250,202512,20251224,20250424,20251224,20251224,20251225,0.2518,0,510050P2512A02900,50ETF沽12月2825A,10265.0000,2025-12-24,1
{592BD583-7A5C-433E-A3F4-A1EACFA590BA},10009235.SH,10009235,华泰柏瑞沪深300ETF期权2512认购3.423,510300OP.SH,708001000,3.4230,202512,20251224,20250424,20251224,20251224,20251225,0.4510,0,510300C2512A03500,300ETF购12月3423A,10226.0000,2025-12-24,1
{951BED8C-03F4-4F9B-B042-EFF70EF4EFF6},10009236.SH,10009236,华泰柏瑞沪深300ETF期权2512认购3.52,510300OP.SH,708001000,3.5200,202512,20251224,20250424,20251224,20251224,20251225,0.3605,0,510300C2512A03600,300ETF购12月3520A,10226.0000,2025-12-24,1
{072F6E47-D0FD-4C91-B08E-249E64277A5C},10009237.SH,10009237,华泰柏瑞沪深300ETF期权2512认购3.618,510300OP.SH,708001000,3.6180,202512,20251224,20250424,20251224,20251224,20251225,0.3031,0,510300C2512A03700,300ETF购12月3618A,10226.0000,2025-12-24,1
{360A2982-CC68-4B21-87BA-ED101813FA70},10009238.SH,10009238,华泰柏瑞沪深300ETF期权2512认购3.716,510300OP.SH,708001000,3.7160,202512,20251224,20250424,20251224,20251224,20251225,0.2453,0,510300C2512A03800,300ETF购12月3716A,10226.0000,2025-12-24,1
{5D4EBCE3-406F-45F5-84FE-611793F1024E},10009239.SH,10009239,华泰柏瑞沪深300ETF期权2512认购3.814,510300OP.SH,708001000,3.8140,202512,20251224,20250424,20251224,20251224,20251225,0.1963,0,510300C2512A03900,300ETF购12月3814A,10226.0000,2025-12-24,1
{E4D067B2-8B58-425C-8CB7-7F0C7DBDB381},10009240.SH,10009240,华泰柏瑞沪深300ETF期权2512认购3.912,510300OP.SH,708001000,3.9120,202512,20251224,20250424,20251224,20251224,20251225,0.1580,0,510300C2512A04000,300ETF购12月3912A,10226.0000,2025-12-24,1
{AC493EEA-8DA5-4EC3-A9F5-A242C177A1B1},10009241.SH,10009241,华泰柏瑞沪深300ETF期权2512认购4.009,510300OP.SH,708001000,4.0090,202512,20251224,20250424,20251224,20251224,20251225,0.1265,0,510300C2512A04100,300ETF购12月4009A,10226.0000,2025-12-24,1
{F22D26C5-7BDE-4EF2-B994-2C2B7CB3A68A},10009242.SH,10009242,华泰柏瑞沪深300ETF期权2512认购4.107,510300OP.SH,708001000,4.1070,202512,20251224,20250424,20251224,20251224,20251225,0.1038,0,510300C2512A04200,300ETF购12月4107A,10226.0000,2025-12-24,1
{668DE676-FBEA-4B42-9EDB-BC5545EF361B},10009243.SH,10009243,华泰柏瑞沪深300ETF期权2512认购4.205,510300OP.SH,708001000,4.2050,202512,20251224,20250424,20251224,20251224,20251225,0.0853,0,510300C2512A04300,300ETF购12月4205A,10226.0000,2025-12-24,1
{228281DA-DFE6-430B-A39F-62F796B3256B},10009244.SH,10009244,华泰柏瑞沪深300ETF期权2512认沽3.423,510300OP.SH,708002000,3.4230,202512,20251224,20250424,20251224,20251224,20251225,0.0808,0,510300P2512A03500,300ETF沽12月3423A,10226.0000,2025-12-24,1
{2850109F-5240-438D-B8B9-F62FBD90284E},10009245.SH,10009245,华泰柏瑞沪深300ETF期权2512认沽3.52,510300OP.SH,708002000,3.5200,202512,20251224,20250424,20251224,20251224,20251225,0.1024,0,510300P2512A03600,300ETF沽12月3520A,10226.0000,2025-12-24,1
{BA554CEB-B3E2-46AF-BE71-EB6BB9640AF3},10009246.SH,10009246,华泰柏瑞沪深300ETF期权2512认沽3.618,510300OP.SH,708002000,3.6180,202512,20251224,20250424,20251224,20251224,20251225,0.1326,0,510300P2512A03700,300ETF沽12月3618A,10226.0000,2025-12-24,1
{DB3164B8-32D1-4F78-9C90-A4900BFCEA20},10009247.SH,10009247,华泰柏瑞沪深300ETF期权2512认沽3.716,510300OP.SH,708002000,3.7160,202512,20251224,20250424,20251224,20251224,20251225,0.1712,0,510300P2512A03800,300ETF沽12月3716A,10226.0000,2025-12-24,1
{D81BDCDB-26A9-4B1C-B972-F019DF9C0917},10009248.SH,10009248,华泰柏瑞沪深300ETF期权2512认沽3.814,510300OP.SH,708002000,3.8140,202512,20251224,20250424,20251224,20251224,20251225,0.2196,0,510300P2512A03900,300ETF沽12月3814A,10226.0000,2025-12-24,1
{B462C2CB-8648-45C9-9BD7-65C4DC78DE6B},10009249.SH,10009249,华泰柏瑞沪深300ETF期权2512认沽3.912,510300OP.SH,708002000,3.9120,202512,20251224,20250424,20251224,20251224,20251225,0.2802,0,510300P2512A04000,300ETF沽12月3912A,10226.0000,2025-12-24,1
{834DD7EC-91D2-4512-84D0-9F9D8290C9FE},10009250.SH,10009250,华泰柏瑞沪深300ETF期权2512认沽4.009,510300OP.SH,708002000,4.0090,202512,20251224,20250424,20251224,20251224,20251225,0.3506,0,510300P2512A04100,300ETF沽12月4009A,10226.0000,2025-12-24,1
{96B98DD1-857F-41F5-B112-80A6C669C47F},10009251.SH,10009251,华泰柏瑞沪深300ETF期权2512认沽4.107,510300OP.SH,708002000,4.1070,202512,20251224,20250424,20251224,20251224,20251225,0.4270,0,510300P2512A04200,300ETF沽12月4107A,10226.0000,2025-12-24,1
{25B6420B-7367-4C41-A116-8084AEE668EF},10009252.SH,10009252,华泰柏瑞沪深300ETF期权2512认沽4.205,510300OP.SH,708002000,4.2050,202512,20251224,20250424,20251224,20251224,20251225,0.5111,0,510300P2512A04300,300ETF沽12月4205A,10226.0000,2025-12-24,1
{64F75AF0-9946-4B5C-9792-705ACC18E0FE},10009253.SH,10009253,南方中证500ETF期权2512认购4.90,510500OP.SH,708001000,4.9000,202512,20251224,20250424,20251224,20251224,20251225,0.8246,0,510500C2512M04900,500ETF购12月4900,10000.0000,2025-12-24,1
{81A1B59F-2423-403B-8676-BB44AA000B52},10009254.SH,10009254,南方中证500ETF期权2512认购5.00,510500OP.SH,708001000,5.0000,202512,20251224,20250424,20251224,20251224,20251225,0.7265,0,510500C2512M05000,500ETF购12月5000,10000.0000,2025-12-24,1
{17DE99FC-1FAD-4572-9A2B-84112D8F299A},10009255.SH,10009255,南方中证500ETF期权2512认购5.25,510500OP.SH,708001000,5.2500,202512,20251224,20250424,20251224,20251224,20251225,0.4815,0,510500C2512M05250,500ETF购12月5250,10000.0000,2025-12-24,1
{47E007D3-A902-4E6C-8B69-0CC8EEA6B113},10009256.SH,10009256,南方中证500ETF期权2512认购5.50,510500OP.SH,708001000,5.5000,202512,20251224,20250424,20251224,20251224,20251225,0.3042,0,510500C2512M05500,500ETF购12月5500,10000.0000,2025-12-24,1
{B2FE49AA-1EA7-463A-89B5-F5ADD154FF35},10009257.SH,10009257,南方中证500ETF期权2512认购5.75,510500OP.SH,708001000,5.7500,202512,20251224,20250424,20251224,20251224,20251225,0.2187,0,510500C2512M05750,500ETF购12月5750,10000.0000,2025-12-24,1
{8CBC149A-A1E8-4D27-A1E1-DCD0E421C3EA},10009258.SH,10009258,南方中证500ETF期权2512认购6.00,510500OP.SH,708001000,6.0000,202512,20251224,20250424,20251224,20251224,20251225,0.1570,0,510500C2512M06000,500ETF购12月6000,10000.0000,2025-12-24,1
{54899A9A-AF03-4592-AEF8-D5D0A1316F58},10009259.SH,10009259,南方中证500ETF期权2512认购6.25,510500OP.SH,708001000,6.2500,202512,20251224,20250424,20251224,20251224,20251225,0.1180,0,510500C2512M06250,500ETF购12月6250,10000.0000,2025-12-24,1
{992E9093-923D-49BC-9708-3283A6F1CB06},10009260.SH,10009260,南方中证500ETF期权2512认购6.50,510500OP.SH,708001000,6.5000,202512,20251224,20250424,20251224,20251224,20251225,0.0920,0,510500C2512M06500,500ETF购12月6500,10000.0000,2025-12-24,1
{95FCC8E6-486B-4508-A526-18782517E444},10009261.SH,10009261,南方中证500ETF期权2512认购6.75,510500OP.SH,708001000,6.7500,202512,20251224,20250424,20251224,20251224,20251225,0.0762,0,510500C2512M06750,500ETF购12月6750,10000.0000,2025-12-24,1
{F7EE9506-4D07-43E0-9A12-46E745F7D3FA},10009262.SH,10009262,南方中证500ETF期权2512认沽4.90,510500OP.SH,708002000,4.9000,202512,20251224,20250424,20251224,20251224,20251225,0.1552,0,510500P2512M04900,500ETF沽12月4900,10000.0000,2025-12-24,1
{1A1DE9BE-10CA-49D7-932B-98D25BDA0E1F},10009263.SH,10009263,南方中证500ETF期权2512认沽5.00,510500OP.SH,708002000,5.0000,202512,20251224,20250424,20251224,20251224,20251225,0.1790,0,510500P2512M05000,500ETF沽12月5000,10000.0000,2025-12-24,1
{8E098759-D975-4681-A581-3EAB6C0ED9C2},10009264.SH,10009264,南方中证500ETF期权2512认沽5.25,510500OP.SH,708002000,5.2500,202512,20251224,20250424,20251224,20251224,20251225,0.2552,0,510500P2512M05250,500ETF沽12月5250,10000.0000,2025-12-24,1
{E6E9AA96-AAEF-48A2-9262-EE57FF19A0AD},10009265.SH,10009265,南方中证500ETF期权2512认沽5.50,510500OP.SH,708002000,5.5000,202512,20251224,20250424,20251224,20251224,20251225,0.3701,0,510500P2512M05500,500ETF沽12月5500,10000.0000,2025-12-24,1
{5FA51568-8B30-4C4D-A3BA-5067D3026B16},10009266.SH,10009266,南方中证500ETF期权2512认沽5.75,510500OP.SH,708002000,5.7500,202512,20251224,20250424,20251224,20251224,20251225,0.5326,0,510500P2512M05750,500ETF沽12月5750,10000.0000,2025-12-24,1
{84DC8880-9782-4320-B92B-4A968A373FDF},10009267.SH,10009267,南方中证500ETF期权2512认沽6.00,510500OP.SH,708002000,6.0000,202512,20251224,20250424,20251224,20251224,20251225,0.7210,0,510500P2512M06000,500ETF沽12月6000,10000.0000,2025-12-24,1
{ED554F25-CAEC-4158-970D-EC1D1351DC5D},10009268.SH,10009268,南方中证500ETF期权2512认沽6.25,510500OP.SH,708002000,6.2500,202512,20251224,20250424,20251224,20251224,20251225,0.9534,0,510500P2512M06250,500ETF沽12月6250,10000.0000,2025-12-24,1
{2E1D0A63-083D-401A-A454-60E7547C1A6B},10009269.SH,10009269,南方中证500ETF期权2512认沽6.50,510500OP.SH,708002000,6.5000,202512,20251224,20250424,20251224,20251224,20251225,1.1881,0,510500P2512M06500,500ETF沽12月6500,10000.0000,2025-12-24,1
{3BEEC4F0-DC17-4B6A-994B-76C4F8CD27B0},10009270.SH,10009270,南方中证500ETF期权2512认沽6.75,510500OP.SH,708002000,6.7500,202512,20251224,20250424,20251224,20251224,20251225,1.4232,0,510500P2512M06750,500ETF沽12月6750,10000.0000,2025-12-24,1
{9F62E106-2C20-4C8D-90E4-B072E728E157},10009271.SH,10009271,华夏上证科创板50ETF期权2512认购0.85,588000OP.SH,708001000,0.8500,202512,20251224,20250424,20251224,20251224,20251225,0.2298,0,588000C2512M00850,科创50购12月850,10000.0000,2025-12-24,1
{F10F7A2A-4821-4CA7-9161-BF6FD610DB9B},10009272.SH,10009272,华夏上证科创板50ETF期权2512认购0.90,588000OP.SH,708001000,0.9000,202512,20251224,20250424,20251224,20251224,20251225,0.1807,0,588000C2512M00900,科创50购12月900,10000.0000,2025-12-24,1
{547AB8D6-D374-46F7-8B37-74409B129A3C},10009273.SH,10009273,华夏上证科创板50ETF期权2512认购0.95,588000OP.SH,708001000,0.9500,202512,20251224,20250424,20251224,20251224,20251225,0.1317,0,588000C2512M00950,科创50购12月950,10000.0000,2025-12-24,1
{60AA6A00-E7E6-49C6-A4E9-8F3966199A37},10009274.SH,10009274,华夏上证科创板50ETF期权2512认购1.00,588000OP.SH,708001000,1.0000,202512,20251224,20250424,20251224,20251224,20251225,0.1146,0,588000C2512M01000,科创50购12月1000,10000.0000,2025-12-24,1
{B2A3B5E4-A319-4864-A893-239415F76B3C},10009275.SH,10009275,华夏上证科创板50ETF期权2512认购1.05,588000OP.SH,708001000,1.0500,202512,20251224,20250424,20251224,20251224,20251225,0.0907,0,588000C2512M01050,科创50购12月1050,10000.0000,2025-12-24,1
{B4A80327-A6D3-48AB-BBF0-738665C9E9A4},10009276.SH,10009276,华夏上证科创板50ETF期权2512认购1.10,588000OP.SH,708001000,1.1000,202512,20251224,20250424,20251224,20251224,20251225,0.0753,0,588000C2512M01100,科创50购12月1100,10000.0000,2025-12-24,1
{A7DD56B1-0924-4BEB-BB31-1AEC2CF98C3A},10009277.SH,10009277,华夏上证科创板50ETF期权2512认购1.15,588000OP.SH,708001000,1.1500,202512,20251224,20250424,20251224,20251224,20251225,0.0610,0,588000C2512M01150,科创50购12月1150,10000.0000,2025-12-24,1
{D250E43A-28A9-4D26-BB40-9E76A11B29F7},10009278.SH,10009278,华夏上证科创板50ETF期权2512认购1.20,588000OP.SH,708001000,1.2000,202512,20251224,20250424,20251224,20251224,20251225,0.0508,0,588000C2512M01200,科创50购12月1200,10000.0000,2025-12-24,1
{13923242-6DC6-4C35-9F30-C58378C53EE2},10009279.SH,10009279,华夏上证科创板50ETF期权2512认购1.25,588000OP.SH,708001000,1.2500,202512,20251224,20250424,20251224,20251224,20251225,0.0455,0,588000C2512M01250,科创50购12月1250,10000.0000,2025-12-24,1
{7412FF55-61EE-4CC4-8485-241B7324DC59},10009280.SH,10009280,华夏上证科创板50ETF期权2512认沽0.85,588000OP.SH,708002000,0.8500,202512,20251224,20250424,20251224,20251224,20251225,0.0352,0,588000P2512M00850,科创50沽12月850,10000.0000,2025-12-24,1
{E1EAD949-EC2B-4E6D-83D3-A88250CBB9D7},10009281.SH,10009281,华夏上证科创板50ETF期权2512认沽0.90,588000OP.SH,708002000,0.9000,202512,20251224,20250424,20251224,20251224,20251225,0.0456,0,588000P2512M00900,科创50沽12月900,10000.0000,2025-12-24,1
{44D4B6A2-5147-453E-B6AE-A3C1C4FAC53C},10009282.SH,10009282,华夏上证科创板50ETF期权2512认沽0.95,588000OP.SH,708002000,0.9500,202512,20251224,20250424,20251224,20251224,20251225,0.0664,0,588000P2512M00950,科创50沽12月950,10000.0000,2025-12-24,1
{310E0168-2B12-4BDB-A92B-EAD3DDC27274},10009283.SH,10009283,华夏上证科创板50ETF期权2512认沽1.00,588000OP.SH,708002000,1.0000,202512,20251224,20250424,20251224,20251224,20251225,0.0861,0,588000P2512M01000,科创50沽12月1000,10000.0000,2025-12-24,1
{FB9C50F6-3955-4E05-A498-1EF25630D05E},10009284.SH,10009284,华夏上证科创板50ETF期权2512认沽1.05,588000OP.SH,708002000,1.0500,202512,20251224,20250424,20251224,20251224,20251225,0.1113,0,588000P2512M01050,科创50沽12月1050,10000.0000,2025-12-24,1
{0F5E539E-87DE-4B90-874B-492B7147BAA7},10009285.SH,10009285,华夏上证科创板50ETF期权2512认沽1.10,588000OP.SH,708002000,1.1000,202512,20251224,20250424,20251224,20251224,20251225,0.1476,0,588000P2512M01100,科创50沽12月1100,10000.0000,2025-12-24,1
{C09DF01D-BA14-40D6-8FA7-3463A6CBB69D},10009286.SH,10009286,华夏上证科创板50ETF期权2512认沽1.15,588000OP.SH,708002000,1.1500,202512,20251224,20250424,20251224,20251224,20251225,0.1822,0,588000P2512M01150,科创50沽12月1150,10000.0000,2025-12-24,1
{19DA2538-C8C8-4B64-9F93-4A7F9B1A88F6},10009287.SH,10009287,华夏上证科创板50ETF期权2512认沽1.20,588000OP.SH,708002000,1.2000,202512,20251224,20250424,20251224,20251224,20251225,0.2235,0,588000P2512M01200,科创50沽12月1200,10000.0000,2025-12-24,1
{FC4B12C3-6420-436E-9ECA-866F32612CA9},10009288.SH,10009288,华夏上证科创板50ETF期权2512认沽1.25,588000OP.SH,708002000,1.2500,202512,20251224,20250424,20251224,20251224,20251225,0.2676,0,588000P2512M01250,科创50沽12月1250,10000.0000,2025-12-24,1
{4F706937-0A70-4F35-A9B0-F96CAB74916D},10009289.SH,10009289,易方达上证科创板50ETF期权2512认购0.842,588080OP.SH,708001000,0.8420,202512,20251224,20250424,20251224,20251224,20251225,0.2028,0,588080C2512A00850,科创板50购12月842A,10097.0000,2025-12-24,1
{9047DBA0-ABDB-49D7-9C4D-0D9EE3EF6DFB},10009290.SH,10009290,易方达上证科创板50ETF期权2512认购0.891,588080OP.SH,708001000,0.8910,202512,20251224,20250424,20251224,20251224,20251225,0.1537,0,588080C2512A00900,科创板50购12月891A,10097.0000,2025-12-24,1
{2CECF0F7-EB36-4B33-BB84-B489AB2897BC},10009292.SH,10009292,易方达上证科创板50ETF期权2512认购0.99,588080OP.SH,708001000,0.9900,202512,20251224,20250424,20251224,20251224,20251225,0.0974,0,588080C2512A01000,科创板50购12月990A,10097.0000,2025-12-24,1
{89EF6C91-235C-4BFC-962A-A777C8B14940},10009293.SH,10009293,易方达上证科创板50ETF期权2512认购1.04,588080OP.SH,708001000,1.0400,202512,20251224,20250424,20251224,20251224,20251225,0.0790,0,588080C2512A01050,科创板50购12月1040A,10097.0000,2025-12-24,1
{FFC3D3FB-84B2-4AC5-986E-6E16194CFA18},10009294.SH,10009294,易方达上证科创板50ETF期权2512认购1.089,588080OP.SH,708001000,1.0890,202512,20251224,20250424,20251224,20251224,20251225,0.0638,0,588080C2512A01100,科创板50购12月1089A,10097.0000,2025-12-24,1
{090CCE95-6E4B-401F-BF77-6497343AE38C},10009295.SH,10009295,易方达上证科创板50ETF期权2512认购1.139,588080OP.SH,708001000,1.1390,202512,20251224,20250424,20251224,20251224,20251225,0.0520,0,588080C2512A01150,科创板50购12月1139A,10097.0000,2025-12-24,1
{FDCE2434-4487-4D25-BA00-84078F5FEFAB},10009296.SH,10009296,易方达上证科创板50ETF期权2512认购1.188,588080OP.SH,708001000,1.1880,202512,20251224,20250424,20251224,20251224,20251225,0.0446,0,588080C2512A01200,科创板50购12月1188A,10097.0000,2025-12-24,1
{4649B6A8-A2F2-43B4-88CC-AA6852D4C13E},10009297.SH,10009297,易方达上证科创板50ETF期权2512认购1.238,588080OP.SH,708001000,1.2380,202512,20251224,20250424,20251224,20251224,20251225,0.0381,0,588080C2512A01250,科创板50购12月1238A,10097.0000,2025-12-24,1
{8860E817-0039-47E7-A5E3-1158C273AC7D},10009298.SH,10009298,易方达上证科创板50ETF期权2512认沽0.842,588080OP.SH,708002000,0.8420,202512,20251224,20250424,20251224,20251224,20251225,0.0377,0,588080P2512A00850,科创板50沽12月842A,10097.0000,2025-12-24,1
{0BDCA9BA-A1F0-4F57-94F9-8AB6E13CE29F},10009299.SH,10009299,易方达上证科创板50ETF期权2512认沽0.891,588080OP.SH,708002000,0.8910,202512,20251224,20250424,20251224,20251224,20251225,0.0534,0,588080P2512A00900,科创板50沽12月891A,10097.0000,2025-12-24,1
{BC05F760-5557-45D2-B9A8-89471076CE20},10009300.SH,10009300,易方达上证科创板50ETF期权2512认沽0.941,588080OP.SH,708002000,0.9410,202512,20251224,20250424,20251224,20251224,20251225,0.0725,0,588080P2512A00950,科创板50沽12月941A,10097.0000,2025-12-24,1
{C443B1C0-0D9B-4B84-A049-162688C815A0},10009301.SH,10009301,易方达上证科创板50ETF期权2512认沽0.99,588080OP.SH,708002000,0.9900,202512,20251224,20250424,20251224,20251224,20251225,0.0979,0,588080P2512A01000,科创板50沽12月990A,10097.0000,2025-12-24,1
{D6E72049-C4C5-4962-B4DC-872D1BB87E22},10009302.SH,10009302,易方达上证科创板50ETF期权2512认沽1.04,588080OP.SH,708002000,1.0400,202512,20251224,20250424,20251224,20251224,20251225,0.1290,0,588080P2512A01050,科创板50沽12月1040A,10097.0000,2025-12-24,1
{DDB42018-D149-4BB3-897A-40C9FCAE5570},10009303.SH,10009303,易方达上证科创板50ETF期权2512认沽1.089,588080OP.SH,708002000,1.0890,202512,20251224,20250424,20251224,20251224,20251225,0.1675,0,588080P2512A01100,科创板50沽12月1089A,10097.0000,2025-12-24,1
{4FBD1383-D9C4-4B36-A7DA-B0F087A062EF},10009304.SH,10009304,易方达上证科创板50ETF期权2512认沽1.139,588080OP.SH,708002000,1.1390,202512,20251224,20250424,20251224,20251224,20251225,0.2070,0,588080P2512A01150,科创板50沽12月1139A,10097.0000,2025-12-24,1
{5FAA6C78-2D14-40E2-B898-0E13A58738B9},10009305.SH,10009305,易方达上证科创板50ETF期权2512认沽1.188,588080OP.SH,708002000,1.1880,202512,20251224,20250424,20251224,20251224,20251225,0.2505,0,588080P2512A01200,科创板50沽12月1188A,10097.0000,2025-12-24,1
{E4396DF2-3EAD-4819-B4A2-EBD328734809},10009306.SH,10009306,易方达上证科创板50ETF期权2512认沽1.238,588080OP.SH,708002000,1.2380,202512,20251224,20250424,20251224,20251224,20251225,0.2950,0,588080P2512A01250,科创板50沽12月1238A,10097.0000,2025-12-24,1
{D20FDC89-29C2-4030-B991-9D3028BB40DD},10009307.SH,10009307,南方中证500ETF期权2512认购4.80,510500OP.SH,708001000,4.8000,202512,20251224,20250425,20251224,20251224,20251225,0.8992,0,510500C2512M04800,500ETF购12月4800,10000.0000,2025-12-24,1
{64C4702D-3C0B-4E6F-8EDF-48AECF81284A},10009308.SH,10009308,南方中证500ETF期权2512认沽4.80,510500OP.SH,708002000,4.8000,202512,20251224,20250425,20251224,20251224,20251225,0.1300,0,510500P2512M04800,500ETF沽12月4800,10000.0000,2025-12-24,1
{5F958DC0-E426-41BE-85B5-FFDA3C14EDB1},10009309.SH,10009309,华夏上证科创板50ETF期权2512认购1.30,588000OP.SH,708001000,1.3000,202512,20251224,20250507,20251224,20251224,20251225,0.0244,0,588000C2512M01300,科创50购12月1300,10000.0000,2025-12-24,1
{3A693CAE-1694-4BD3-A6EC-EFA6624F53E6},10009310.SH,10009310,华夏上证科创板50ETF期权2512认沽1.30,588000OP.SH,708002000,1.3000,202512,20251224,20250507,20251224,20251224,20251225,0.2690,0,588000P2512M01300,科创50沽12月1300,10000.0000,2025-12-24,1
{8D24651C-1F12-4F83-A638-3F47FF31198D},10009311.SH,10009311,华夏上证50ETF期权2512认购2.874,510050OP.SH,708001000,2.8740,202512,20251224,20250508,20251224,20251224,20251225,0.0564,0,510050C2512A02950,50ETF购12月2874A,10265.0000,2025-12-24,1
{66D33303-46EF-4726-9E99-4EA7B81ECB37},10009312.SH,10009312,华夏上证50ETF期权2512认沽2.874,510050OP.SH,708002000,2.8740,202512,20251224,20250508,20251224,20251224,20251225,0.2647,0,510050P2512A02950,50ETF沽12月2874A,10265.0000,2025-12-24,1
{05F4C086-571B-4556-948C-FC76923AE7B9},10009313.SH,10009313,华泰柏瑞沪深300ETF期权2512认购4.303,510300OP.SH,708001000,4.3030,202512,20251224,20250509,20251224,20251224,20251225,0.0474,0,510300C2512A04400,300ETF购12月4303A,10226.0000,2025-12-24,1
{F3D6ADFC-78AE-4D21-8CE2-3C0D20403D86},10009314.SH,10009314,华泰柏瑞沪深300ETF期权2512认沽4.303,510300OP.SH,708002000,4.3030,202512,20251224,20250509,20251224,20251224,20251225,0.5042,0,510300P2512A04400,300ETF沽12月4303A,10226.0000,2025-12-24,1
{13351FB8-B7F4-4951-BC1F-7D1A9BA97462},10009317.SH,10009317,华夏上证50ETF期权2512认购2.923,510050OP.SH,708001000,2.9230,202512,20251224,20250515,20251224,20251224,20251225,0.0689,0,510050C2512A03000,50ETF购12月2923A,10265.0000,2025-12-24,1
{256F7619-ABD9-4CC5-9E8B-279251A5B9A5},10009318.SH,10009318,华夏上证50ETF期权2512认沽2.923,510050OP.SH,708002000,2.9230,202512,20251224,20250515,20251224,20251224,20251225,0.2367,0,510050P2512A03000,50ETF沽12月2923A,10265.0000,2025-12-24,1
{8D2AA8D5-7B2C-40BC-9D9C-DF2F5B85E845},10009319.SH,10009319,易方达上证科创板50ETF期权2512认购0.792,588080OP.SH,708001000,0.7920,202512,20251224,20250516,20251224,20251224,20251225,0.2374,0,588080C2512A00800,科创板50购12月792A,10097.0000,2025-12-24,1
{104F7699-2E68-43D5-B21F-112E57E0C734},10009320.SH,10009320,易方达上证科创板50ETF期权2512认沽0.792,588080OP.SH,708002000,0.7920,202512,20251224,20250516,20251224,20251224,20251225,0.0110,0,588080P2512A00800,科创板50沽12月792A,10097.0000,2025-12-24,1
{90A11F6B-7834-49B3-A31F-21E6E11E6B99},10009321.SH,10009321,华夏上证科创板50ETF期权2512认购0.80,588000OP.SH,708001000,0.8000,202512,20251224,20250529,20251224,20251224,20251225,0.2365,0,588000C2512M00800,科创50购12月800,10000.0000,2025-12-24,1
{8E556163-6B8D-479B-86B4-1B6E45F9B52E},10009322.SH,10009322,华夏上证科创板50ETF期权2512认沽0.80,588000OP.SH,708002000,0.8000,202512,20251224,20250529,20251224,20251224,20251225,0.0117,0,588000P2512M00800,科创50沽12月800,10000.0000,2025-12-24,1
{4238DDF5-8729-492A-91F5-3590FABE6F17},10009323.SH,10009323,华夏上证50ETF期权2507认购2.55,510050OP.SH,708001000,2.5500,202507,20250723,20250529,20250723,20250723,20250724,0.2086,0,510050C2507M02550,50ETF购7月2550,10000.0000,2025-07-23,1
{14E67E56-10E2-4780-8A9B-F949B7B5DE5B},10009324.SH,10009324,华夏上证50ETF期权2507认购2.60,510050OP.SH,708001000,2.6000,202507,20250723,20250529,20250723,20250723,20250724,0.1681,0,510050C2507M02600,50ETF购7月2600,10000.0000,2025-07-23,1
{A83983BA-D3E0-4F23-A88A-088DE9C9017D},10009325.SH,10009325,华夏上证50ETF期权2507认购2.65,510050OP.SH,708001000,2.6500,202507,20250723,20250529,20250723,20250723,20250724,0.1249,0,510050C2507M02650,50ETF购7月2650,10000.0000,2025-07-23,1
{8355072E-EDE3-4D3F-B6D6-89434D77D2E1},10009326.SH,10009326,华夏上证50ETF期权2507认购2.70,510050OP.SH,708001000,2.7000,202507,20250723,20250529,20250723,20250723,20250724,0.0888,0,510050C2507M02700,50ETF购7月2700,10000.0000,2025-07-23,1
{3D0AC476-C49F-4B0B-9CB2-673F6BB17DDE},10009327.SH,10009327,华夏上证50ETF期权2507认购2.75,510050OP.SH,708001000,2.7500,202507,20250723,20250529,20250723,20250723,20250724,0.0603,0,510050C2507M02750,50ETF购7月2750,10000.0000,2025-07-23,1
{8F01B236-8475-4B6B-9CCB-56064EF1E178},10009328.SH,10009328,华夏上证50ETF期权2507认购2.80,510050OP.SH,708001000,2.8000,202507,20250723,20250529,20250723,20250723,20250724,0.0384,0,510050C2507M02800,50ETF购7月2800,10000.0000,2025-07-23,1
{52D5ED09-C503-4D24-8503-89D5141FE507},10009329.SH,10009329,华夏上证50ETF期权2507认购2.85,510050OP.SH,708001000,2.8500,202507,20250723,20250529,20250723,20250723,20250724,0.0249,0,510050C2507M02850,50ETF购7月2850,10000.0000,2025-07-23,1
{EA90CA68-DA6F-43DD-B4E3-4A4523332907},10009330.SH,10009330,华夏上证50ETF期权2507认购2.90,510050OP.SH,708001000,2.9000,202507,20250723,20250529,20250723,20250723,20250724,0.0168,0,510050C2507M02900,50ETF购7月2900,10000.0000,2025-07-23,1
{858851A2-6681-4347-B9CC-818DC06EA845},10009331.SH,10009331,华夏上证50ETF期权2507认购2.95,510050OP.SH,708001000,2.9500,202507,20250723,20250529,20250723,20250723,20250724,0.0128,0,510050C2507M02950,50ETF购7月2950,10000.0000,2025-07-23,1
{3B5B41E3-AF71-40A6-B490-F1C8B43C302A},10009332.SH,10009332,华夏上证50ETF期权2507认沽2.55,510050OP.SH,708002000,2.5500,202507,20250723,20250529,20250723,20250723,20250724,0.0132,0,510050P2507M02550,50ETF沽7月2550,10000.0000,2025-07-23,1
{BFF32ED5-12DD-4951-9359-D07FDA98FB2F},10009333.SH,10009333,华夏上证50ETF期权2507认沽2.60,510050OP.SH,708002000,2.6000,202507,20250723,20250529,20250723,20250723,20250724,0.0178,0,510050P2507M02600,50ETF沽7月2600,10000.0000,2025-07-23,1
{3F8AE231-081A-4318-B64A-B095ACAAEB39},10009334.SH,10009334,华夏上证50ETF期权2507认沽2.65,510050OP.SH,708002000,2.6500,202507,20250723,20250529,20250723,20250723,20250724,0.0251,0,510050P2507M02650,50ETF沽7月2650,10000.0000,2025-07-23,1
{915A7775-DAE4-4E8F-90D4-857A7EC91E85},10009335.SH,10009335,华夏上证50ETF期权2507认沽2.70,510050OP.SH,708002000,2.7000,202507,20250723,20250529,20250723,20250723,20250724,0.0382,0,510050P2507M02700,50ETF沽7月2700,10000.0000,2025-07-23,1
{2F0E23CA-462F-4568-AE4B-06C243EAC26B},10009336.SH,10009336,华夏上证50ETF期权2507认沽2.75,510050OP.SH,708002000,2.7500,202507,20250723,20250529,20250723,20250723,20250724,0.0589,0,510050P2507M02750,50ETF沽7月2750,10000.0000,2025-07-23,1
{6D4A4178-FB29-4DC5-97D2-57FEEA9FC8A2},10009337.SH,10009337,华夏上证50ETF期权2507认沽2.80,510050OP.SH,708002000,2.8000,202507,20250723,20250529,20250723,20250723,20250724,0.0872,0,510050P2507M02800,50ETF沽7月2800,10000.0000,2025-07-23,1
{E4B86621-6B92-4E77-8FBB-BF25291DD458},10009338.SH,10009338,华夏上证50ETF期权2507认沽2.85,510050OP.SH,708002000,2.8500,202507,20250723,20250529,20250723,20250723,20250724,0.1241,0,510050P2507M02850,50ETF沽7月2850,10000.0000,2025-07-23,1
{B24EE5F4-08FB-4B63-9AFF-54EB7B5917AC},10009339.SH,10009339,华夏上证50ETF期权2507认沽2.90,510050OP.SH,708002000,2.9000,202507,20250723,20250529,20250723,20250723,20250724,0.1671,0,510050P2507M02900,50ETF沽7月2900,10000.0000,2025-07-23,1
{F1A4D230-4816-4C74-AC21-6C2A55EE88D9},10009340.SH,10009340,华夏上证50ETF期权2507认沽2.95,510050OP.SH,708002000,2.9500,202507,20250723,20250529,20250723,20250723,20250724,0.2140,0,510050P2507M02950,50ETF沽7月2950,10000.0000,2025-07-23,1
{2B5FC4DA-72B4-4C06-A676-DB23BC7BC17E},10009341.SH,10009341,华泰柏瑞沪深300ETF期权2507认购3.423,510300OP.SH,708001000,3.4230,202507,20250723,20250529,20250723,20250723,20250724,0.4420,0,510300C2507A03500,300ETF购7月3423A,10226.0000,2025-07-23,1
{E46DB23E-A40D-4003-88ED-76ABD4F8388F},10009342.SH,10009342,华泰柏瑞沪深300ETF期权2507认购3.52,510300OP.SH,708001000,3.5200,202507,20250723,20250529,20250723,20250723,20250724,0.3541,0,510300C2507A03600,300ETF购7月3520A,10226.0000,2025-07-23,1
{F005128F-E165-4325-BE49-247AABCF2C90},10009343.SH,10009343,华泰柏瑞沪深300ETF期权2507认购3.618,510300OP.SH,708001000,3.6180,202507,20250723,20250529,20250723,20250723,20250724,0.2588,0,510300C2507A03700,300ETF购7月3618A,10226.0000,2025-07-23,1
{05DA7AF2-F9D8-420A-9A60-E3DFA4A74610},10009344.SH,10009344,华泰柏瑞沪深300ETF期权2507认购3.716,510300OP.SH,708001000,3.7160,202507,20250723,20250529,20250723,20250723,20250724,0.1677,0,510300C2507A03800,300ETF购7月3716A,10226.0000,2025-07-23,1
{82EDC191-9024-4DB0-9D10-2AECCE58ACEB},10009345.SH,10009345,华泰柏瑞沪深300ETF期权2507认购3.814,510300OP.SH,708001000,3.8140,202507,20250723,20250529,20250723,20250723,20250724,0.1030,0,510300C2507A03900,300ETF购7月3814A,10226.0000,2025-07-23,1
{9EC7E1F5-6A4A-4480-995A-B46367589976},10009346.SH,10009346,华泰柏瑞沪深300ETF期权2507认购3.912,510300OP.SH,708001000,3.9120,202507,20250723,20250529,20250723,20250723,20250724,0.0582,0,510300C2507A04000,300ETF购7月3912A,10226.0000,2025-07-23,1
{F4C604C9-4DE6-4646-90F6-074C7C813D3B},10009347.SH,10009347,华泰柏瑞沪深300ETF期权2507认购4.009,510300OP.SH,708001000,4.0090,202507,20250723,20250529,20250723,20250723,20250724,0.0320,0,510300C2507A04100,300ETF购7月4009A,10226.0000,2025-07-23,1
{8D576398-9724-4040-BF13-068CE4640484},10009348.SH,10009348,华泰柏瑞沪深300ETF期权2507认购4.107,510300OP.SH,708001000,4.1070,202507,20250723,20250529,20250723,20250723,20250724,0.0206,0,510300C2507A04200,300ETF购7月4107A,10226.0000,2025-07-23,1
{4896599E-2F30-427A-BB28-AAD0ED0B5598},10009349.SH,10009349,华泰柏瑞沪深300ETF期权2507认购4.205,510300OP.SH,708001000,4.2050,202507,20250723,20250529,20250723,20250723,20250724,0.0136,0,510300C2507A04300,300ETF购7月4205A,10226.0000,2025-07-23,1
{46D531E0-D2CA-4408-A612-385EE9FB4853},10009350.SH,10009350,华泰柏瑞沪深300ETF期权2507认沽3.423,510300OP.SH,708002000,3.4230,202507,20250723,20250529,20250723,20250723,20250724,0.0131,0,510300P2507A03500,300ETF沽7月3423A,10226.0000,2025-07-23,1
{2688A93C-2DBB-488C-94EF-6ED20DA6767E},10009351.SH,10009351,华泰柏瑞沪深300ETF期权2507认沽3.52,510300OP.SH,708002000,3.5200,202507,20250723,20250529,20250723,20250723,20250724,0.0173,0,510300P2507A03600,300ETF沽7月3520A,10226.0000,2025-07-23,1
{11BFCBA6-498F-40A2-95B6-B9F734E87B27},10009352.SH,10009352,华泰柏瑞沪深300ETF期权2507认沽3.618,510300OP.SH,708002000,3.6180,202507,20250723,20250529,20250723,20250723,20250724,0.0257,0,510300P2507A03700,300ETF沽7月3618A,10226.0000,2025-07-23,1
{D3CB8500-36DE-493F-B9E8-7436FD641BA2},10009353.SH,10009353,华泰柏瑞沪深300ETF期权2507认沽3.716,510300OP.SH,708002000,3.7160,202507,20250723,20250529,20250723,20250723,20250724,0.0417,0,510300P2507A03800,300ETF沽7月3716A,10226.0000,2025-07-23,1
{95F4D662-1F61-499F-8027-47544007A01A},10009354.SH,10009354,华泰柏瑞沪深300ETF期权2507认沽3.814,510300OP.SH,708002000,3.8140,202507,20250723,20250529,20250723,20250723,20250724,0.0746,0,510300P2507A03900,300ETF沽7月3814A,10226.0000,2025-07-23,1
{9A68AF44-356E-4423-B35A-7A3F4C2265D4},10009355.SH,10009355,华泰柏瑞沪深300ETF期权2507认沽3.912,510300OP.SH,708002000,3.9120,202507,20250723,20250529,20250723,20250723,20250724,0.1297,0,510300P2507A04000,300ETF沽7月3912A,10226.0000,2025-07-23,1
{CAACC57C-E2A4-415B-8D35-9096139FAD27},10009356.SH,10009356,华泰柏瑞沪深300ETF期权2507认沽4.009,510300OP.SH,708002000,4.0090,202507,20250723,20250529,20250723,20250723,20250724,0.2047,0,510300P2507A04100,300ETF沽7月4009A,10226.0000,2025-07-23,1
{E444493B-9380-45BA-9E94-6BD674325B9B},10009357.SH,10009357,华泰柏瑞沪深300ETF期权2507认沽4.107,510300OP.SH,708002000,4.1070,202507,20250723,20250529,20250723,20250723,20250724,0.2937,0,510300P2507A04200,300ETF沽7月4107A,10226.0000,2025-07-23,1
{84D7562F-F493-4C2E-A0CA-10F5EFF55005},10009358.SH,10009358,华泰柏瑞沪深300ETF期权2507认沽4.205,510300OP.SH,708002000,4.2050,202507,20250723,20250529,20250723,20250723,20250724,0.3880,0,510300P2507A04300,300ETF沽7月4205A,10226.0000,2025-07-23,1
{51234F51-3F03-491C-9F05-793F4B8B717A},10009359.SH,10009359,南方中证500ETF期权2507认购4.90,510500OP.SH,708001000,4.9000,202507,20250723,20250529,20250723,20250723,20250724,0.7470,0,510500C2507M04900,500ETF购7月4900,10000.0000,2025-07-23,1
{3AD6AED4-7246-4724-B1D2-EC28A7903257},10009360.SH,10009360,南方中证500ETF期权2507认购5.00,510500OP.SH,708001000,5.0000,202507,20250723,20250529,20250723,20250723,20250724,0.6470,0,510500C2507M05000,500ETF购7月5000,10000.0000,2025-07-23,1
{4226B9CD-AB06-41B9-BA7F-742A86979792},10009361.SH,10009361,南方中证500ETF期权2507认购5.25,510500OP.SH,708001000,5.2500,202507,20250723,20250529,20250723,20250723,20250724,0.3970,0,510500C2507M05250,500ETF购7月5250,10000.0000,2025-07-23,1
{FB090116-D5BF-40FD-8886-1829320AFDA4},10009362.SH,10009362,南方中证500ETF期权2507认购5.50,510500OP.SH,708001000,5.5000,202507,20250723,20250529,20250723,20250723,20250724,0.1918,0,510500C2507M05500,500ETF购7月5500,10000.0000,2025-07-23,1
{69D58979-9322-443C-96E4-D5106A817AD0},10009363.SH,10009363,南方中证500ETF期权2507认购5.75,510500OP.SH,708001000,5.7500,202507,20250723,20250529,20250723,20250723,20250724,0.0844,0,510500C2507M05750,500ETF购7月5750,10000.0000,2025-07-23,1
{29E7C40F-8181-4B9F-A143-33AE59FE8DE3},10009364.SH,10009364,南方中证500ETF期权2507认购6.00,510500OP.SH,708001000,6.0000,202507,20250723,20250529,20250723,20250723,20250724,0.0361,0,510500C2507M06000,500ETF购7月6000,10000.0000,2025-07-23,1
{3317FBDE-9DE9-4D8B-9A4F-5C1EE63B3E36},10009366.SH,10009366,南方中证500ETF期权2507认购6.50,510500OP.SH,708001000,6.5000,202507,20250723,20250529,20250723,20250723,20250724,0.0130,0,510500C2507M06500,500ETF购7月6500,10000.0000,2025-07-23,1
{BC80B4B8-5102-4904-9206-EB8FAED82781},10009367.SH,10009367,南方中证500ETF期权2507认购6.75,510500OP.SH,708001000,6.7500,202507,20250723,20250529,20250723,20250723,20250724,0.0099,0,510500C2507M06750,500ETF购7月6750,10000.0000,2025-07-23,1
{EED7D28A-5A01-43D4-BE42-F72F577DB4AC},10009368.SH,10009368,南方中证500ETF期权2507认沽4.90,510500OP.SH,708002000,4.9000,202507,20250723,20250529,20250723,20250723,20250724,0.0303,0,510500P2507M04900,500ETF沽7月4900,10000.0000,2025-07-23,1
{1E56E53A-9B2E-476F-8373-BBEC1B7270B4},10009369.SH,10009369,南方中证500ETF期权2507认沽5.00,510500OP.SH,708002000,5.0000,202507,20250723,20250529,20250723,20250723,20250724,0.0376,0,510500P2507M05000,500ETF沽7月5000,10000.0000,2025-07-23,1
{9C0ACD5B-E12C-4F07-91F3-F69671351739},10009370.SH,10009370,南方中证500ETF期权2507认沽5.25,510500OP.SH,708002000,5.2500,202507,20250723,20250529,20250723,20250723,20250724,0.0661,0,510500P2507M05250,500ETF沽7月5250,10000.0000,2025-07-23,1
{01EE9339-1FBB-4040-9D66-CD9AB1627EB0},10009371.SH,10009371,南方中证500ETF期权2507认沽5.50,510500OP.SH,708002000,5.5000,202507,20250723,20250529,20250723,20250723,20250724,0.1341,0,510500P2507M05500,500ETF沽7月5500,10000.0000,2025-07-23,1
{CDA10430-0AD4-455A-ADEB-521DDA412268},10009372.SH,10009372,南方中证500ETF期权2507认沽5.75,510500OP.SH,708002000,5.7500,202507,20250723,20250529,20250723,20250723,20250724,0.2709,0,510500P2507M05750,500ETF沽7月5750,10000.0000,2025-07-23,1
{E6DE7D09-3E41-44FC-ADCA-C7BB2F1283BC},10009373.SH,10009373,南方中证500ETF期权2507认沽6.00,510500OP.SH,708002000,6.0000,202507,20250723,20250529,20250723,20250723,20250724,0.4759,0,510500P2507M06000,500ETF沽7月6000,10000.0000,2025-07-23,1
{FC5C4AF4-D22F-4E05-A357-D3AB6E7E29C8},10009374.SH,10009374,南方中证500ETF期权2507认沽6.25,510500OP.SH,708002000,6.2500,202507,20250723,20250529,20250723,20250723,20250724,0.7126,0,510500P2507M06250,500ETF沽7月6250,10000.0000,2025-07-23,1
{7945784F-EDBB-4014-B3EC-D4EFF14C0124},10009375.SH,10009375,南方中证500ETF期权2507认沽6.50,510500OP.SH,708002000,6.5000,202507,20250723,20250529,20250723,20250723,20250724,0.9642,0,510500P2507M06500,500ETF沽7月6500,10000.0000,2025-07-23,1
{622DD4A6-ABD8-474A-A1A5-8158498959C9},10009376.SH,10009376,南方中证500ETF期权2507认沽6.75,510500OP.SH,708002000,6.7500,202507,20250723,20250529,20250723,20250723,20250724,1.2146,0,510500P2507M06750,500ETF沽7月6750,10000.0000,2025-07-23,1
{6C4B3DB3-8D52-493C-AB05-6F88A175C65B},10009377.SH,10009377,华夏上证科创板50ETF期权2507认购0.80,588000OP.SH,708001000,0.8000,202507,20250723,20250529,20250723,20250723,20250724,0.2230,0,588000C2507M00800,科创50购7月800,10000.0000,2025-07-23,1
{62679B88-0FF9-4E81-B78E-6D83623B75E2},10009378.SH,10009378,华夏上证科创板50ETF期权2507认购0.85,588000OP.SH,708001000,0.8500,202507,20250723,20250529,20250723,20250723,20250724,0.1730,0,588000C2507M00850,科创50购7月850,10000.0000,2025-07-23,1
{0806992D-4962-450A-8D25-B921F96F3440},10009379.SH,10009379,华夏上证科创板50ETF期权2507认购0.90,588000OP.SH,708001000,0.9000,202507,20250723,20250529,20250723,20250723,20250724,0.1230,0,588000C2507M00900,科创50购7月900,10000.0000,2025-07-23,1
{38DE4BA3-2A60-481A-89DF-58C47DBF1D5C},10009380.SH,10009380,华夏上证科创板50ETF期权2507认购0.95,588000OP.SH,708001000,0.9500,202507,20250723,20250529,20250723,20250723,20250724,0.0773,0,588000C2507M00950,科创50购7月950,10000.0000,2025-07-23,1
{0F060F28-5082-4C3F-AACC-69AD5E6F0EBD},10009381.SH,10009381,华夏上证科创板50ETF期权2507认购1.00,588000OP.SH,708001000,1.0000,202507,20250723,20250529,20250723,20250723,20250724,0.0434,0,588000C2507M01000,科创50购7月1000,10000.0000,2025-07-23,1
{CB829F6C-D38A-4622-AF4E-2C615394CE8B},10009382.SH,10009382,华夏上证科创板50ETF期权2507认购1.05,588000OP.SH,708001000,1.0500,202507,20250723,20250529,20250723,20250723,20250724,0.0226,0,588000C2507M01050,科创50购7月1050,10000.0000,2025-07-23,1
{7CFFEF2B-895B-422C-8BD1-622D82EB5094},10009383.SH,10009383,华夏上证科创板50ETF期权2507认购1.10,588000OP.SH,708001000,1.1000,202507,20250723,20250529,20250723,20250723,20250724,0.0129,0,588000C2507M01100,科创50购7月1100,10000.0000,2025-07-23,1
{E46533F5-ECE0-4E80-8E6B-0422EF09CE7B},10009384.SH,10009384,华夏上证科创板50ETF期权2507认购1.15,588000OP.SH,708001000,1.1500,202507,20250723,20250529,20250723,20250723,20250724,0.0085,0,588000C2507M01150,科创50购7月1150,10000.0000,2025-07-23,1
{E10D2ADC-4F7E-4844-A507-3D98283D3294},10009386.SH,10009386,华夏上证科创板50ETF期权2507认沽0.80,588000OP.SH,708002000,0.8000,202507,20250723,20250529,20250723,20250723,20250724,0.0036,0,588000P2507M00800,科创50沽7月800,10000.0000,2025-07-23,1
{9D8B8777-F0A7-4139-8B83-0B2FC494AA3E},10009387.SH,10009387,华夏上证科创板50ETF期权2507认沽0.85,588000OP.SH,708002000,0.8500,202507,20250723,20250529,20250723,20250723,20250724,0.0060,0,588000P2507M00850,科创50沽7月850,10000.0000,2025-07-23,1
{20C472E0-12D2-419C-9AAD-40DAB2E904A7},10009388.SH,10009388,华夏上证科创板50ETF期权2507认沽0.90,588000OP.SH,708002000,0.9000,202507,20250723,20250529,20250723,20250723,20250724,0.0089,0,588000P2507M00900,科创50沽7月900,10000.0000,2025-07-23,1
{1F7A3DBB-AEBD-473E-B4A9-C065F53BC4C2},10009389.SH,10009389,华夏上证科创板50ETF期权2507认沽0.95,588000OP.SH,708002000,0.9500,202507,20250723,20250529,20250723,20250723,20250724,0.0146,0,588000P2507M00950,科创50沽7月950,10000.0000,2025-07-23,1
{3B10B1DD-5B3D-4832-8C53-729D2C8D10C1},10009390.SH,10009390,华夏上证科创板50ETF期权2507认沽1.00,588000OP.SH,708002000,1.0000,202507,20250723,20250529,20250723,20250723,20250724,0.0289,0,588000P2507M01000,科创50沽7月1000,10000.0000,2025-07-23,1
{CB2B4087-D1D3-48C0-AB65-82F52599C06D},10009392.SH,10009392,华夏上证科创板50ETF期权2507认沽1.10,588000OP.SH,708002000,1.1000,202507,20250723,20250529,20250723,20250723,20250724,0.0992,0,588000P2507M01100,科创50沽7月1100,10000.0000,2025-07-23,1
{ABDD9760-E4C1-400C-9E6F-763EF4614625},10009393.SH,10009393,华夏上证科创板50ETF期权2507认沽1.15,588000OP.SH,708002000,1.1500,202507,20250723,20250529,20250723,20250723,20250724,0.1464,0,588000P2507M01150,科创50沽7月1150,10000.0000,2025-07-23,1
{91FC3DC0-52A8-4FE8-9988-F638F91AB139},10009395.SH,10009395,易方达上证科创板50ETF期权2507认购0.80,588080OP.SH,708001000,0.8000,202507,20250723,20250529,20250723,20250723,20250724,0.1980,0,588080C2507M00800,科创板50购7月800,10000.0000,2025-07-23,1
{0ECDA2E4-62AD-4EA0-8C31-C7C549EBF187},10009396.SH,10009396,易方达上证科创板50ETF期权2507认购0.85,588080OP.SH,708001000,0.8500,202507,20250723,20250529,20250723,20250723,20250724,0.1480,0,588080C2507M00850,科创板50购7月850,10000.0000,2025-07-23,1
{FF024835-7BCA-4024-94FB-5BF5EC97D7DE},10009397.SH,10009397,易方达上证科创板50ETF期权2507认购0.90,588080OP.SH,708001000,0.9000,202507,20250723,20250529,20250723,20250723,20250724,0.1021,0,588080C2507M00900,科创板50购7月900,10000.0000,2025-07-23,1
{A63BBB91-7FC1-499B-B141-B7A6A20C719C},10009398.SH,10009398,易方达上证科创板50ETF期权2507认购0.95,588080OP.SH,708001000,0.9500,202507,20250723,20250529,20250723,20250723,20250724,0.0584,0,588080C2507M00950,科创板50购7月950,10000.0000,2025-07-23,1
{24797BDB-DCAE-4A27-85C9-14F7ABE865C6},10009399.SH,10009399,易方达上证科创板50ETF期权2507认购1.00,588080OP.SH,708001000,1.0000,202507,20250723,20250529,20250723,20250723,20250724,0.0296,0,588080C2507M01000,科创板50购7月1000,10000.0000,2025-07-23,1
{48F1066E-B189-402C-ADC8-D38FD4819B1C},10009400.SH,10009400,易方达上证科创板50ETF期权2507认购1.05,588080OP.SH,708001000,1.0500,202507,20250723,20250529,20250723,20250723,20250724,0.0155,0,588080C2507M01050,科创板50购7月1050,10000.0000,2025-07-23,1
{8B0F8B48-B12F-4689-BDA2-2A8A68A05B69},10009401.SH,10009401,易方达上证科创板50ETF期权2507认购1.10,588080OP.SH,708001000,1.1000,202507,20250723,20250529,20250723,20250723,20250724,0.0096,0,588080C2507M01100,科创板50购7月1100,10000.0000,2025-07-23,1
{3161E682-4EF0-4D29-AA22-EFBB363C7A0F},10009402.SH,10009402,易方达上证科创板50ETF期权2507认购1.15,588080OP.SH,708001000,1.1500,202507,20250723,20250529,20250723,20250723,20250724,0.0069,0,588080C2507M01150,科创板50购7月1150,10000.0000,2025-07-23,1
{85010D69-4C1F-4F7B-A7CE-B0818FA1B212},10009403.SH,10009403,易方达上证科创板50ETF期权2507认购1.20,588080OP.SH,708001000,1.2000,202507,20250723,20250529,20250723,20250723,20250724,0.0057,0,588080C2507M01200,科创板50购7月1200,10000.0000,2025-07-23,1
{32B2ECFE-C600-4559-BE5C-B11E6E505A06},10009404.SH,10009404,易方达上证科创板50ETF期权2507认沽0.80,588080OP.SH,708002000,0.8000,202507,20250723,20250529,20250723,20250723,20250724,0.0045,0,588080P2507M00800,科创板50沽7月800,10000.0000,2025-07-23,1
{4725C83A-1269-4481-A2BA-3270BF82561A},10009405.SH,10009405,易方达上证科创板50ETF期权2507认沽0.85,588080OP.SH,708002000,0.8500,202507,20250723,20250529,20250723,20250723,20250724,0.0063,0,588080P2507M00850,科创板50沽7月850,10000.0000,2025-07-23,1
{527E3D58-89A5-405B-9C2F-B50D70E3C8E5},10009406.SH,10009406,易方达上证科创板50ETF期权2507认沽0.90,588080OP.SH,708002000,0.9000,202507,20250723,20250529,20250723,20250723,20250724,0.0109,0,588080P2507M00900,科创板50沽7月900,10000.0000,2025-07-23,1
{504F5D4F-D598-4E6D-89E1-24128DC25E66},10009407.SH,10009407,易方达上证科创板50ETF期权2507认沽0.95,588080OP.SH,708002000,0.9500,202507,20250723,20250529,20250723,20250723,20250724,0.0201,0,588080P2507M00950,科创板50沽7月950,10000.0000,2025-07-23,1
{D6ECA8FF-25D1-457A-8215-1890AF3571B5},10009408.SH,10009408,易方达上证科创板50ETF期权2507认沽1.00,588080OP.SH,708002000,1.0000,202507,20250723,20250529,20250723,20250723,20250724,0.0414,0,588080P2507M01000,科创板50沽7月1000,10000.0000,2025-07-23,1
{4D2F7687-0268-47CC-85D8-BC6B4D831B77},10009409.SH,10009409,易方达上证科创板50ETF期权2507认沽1.05,588080OP.SH,708002000,1.0500,202507,20250723,20250529,20250723,20250723,20250724,0.0774,0,588080P2507M01050,科创板50沽7月1050,10000.0000,2025-07-23,1
{C5197F8F-AD75-4419-B6F8-2FA4B05679C0},10009410.SH,10009410,易方达上证科创板50ETF期权2507认沽1.10,588080OP.SH,708002000,1.1000,202507,20250723,20250529,20250723,20250723,20250724,0.1228,0,588080P2507M01100,科创板50沽7月1100,10000.0000,2025-07-23,1
{52EDCD67-B87F-4539-9A8C-32C0BA3E00FD},10009411.SH,10009411,易方达上证科创板50ETF期权2507认沽1.15,588080OP.SH,708002000,1.1500,202507,20250723,20250529,20250723,20250723,20250724,0.1705,0,588080P2507M01150,科创板50沽7月1150,10000.0000,2025-07-23,1
{32813E5D-7E20-4A86-A9D5-83AC879F496B},10009412.SH,10009412,易方达上证科创板50ETF期权2507认沽1.20,588080OP.SH,708002000,1.2000,202507,20250723,20250529,20250723,20250723,20250724,0.2192,0,588080P2507M01200,科创板50沽7月1200,10000.0000,2025-07-23,1
{575E4454-3273-441D-A475-4EC278C99CA7},10009413.SH,10009413,华泰柏瑞沪深300ETF期权2507认购4.303,510300OP.SH,708001000,4.3030,202507,20250723,20250530,20250723,20250723,20250724,0.0037,0,510300C2507A04400,300ETF购7月4303A,10226.0000,2025-07-23,1
{80D418F3-83E6-44AA-ACD2-67D666AAF771},10009414.SH,10009414,华泰柏瑞沪深300ETF期权2507认沽4.303,510300OP.SH,708002000,4.3030,202507,20250723,20250530,20250723,20250723,20250724,0.4389,0,510300P2507A04400,300ETF沽7月4303A,10226.0000,2025-07-23,1
{208E6D4C-7E56-4371-A1F5-3158BBDD4F29},10009415.SH,10009415,华夏上证科创板50ETF期权2507认购1.25,588000OP.SH,708001000,1.2500,202507,20250723,20250530,20250723,20250723,20250724,0.0019,0,588000C2507M01250,科创50购7月1250,10000.0000,2025-07-23,1
{01E39774-AAC0-48AF-957B-2999C277ADC1},10009416.SH,10009416,华夏上证科创板50ETF期权2507认沽1.25,588000OP.SH,708002000,1.2500,202507,20250723,20250530,20250723,20250723,20250724,0.2178,0,588000P2507M01250,科创50沽7月1250,10000.0000,2025-07-23,1
{AAF52A3D-152F-4E9F-9A2B-E703D985D4E2},10009417.SH,10009417,易方达上证科创板50ETF期权2507认购1.25,588080OP.SH,708001000,1.2500,202507,20250723,20250606,20250723,20250723,20250724,0.0011,0,588080C2507M01250,科创板50购7月1250,10000.0000,2025-07-23,1
{41F3ED22-3B66-4252-B15C-814A140E706C},10009418.SH,10009418,易方达上证科创板50ETF期权2507认沽1.25,588080OP.SH,708002000,1.2500,202507,20250723,20250606,20250723,20250723,20250724,0.2326,0,588080P2507M01250,科创板50沽7月1250,10000.0000,2025-07-23,1
{8AAA1358-455A-4DCA-A0DA-7A5C0671C713},10009437.SH,10009437,华泰柏瑞沪深300ETF期权2507认购3.50,510300OP.SH,708001000,3.5000,202507,20250723,20250618,20250723,20250723,20250724,0.4112,0,510300C2507M03500,300ETF购7月3500,10000.0000,2025-07-23,1
{7BC1A548-A089-41A8-BD65-4C696F11D6A3},10009438.SH,10009438,华泰柏瑞沪深300ETF期权2507认购3.60,510300OP.SH,708001000,3.6000,202507,20250723,20250618,20250723,20250723,20250724,0.3115,0,510300C2507M03600,300ETF购7月3600,10000.0000,2025-07-23,1
{1362EDAD-ECDC-428C-9955-D2D7F3EFB92E},10009439.SH,10009439,华泰柏瑞沪深300ETF期权2507认购3.70,510300OP.SH,708001000,3.7000,202507,20250723,20250618,20250723,20250723,20250724,0.2118,0,510300C2507M03700,300ETF购7月3700,10000.0000,2025-07-23,1
{6B2711AA-2DF4-49F2-8D07-E47C7543BDDC},10009440.SH,10009440,华泰柏瑞沪深300ETF期权2507认购3.80,510300OP.SH,708001000,3.8000,202507,20250723,20250618,20250723,20250723,20250724,0.1159,0,510300C2507M03800,300ETF购7月3800,10000.0000,2025-07-23,1
{C69CC4FC-2601-4CA5-9FB7-88E5FC1AB374},10009441.SH,10009441,华泰柏瑞沪深300ETF期权2507认购3.90,510300OP.SH,708001000,3.9000,202507,20250723,20250618,20250723,20250723,20250724,0.0619,0,510300C2507M03900,300ETF购7月3900,10000.0000,2025-07-23,1
{DF80D583-B3AF-4D00-8F87-C5F3FDE904BF},10009442.SH,10009442,华泰柏瑞沪深300ETF期权2507认购4.00,510300OP.SH,708001000,4.0000,202507,20250723,20250618,20250723,20250723,20250724,0.0263,0,510300C2507M04000,300ETF购7月4000,10000.0000,2025-07-23,1
{D1807EE3-678A-4883-9D91-9F98990F2111},10009443.SH,10009443,华泰柏瑞沪深300ETF期权2507认购4.10,510300OP.SH,708001000,4.1000,202507,20250723,20250618,20250723,20250723,20250724,0.0114,0,510300C2507M04100,300ETF购7月4100,10000.0000,2025-07-23,1
{46539061-5626-40A2-A776-1EC5FA56806A},10009444.SH,10009444,华泰柏瑞沪深300ETF期权2507认购4.20,510300OP.SH,708001000,4.2000,202507,20250723,20250618,20250723,20250723,20250724,0.0066,0,510300C2507M04200,300ETF购7月4200,10000.0000,2025-07-23,1
{2E836270-FA09-4EE7-A37F-96CD2DDF8157},10009445.SH,10009445,华泰柏瑞沪深300ETF期权2507认购4.30,510300OP.SH,708001000,4.3000,202507,20250723,20250618,20250723,20250723,20250724,0.0046,0,510300C2507M04300,300ETF购7月4300,10000.0000,2025-07-23,1
{7938C525-304F-457D-87EC-52D69FAB223B},10009446.SH,10009446,华泰柏瑞沪深300ETF期权2507认沽3.50,510300OP.SH,708002000,3.5000,202507,20250723,20250618,20250723,20250723,20250724,0.0038,0,510300P2507M03500,300ETF沽7月3500,10000.0000,2025-07-23,1
{8EEB6608-C805-4C67-A177-FFD567D76E5C},10009447.SH,10009447,华泰柏瑞沪深300ETF期权2507认沽3.60,510300OP.SH,708002000,3.6000,202507,20250723,20250618,20250723,20250723,20250724,0.0068,0,510300P2507M03600,300ETF沽7月3600,10000.0000,2025-07-23,1
{2E2AF7B6-3F82-49BC-AE82-B93B91ACBEC4},10009448.SH,10009448,华泰柏瑞沪深300ETF期权2507认沽3.70,510300OP.SH,708002000,3.7000,202507,20250723,20250618,20250723,20250723,20250724,0.0140,0,510300P2507M03700,300ETF沽7月3700,10000.0000,2025-07-23,1
{8395D15A-19E5-4925-A13A-87DA044D1FBC},10009449.SH,10009449,华泰柏瑞沪深300ETF期权2507认沽3.80,510300OP.SH,708002000,3.8000,202507,20250723,20250618,20250723,20250723,20250724,0.0304,0,510300P2507M03800,300ETF沽7月3800,10000.0000,2025-07-23,1
{CCF79759-858F-46C1-8FA7-F5A0B315DE75},10009450.SH,10009450,华泰柏瑞沪深300ETF期权2507认沽3.90,510300OP.SH,708002000,3.9000,202507,20250723,20250618,20250723,20250723,20250724,0.0660,0,510300P2507M03900,300ETF沽7月3900,10000.0000,2025-07-23,1
{9197FDAE-9365-422F-8BE3-2802FCD689CF},10009451.SH,10009451,华泰柏瑞沪深300ETF期权2507认沽4.00,510300OP.SH,708002000,4.0000,202507,20250723,20250618,20250723,20250723,20250724,0.1284,0,510300P2507M04000,300ETF沽7月4000,10000.0000,2025-07-23,1
{03767571-1572-4D62-9063-FC4383D557F0},10009452.SH,10009452,华泰柏瑞沪深300ETF期权2507认沽4.10,510300OP.SH,708002000,4.1000,202507,20250723,20250618,20250723,20250723,20250724,0.2114,0,510300P2507M04100,300ETF沽7月4100,10000.0000,2025-07-23,1
{8686ABF6-1899-40C8-8275-22FCAAB52B0A},10009453.SH,10009453,华泰柏瑞沪深300ETF期权2507认沽4.20,510300OP.SH,708002000,4.2000,202507,20250723,20250618,20250723,20250723,20250724,0.3042,0,510300P2507M04200,300ETF沽7月4200,10000.0000,2025-07-23,1
{FB337EEC-8902-4E43-AFD1-FBF8498F9FEF},10009454.SH,10009454,华泰柏瑞沪深300ETF期权2507认沽4.30,510300OP.SH,708002000,4.3000,202507,20250723,20250618,20250723,20250723,20250724,0.4018,0,510300P2507M04300,300ETF沽7月4300,10000.0000,2025-07-23,1
{BD085B2F-B3A3-46DE-83D8-EA07F230F81D},10009455.SH,10009455,华泰柏瑞沪深300ETF期权2509认购3.50,510300OP.SH,708001000,3.5000,202509,20250924,20250618,20250924,20250924,20250925,0.4290,0,510300C2509M03500,300ETF购9月3500,10000.0000,2025-09-24,1
{4FC3200B-9FFA-4F20-8CD9-13415A19AC57},10009456.SH,10009456,华泰柏瑞沪深300ETF期权2509认购3.60,510300OP.SH,708001000,3.6000,202509,20250924,20250618,20250924,20250924,20250925,0.3298,0,510300C2509M03600,300ETF购9月3600,10000.0000,2025-09-24,1
{D714AC28-B71C-460B-AAA8-6E38A226846E},10009457.SH,10009457,华泰柏瑞沪深300ETF期权2509认购3.70,510300OP.SH,708001000,3.7000,202509,20250924,20250618,20250924,20250924,20250925,0.2310,0,510300C2509M03700,300ETF购9月3700,10000.0000,2025-09-24,1
{EEC7E9F1-CE9B-4F08-A7E3-BFD8274F4959},10009458.SH,10009458,华泰柏瑞沪深300ETF期权2509认购3.80,510300OP.SH,708001000,3.8000,202509,20250924,20250618,20250924,20250924,20250925,0.1685,0,510300C2509M03800,300ETF购9月3800,10000.0000,2025-09-24,1
{F94F06E2-53BA-4EC6-AF20-6B8C98DD92E1},10009459.SH,10009459,华泰柏瑞沪深300ETF期权2509认购3.90,510300OP.SH,708001000,3.9000,202509,20250924,20250618,20250924,20250924,20250925,0.1156,0,510300C2509M03900,300ETF购9月3900,10000.0000,2025-09-24,1
{221D3BE6-6444-4FEF-BC5C-47A5CF94C8C2},10009460.SH,10009460,华泰柏瑞沪深300ETF期权2509认购4.00,510300OP.SH,708001000,4.0000,202509,20250924,20250618,20250924,20250924,20250925,0.0761,0,510300C2509M04000,300ETF购9月4000,10000.0000,2025-09-24,1
{5E301C1A-5368-42B3-8B7A-5F4B975DC6D0},10009461.SH,10009461,华泰柏瑞沪深300ETF期权2509认购4.10,510300OP.SH,708001000,4.1000,202509,20250924,20250618,20250924,20250924,20250925,0.0494,0,510300C2509M04100,300ETF购9月4100,10000.0000,2025-09-24,1
{6B0522D1-67BE-4A10-97D0-A097EB447F9F},10009462.SH,10009462,华泰柏瑞沪深300ETF期权2509认购4.20,510300OP.SH,708001000,4.2000,202509,20250924,20250618,20250924,20250924,20250925,0.0333,0,510300C2509M04200,300ETF购9月4200,10000.0000,2025-09-24,1
{CCDFC865-DBA2-4D59-B81C-F7366193D88A},10009463.SH,10009463,华泰柏瑞沪深300ETF期权2509认购4.30,510300OP.SH,708001000,4.3000,202509,20250924,20250618,20250924,20250924,20250925,0.0234,0,510300C2509M04300,300ETF购9月4300,10000.0000,2025-09-24,1
{B831ABF6-B557-4B1B-96E4-E021A0A1AFF3},10009464.SH,10009464,华泰柏瑞沪深300ETF期权2509认沽3.50,510300OP.SH,708002000,3.5000,202509,20250924,20250618,20250924,20250924,20250925,0.0235,0,510300P2509M03500,300ETF沽9月3500,10000.0000,2025-09-24,1
{D5B67024-27A5-4835-8B99-584D32F3C129},10009465.SH,10009465,华泰柏瑞沪深300ETF期权2509认沽3.60,510300OP.SH,708002000,3.6000,202509,20250924,20250618,20250924,20250924,20250925,0.0359,0,510300P2509M03600,300ETF沽9月3600,10000.0000,2025-09-24,1
{133555F3-AC78-4B4E-BF58-55DB1096B8B1},10009466.SH,10009466,华泰柏瑞沪深300ETF期权2509认沽3.70,510300OP.SH,708002000,3.7000,202509,20250924,20250618,20250924,20250924,20250925,0.0553,0,510300P2509M03700,300ETF沽9月3700,10000.0000,2025-09-24,1
{F5535E80-3436-425E-A29A-15A985B69739},10009467.SH,10009467,华泰柏瑞沪深300ETF期权2509认沽3.80,510300OP.SH,708002000,3.8000,202509,20250924,20250618,20250924,20250924,20250925,0.0849,0,510300P2509M03800,300ETF沽9月3800,10000.0000,2025-09-24,1
{253803C8-8392-4682-AE8C-ED8D5A560EE6},10009468.SH,10009468,华泰柏瑞沪深300ETF期权2509认沽3.90,510300OP.SH,708002000,3.9000,202509,20250924,20250618,20250924,20250924,20250925,0.1282,0,510300P2509M03900,300ETF沽9月3900,10000.0000,2025-09-24,1
{44E684CE-E604-4400-BD6C-A5A2DA9057D0},10009469.SH,10009469,华泰柏瑞沪深300ETF期权2509认沽4.00,510300OP.SH,708002000,4.0000,202509,20250924,20250618,20250924,20250924,20250925,0.1861,0,510300P2509M04000,300ETF沽9月4000,10000.0000,2025-09-24,1
{C758618D-FDB1-4DE9-BBB7-6D448DB9C7D3},10009470.SH,10009470,华泰柏瑞沪深300ETF期权2509认沽4.10,510300OP.SH,708002000,4.1000,202509,20250924,20250618,20250924,20250924,20250925,0.2570,0,510300P2509M04100,300ETF沽9月4100,10000.0000,2025-09-24,1
{E6834AC8-9D8D-44B6-BEC8-937BDBF9B998},10009471.SH,10009471,华泰柏瑞沪深300ETF期权2509认沽4.20,510300OP.SH,708002000,4.2000,202509,20250924,20250618,20250924,20250924,20250925,0.3381,0,510300P2509M04200,300ETF沽9月4200,10000.0000,2025-09-24,1
{D9D71C9A-85D5-409B-B084-57336C61B603},10009472.SH,10009472,华泰柏瑞沪深300ETF期权2509认沽4.30,510300OP.SH,708002000,4.3000,202509,20250924,20250618,20250924,20250924,20250925,0.4258,0,510300P2509M04300,300ETF沽9月4300,10000.0000,2025-09-24,1
{2D8FF2AF-29FA-4069-91B5-ED272A99575D},10009473.SH,10009473,华泰柏瑞沪深300ETF期权2512认购3.50,510300OP.SH,708001000,3.5000,202512,20251224,20250618,20251224,20251224,20251225,0.4546,0,510300C2512M03500,300ETF购12月3500,10000.0000,2025-12-24,1
{AB0A8F8E-1EE5-4574-A7D4-099CAF30AF42},10009474.SH,10009474,华泰柏瑞沪深300ETF期权2512认购3.60,510300OP.SH,708001000,3.6000,202512,20251224,20250618,20251224,20251224,20251225,0.3562,0,510300C2512M03600,300ETF购12月3600,10000.0000,2025-12-24,1
{C25F199E-D53C-4E18-AD6B-FE6D12EB1118},10009475.SH,10009475,华泰柏瑞沪深300ETF期权2512认购3.70,510300OP.SH,708001000,3.7000,202512,20251224,20250618,20251224,20251224,20251225,0.2640,0,510300C2512M03700,300ETF购12月3700,10000.0000,2025-12-24,1
{30FBA89D-A2CA-4B46-9E14-C976C167BE05},10009476.SH,10009476,华泰柏瑞沪深300ETF期权2512认购3.80,510300OP.SH,708001000,3.8000,202512,20251224,20250618,20251224,20251224,20251225,0.2073,0,510300C2512M03800,300ETF购12月3800,10000.0000,2025-12-24,1
{1809F37D-378E-460F-AF21-3B46C5823D06},10009477.SH,10009477,华泰柏瑞沪深300ETF期权2512认购3.90,510300OP.SH,708001000,3.9000,202512,20251224,20250618,20251224,20251224,20251225,0.1580,0,510300C2512M03900,300ETF购12月3900,10000.0000,2025-12-24,1
{19D18D88-ADDE-42A1-8BF5-74A1CFBC5FEB},10009478.SH,10009478,华泰柏瑞沪深300ETF期权2512认购4.00,510300OP.SH,708001000,4.0000,202512,20251224,20250618,20251224,20251224,20251225,0.1189,0,510300C2512M04000,300ETF购12月4000,10000.0000,2025-12-24,1
{99CFB10D-4E9D-4556-9E9D-9465DA62C298},10009479.SH,10009479,华泰柏瑞沪深300ETF期权2512认购4.10,510300OP.SH,708001000,4.1000,202512,20251224,20250618,20251224,20251224,20251225,0.0887,0,510300C2512M04100,300ETF购12月4100,10000.0000,2025-12-24,1
{5B409B66-D2BB-483D-A210-81BD95F1557F},10009480.SH,10009480,华泰柏瑞沪深300ETF期权2512认购4.20,510300OP.SH,708001000,4.2000,202512,20251224,20250618,20251224,20251224,20251225,0.0661,0,510300C2512M04200,300ETF购12月4200,10000.0000,2025-12-24,1
{809BE077-7240-48EA-AB73-51049C7BAB72},10009481.SH,10009481,华泰柏瑞沪深300ETF期权2512认购4.30,510300OP.SH,708001000,4.3000,202512,20251224,20250618,20251224,20251224,20251225,0.0505,0,510300C2512M04300,300ETF购12月4300,10000.0000,2025-12-24,1
{B58E94D5-FCA0-41A6-A54A-0B7B340BE5BB},10009482.SH,10009482,华泰柏瑞沪深300ETF期权2512认沽3.50,510300OP.SH,708002000,3.5000,202512,20251224,20250618,20251224,20251224,20251225,0.0555,0,510300P2512M03500,300ETF沽12月3500,10000.0000,2025-12-24,1
{AFC494A6-A0BA-4E4C-8E9E-857266B51468},10009483.SH,10009483,华泰柏瑞沪深300ETF期权2512认沽3.60,510300OP.SH,708002000,3.6000,202512,20251224,20250618,20251224,20251224,20251225,0.0769,0,510300P2512M03600,300ETF沽12月3600,10000.0000,2025-12-24,1
{29871DBB-A91B-4029-8C8C-0989B42A831B},10009484.SH,10009484,华泰柏瑞沪深300ETF期权2512认沽3.70,510300OP.SH,708002000,3.7000,202512,20251224,20250618,20251224,20251224,20251225,0.1042,0,510300P2512M03700,300ETF沽12月3700,10000.0000,2025-12-24,1
{CC36F01D-8964-4B76-B372-487059ED30A0},10009485.SH,10009485,华泰柏瑞沪深300ETF期权2512认沽3.80,510300OP.SH,708002000,3.8000,202512,20251224,20250618,20251224,20251224,20251225,0.1410,0,510300P2512M03800,300ETF沽12月3800,10000.0000,2025-12-24,1
{E516DF55-B4D9-4671-A4F7-DAC5738A412E},10009486.SH,10009486,华泰柏瑞沪深300ETF期权2512认沽3.90,510300OP.SH,708002000,3.9000,202512,20251224,20250618,20251224,20251224,20251225,0.1886,0,510300P2512M03900,300ETF沽12月3900,10000.0000,2025-12-24,1
{EB7FF7E5-AED0-4A6A-A240-FCE285B3E17D},10009487.SH,10009487,华泰柏瑞沪深300ETF期权2512认沽4.00,510300OP.SH,708002000,4.0000,202512,20251224,20250618,20251224,20251224,20251225,0.2459,0,510300P2512M04000,300ETF沽12月4000,10000.0000,2025-12-24,1
{1DF192A6-B153-47A8-8F0F-4760504D7AD4},10009488.SH,10009488,华泰柏瑞沪深300ETF期权2512认沽4.10,510300OP.SH,708002000,4.1000,202512,20251224,20250618,20251224,20251224,20251225,0.3115,0,510300P2512M04100,300ETF沽12月4100,10000.0000,2025-12-24,1
{D4E4642F-8417-4709-800E-A957B79B69CE},10009489.SH,10009489,华泰柏瑞沪深300ETF期权2512认沽4.20,510300OP.SH,708002000,4.2000,202512,20251224,20250618,20251224,20251224,20251225,0.3849,0,510300P2512M04200,300ETF沽12月4200,10000.0000,2025-12-24,1
{B36E4F24-211D-4E50-9CE0-820BA5C816C1},10009490.SH,10009490,华泰柏瑞沪深300ETF期权2512认沽4.30,510300OP.SH,708002000,4.3000,202512,20251224,20250618,20251224,20251224,20251225,0.4649,0,510300P2512M04300,300ETF沽12月4300,10000.0000,2025-12-24,1
{CCDA18AB-A598-4783-A19E-3484C955297C},10009491.SH,10009491,华夏上证50ETF期权2507认购3.00,510050OP.SH,708001000,3.0000,202507,20250723,20250625,20250723,20250723,20250724,0.0034,0,510050C2507M03000,50ETF购7月3000,10000.0000,2025-07-23,1
{619FCFDE-8F7C-4B1E-8B6C-387ECA8B11C6},10009492.SH,10009492,华夏上证50ETF期权2507认沽3.00,510050OP.SH,708002000,3.0000,202507,20250723,20250625,20250723,20250723,20250724,0.2086,0,510050P2507M03000,50ETF沽7月3000,10000.0000,2025-07-23,1
{7365C480-919F-4BE0-906C-4DE9A834E280},10009493.SH,10009493,华夏上证50ETF期权2507认购3.10,510050OP.SH,708001000,3.1000,202507,20250723,20250626,20250723,20250723,20250724,0.0042,0,510050C2507M03100,50ETF购7月3100,10000.0000,2025-07-23,1
{792B5958-5BBF-4E1A-9264-799C73AB4750},10009494.SH,10009494,华夏上证50ETF期权2507认沽3.10,510050OP.SH,708002000,3.1000,202507,20250723,20250626,20250723,20250723,20250724,0.2706,0,510050P2507M03100,50ETF沽7月3100,10000.0000,2025-07-23,1
{83FF0DAA-5CDE-4CDA-A641-12E45632F622},10009495.SH,10009495,华夏上证50ETF期权2509认购3.10,510050OP.SH,708001000,3.1000,202509,20250924,20250626,20250924,20250924,20250925,0.0227,0,510050C2509M03100,50ETF购9月3100,10000.0000,2025-09-24,1
{4BA6549F-BDD2-47EE-83C5-D065C110FA04},10009496.SH,10009496,华夏上证50ETF期权2509认沽3.10,510050OP.SH,708002000,3.1000,202509,20250924,20250626,20250924,20250924,20250925,0.2789,0,510050P2509M03100,50ETF沽9月3100,10000.0000,2025-09-24,1
{7595031E-F6E9-47C6-9093-9F1D0A0E5A19},10009497.SH,10009497,华夏上证50ETF期权2512认购3.02,510050OP.SH,708001000,3.0200,202512,20251224,20250626,20251224,20251224,20251225,0.0477,0,510050C2512A03100,50ETF购12月3020A,10265.0000,2025-12-24,1
{56B9EA5E-BAB0-4D0F-B55E-049E73A1B9FF},10009498.SH,10009498,华夏上证50ETF期权2512认沽3.02,510050OP.SH,708002000,3.0200,202512,20251224,20250626,20251224,20251224,20251225,0.2931,0,510050P2512A03100,50ETF沽12月3020A,10265.0000,2025-12-24,1
{3E36451B-F6A5-4462-9CC5-5836F683C97B},10009499.SH,10009499,华泰柏瑞沪深300ETF期权2507认购4.40,510300OP.SH,708001000,4.4000,202507,20250723,20250626,20250723,20250723,20250724,0.0074,0,510300C2507M04400,300ETF购7月4400,10000.0000,2025-07-23,1
{5BB28E35-22F5-4827-8197-F457B94A1B86},10009500.SH,10009500,华泰柏瑞沪深300ETF期权2507认沽4.40,510300OP.SH,708002000,4.4000,202507,20250723,20250626,20250723,20250723,20250724,0.4024,0,510300P2507M04400,300ETF沽7月4400,10000.0000,2025-07-23,1
{4D0D7FCC-5932-4A83-91A1-EF3DD7F3F371},10009501.SH,10009501,华泰柏瑞沪深300ETF期权2509认购4.40,510300OP.SH,708001000,4.4000,202509,20250924,20250626,20250924,20250924,20250925,0.0396,0,510300C2509M04400,300ETF购9月4400,10000.0000,2025-09-24,1
{F11C24CF-7320-45C6-AFDB-87FF7F80BC0A},10009502.SH,10009502,华泰柏瑞沪深300ETF期权2509认沽4.40,510300OP.SH,708002000,4.4000,202509,20250924,20250626,20250924,20250924,20250925,0.4223,0,510300P2509M04400,300ETF沽9月4400,10000.0000,2025-09-24,1
{2146590F-1248-4BD3-8102-A1D95955E4FE},10009503.SH,10009503,华泰柏瑞沪深300ETF期权2512认购4.40,510300OP.SH,708001000,4.4000,202512,20251224,20250626,20251224,20251224,20251225,0.0585,0,510300C2512M04400,300ETF购12月4400,10000.0000,2025-12-24,1
{1516347B-A862-4A5B-8B6D-E03BF73FE2F9},10009504.SH,10009504,华泰柏瑞沪深300ETF期权2512认沽4.40,510300OP.SH,708002000,4.4000,202512,20251224,20250626,20251224,20251224,20251225,0.4468,0,510300P2512M04400,300ETF沽12月4400,10000.0000,2025-12-24,1
{B8EFC98F-31CC-462A-8B32-A462E55E8CD6},10009505.SH,10009505,南方中证500ETF期权2507认购7.00,510500OP.SH,708001000,7.0000,202507,20250723,20250626,20250723,20250723,20250724,0.0068,0,510500C2507M07000,500ETF购7月7000,10000.0000,2025-07-23,1
{E4725DF7-FFFA-4A52-8C36-ADC456EE67C3},10009506.SH,10009506,南方中证500ETF期权2507认沽7.00,510500OP.SH,708002000,7.0000,202507,20250723,20250626,20250723,20250723,20250724,1.1021,0,510500P2507M07000,500ETF沽7月7000,10000.0000,2025-07-23,1
{2A4C6462-289B-4BF0-9B4F-AFFC7EDE84FF},10009507.SH,10009507,南方中证500ETF期权2512认购7.00,510500OP.SH,708001000,7.0000,202512,20251224,20250626,20251224,20251224,20251225,0.0324,0,510500C2512M07000,500ETF购12月7000,10000.0000,2025-12-24,1
{E572599B-C6AF-4E4C-8C8B-7E8E2F6E0773},10009508.SH,10009508,南方中证500ETF期权2512认沽7.00,510500OP.SH,708002000,7.0000,202512,20251224,20250626,20251224,20251224,20251225,1.2597,0,510500P2512M07000,500ETF沽12月7000,10000.0000,2025-12-24,1
{D426F8AB-9345-476F-8304-7BA7C6D76598},10009509.SH,10009509,华夏上证50ETF期权2508认购2.65,510050OP.SH,708001000,2.6500,202508,20250827,20250626,20250827,20250827,20250828,0.1956,0,510050C2508M02650,50ETF购8月2650,10000.0000,2025-08-27,1
{7C114BC9-5D25-4EE2-9DD6-DC63AEFC011B},10009510.SH,10009510,华夏上证50ETF期权2508认购2.70,510050OP.SH,708001000,2.7000,202508,20250827,20250626,20250827,20250827,20250828,0.1584,0,510050C2508M02700,50ETF购8月2700,10000.0000,2025-08-27,1
{8CFE1B02-523A-4626-BB4B-541FFB773A0D},10009511.SH,10009511,华夏上证50ETF期权2508认购2.75,510050OP.SH,708001000,2.7500,202508,20250827,20250626,20250827,20250827,20250828,0.1227,0,510050C2508M02750,50ETF购8月2750,10000.0000,2025-08-27,1
{391DEB73-BBC4-4A71-A87E-CB1F9DE61A10},10009512.SH,10009512,华夏上证50ETF期权2508认购2.80,510050OP.SH,708001000,2.8000,202508,20250827,20250626,20250827,20250827,20250828,0.0930,0,510050C2508M02800,50ETF购8月2800,10000.0000,2025-08-27,1
{150A132E-7079-4FD0-A4E4-3C9477FD0366},10009513.SH,10009513,华夏上证50ETF期权2508认购2.85,510050OP.SH,708001000,2.8500,202508,20250827,20250626,20250827,20250827,20250828,0.0691,0,510050C2508M02850,50ETF购8月2850,10000.0000,2025-08-27,1
{14A3BEFE-89DA-432D-A23B-031DF844EB2F},10009514.SH,10009514,华夏上证50ETF期权2508认购2.90,510050OP.SH,708001000,2.9000,202508,20250827,20250626,20250827,20250827,20250828,0.0531,0,510050C2508M02900,50ETF购8月2900,10000.0000,2025-08-27,1
{751E1AB5-C9A2-429D-8FBF-58C12AD18F42},10009515.SH,10009515,华夏上证50ETF期权2508认购2.95,510050OP.SH,708001000,2.9500,202508,20250827,20250626,20250827,20250827,20250828,0.0411,0,510050C2508M02950,50ETF购8月2950,10000.0000,2025-08-27,1
{0D5063C7-DE22-4859-A64B-DF9AFBDC1397},10009516.SH,10009516,华夏上证50ETF期权2508认购3.00,510050OP.SH,708001000,3.0000,202508,20250827,20250626,20250827,20250827,20250828,0.0339,0,510050C2508M03000,50ETF购8月3000,10000.0000,2025-08-27,1
{E93CA894-5B97-4E80-B699-2448504666FD},10009517.SH,10009517,华夏上证50ETF期权2508认购3.10,510050OP.SH,708001000,3.1000,202508,20250827,20250626,20250827,20250827,20250828,0.0160,0,510050C2508M03100,50ETF购8月3100,10000.0000,2025-08-27,1
{ED3EE6D6-A8B4-4544-82ED-547FBF3F47B3},10009518.SH,10009518,华夏上证50ETF期权2508认沽2.65,510050OP.SH,708002000,2.6500,202508,20250827,20250626,20250827,20250827,20250828,0.0161,0,510050P2508M02650,50ETF沽8月2650,10000.0000,2025-08-27,1
{13945339-2629-42B6-9575-F1E40E53C2CC},10009519.SH,10009519,华夏上证50ETF期权2508认沽2.70,510050OP.SH,708002000,2.7000,202508,20250827,20250626,20250827,20250827,20250828,0.0244,0,510050P2508M02700,50ETF沽8月2700,10000.0000,2025-08-27,1
{3469FF79-34E9-4857-AFB4-73C28F560007},10009520.SH,10009520,华夏上证50ETF期权2508认沽2.75,510050OP.SH,708002000,2.7500,202508,20250827,20250626,20250827,20250827,20250828,0.0373,0,510050P2508M02750,50ETF沽8月2750,10000.0000,2025-08-27,1
{F7AA33EF-1459-43A5-89CE-39EEDD43B428},10009521.SH,10009521,华夏上证50ETF期权2508认沽2.80,510050OP.SH,708002000,2.8000,202508,20250827,20250626,20250827,20250827,20250828,0.0557,0,510050P2508M02800,50ETF沽8月2800,10000.0000,2025-08-27,1
{A51AC087-DD3D-44C2-8BDA-1EB62DFDA090},10009522.SH,10009522,华夏上证50ETF期权2508认沽2.85,510050OP.SH,708002000,2.8500,202508,20250827,20250626,20250827,20250827,20250828,0.0814,0,510050P2508M02850,50ETF沽8月2850,10000.0000,2025-08-27,1
{AD9A94A9-C2B1-4206-99F4-084EAAFD2D10},10009523.SH,10009523,华夏上证50ETF期权2508认沽2.90,510050OP.SH,708002000,2.9000,202508,20250827,20250626,20250827,20250827,20250828,0.1174,0,510050P2508M02900,50ETF沽8月2900,10000.0000,2025-08-27,1
{0937B66C-BCEA-4742-90BC-524EBEF230F9},10009524.SH,10009524,华夏上证50ETF期权2508认沽2.95,510050OP.SH,708002000,2.9500,202508,20250827,20250626,20250827,20250827,20250828,0.1556,0,510050P2508M02950,50ETF沽8月2950,10000.0000,2025-08-27,1
{BAB35DD5-E98F-45E1-9F08-69D556C9F0E3},10009525.SH,10009525,华夏上证50ETF期权2508认沽3.00,510050OP.SH,708002000,3.0000,202508,20250827,20250626,20250827,20250827,20250828,0.2010,0,510050P2508M03000,50ETF沽8月3000,10000.0000,2025-08-27,1
{11CEDE3C-E738-4FFE-B4AD-202CAAE01126},10009526.SH,10009526,华夏上证50ETF期权2508认沽3.10,510050OP.SH,708002000,3.1000,202508,20250827,20250626,20250827,20250827,20250828,0.2789,0,510050P2508M03100,50ETF沽8月3100,10000.0000,2025-08-27,1
{CED861DA-590D-4749-B795-E84EF3E97CD8},10009527.SH,10009527,华泰柏瑞沪深300ETF期权2508认购3.60,510300OP.SH,708001000,3.6000,202508,20250827,20250626,20250827,20250827,20250828,0.4194,0,510300C2508M03600,300ETF购8月3600,10000.0000,2025-08-27,1
{31DB310E-EED8-4CDF-AB69-27C5F9806129},10009528.SH,10009528,华泰柏瑞沪深300ETF期权2508认购3.70,510300OP.SH,708001000,3.7000,202508,20250827,20250626,20250827,20250827,20250828,0.3199,0,510300C2508M03700,300ETF购8月3700,10000.0000,2025-08-27,1
{2630CE55-AC68-4A86-AF91-8BE2BFF7853A},10009529.SH,10009529,华泰柏瑞沪深300ETF期权2508认购3.80,510300OP.SH,708001000,3.8000,202508,20250827,20250626,20250827,20250827,20250828,0.2385,0,510300C2508M03800,300ETF购8月3800,10000.0000,2025-08-27,1
{8038C66C-1A95-4875-AB64-BA532D053D8C},10009530.SH,10009530,华泰柏瑞沪深300ETF期权2508认购3.90,510300OP.SH,708001000,3.9000,202508,20250827,20250626,20250827,20250827,20250828,0.1644,0,510300C2508M03900,300ETF购8月3900,10000.0000,2025-08-27,1
{1D98243C-17FE-4A7E-9647-18D94F6CE52B},10009531.SH,10009531,华泰柏瑞沪深300ETF期权2508认购4.00,510300OP.SH,708001000,4.0000,202508,20250827,20250626,20250827,20250827,20250828,0.1112,0,510300C2508M04000,300ETF购8月4000,10000.0000,2025-08-27,1
{8F2D7CEF-100F-42FF-A1B4-127818640854},10009532.SH,10009532,华泰柏瑞沪深300ETF期权2508认购4.10,510300OP.SH,708001000,4.1000,202508,20250827,20250626,20250827,20250827,20250828,0.0761,0,510300C2508M04100,300ETF购8月4100,10000.0000,2025-08-27,1
{1780619E-8A95-4C41-AC52-FC5B850AF33F},10009533.SH,10009533,华泰柏瑞沪深300ETF期权2508认购4.20,510300OP.SH,708001000,4.2000,202508,20250827,20250626,20250827,20250827,20250828,0.0552,0,510300C2508M04200,300ETF购8月4200,10000.0000,2025-08-27,1
{809F3C15-B830-47C7-8C34-A7AE54AE92BC},10009534.SH,10009534,华泰柏瑞沪深300ETF期权2508认购4.30,510300OP.SH,708001000,4.3000,202508,20250827,20250626,20250827,20250827,20250828,0.0431,0,510300C2508M04300,300ETF购8月4300,10000.0000,2025-08-27,1
{C1758796-9C47-43C3-84EA-32F46684D302},10009535.SH,10009535,华泰柏瑞沪深300ETF期权2508认购4.40,510300OP.SH,708001000,4.4000,202508,20250827,20250626,20250827,20250827,20250828,0.0277,0,510300C2508M04400,300ETF购8月4400,10000.0000,2025-08-27,1
{09D9FCD0-800A-4D28-9324-D803328CDCAE},10009536.SH,10009536,华泰柏瑞沪深300ETF期权2508认沽3.60,510300OP.SH,708002000,3.6000,202508,20250827,20250626,20250827,20250827,20250828,0.0134,0,510300P2508M03600,300ETF沽8月3600,10000.0000,2025-08-27,1
{B3F781BA-9B10-47B7-B6B5-E23560EE1B5F},10009537.SH,10009537,华泰柏瑞沪深300ETF期权2508认沽3.70,510300OP.SH,708002000,3.7000,202508,20250827,20250626,20250827,20250827,20250828,0.0205,0,510300P2508M03700,300ETF沽8月3700,10000.0000,2025-08-27,1
{ABFD9741-CF94-45F6-AA06-B17304D860D5},10009538.SH,10009538,华泰柏瑞沪深300ETF期权2508认沽3.80,510300OP.SH,708002000,3.8000,202508,20250827,20250626,20250827,20250827,20250828,0.0346,0,510300P2508M03800,300ETF沽8月3800,10000.0000,2025-08-27,1
{D7536F19-3B23-4069-98B3-851E1375D91B},10009539.SH,10009539,华泰柏瑞沪深300ETF期权2508认沽3.90,510300OP.SH,708002000,3.9000,202508,20250827,20250626,20250827,20250827,20250828,0.0614,0,510300P2508M03900,300ETF沽8月3900,10000.0000,2025-08-27,1
{435E8992-93ED-46C8-9FAE-94E33AE56BB6},10009540.SH,10009540,华泰柏瑞沪深300ETF期权2508认沽4.00,510300OP.SH,708002000,4.0000,202508,20250827,20250626,20250827,20250827,20250828,0.1065,0,510300P2508M04000,300ETF沽8月4000,10000.0000,2025-08-27,1
{23115A12-CA82-42F1-A561-AEE4A809AE98},10009541.SH,10009541,华泰柏瑞沪深300ETF期权2508认沽4.10,510300OP.SH,708002000,4.1000,202508,20250827,20250626,20250827,20250827,20250828,0.1723,0,510300P2508M04100,300ETF沽8月4100,10000.0000,2025-08-27,1
{75C35070-45D6-46F9-9EC1-86CA8C32BA19},10009542.SH,10009542,华泰柏瑞沪深300ETF期权2508认沽4.20,510300OP.SH,708002000,4.2000,202508,20250827,20250626,20250827,20250827,20250828,0.2511,0,510300P2508M04200,300ETF沽8月4200,10000.0000,2025-08-27,1
{243C385A-94A2-4B2C-A1FC-CF02847A3445},10009543.SH,10009543,华泰柏瑞沪深300ETF期权2508认沽4.30,510300OP.SH,708002000,4.3000,202508,20250827,20250626,20250827,20250827,20250828,0.3382,0,510300P2508M04300,300ETF沽8月4300,10000.0000,2025-08-27,1
{6E8FF319-2439-4FF4-A692-C9CABBE9EB5A},10009544.SH,10009544,华泰柏瑞沪深300ETF期权2508认沽4.40,510300OP.SH,708002000,4.4000,202508,20250827,20250626,20250827,20250827,20250828,0.4176,0,510300P2508M04400,300ETF沽8月4400,10000.0000,2025-08-27,1
{8A27CB01-92E9-4871-B289-FE680084ED99},10009545.SH,10009545,南方中证500ETF期权2508认购5.00,510500OP.SH,708001000,5.0000,202508,20250827,20250626,20250827,20250827,20250828,0.9130,0,510500C2508M05000,500ETF购8月5000,10000.0000,2025-08-27,1
{29D804E8-B50E-45B2-88BE-DFE7C7FB7BD4},10009546.SH,10009546,南方中证500ETF期权2508认购5.25,510500OP.SH,708001000,5.2500,202508,20250827,20250626,20250827,20250827,20250828,0.6630,0,510500C2508M05250,500ETF购8月5250,10000.0000,2025-08-27,1
{47B39D47-2F3B-41B2-BD97-8016D0DEC161},10009547.SH,10009547,南方中证500ETF期权2508认购5.50,510500OP.SH,708001000,5.5000,202508,20250827,20250626,20250827,20250827,20250828,0.4130,0,510500C2508M05500,500ETF购8月5500,10000.0000,2025-08-27,1
{D85BE054-49C3-488E-82D7-CD26041B5933},10009548.SH,10009548,南方中证500ETF期权2508认购5.75,510500OP.SH,708001000,5.7500,202508,20250827,20250626,20250827,20250827,20250828,0.2330,0,510500C2508M05750,500ETF购8月5750,10000.0000,2025-08-27,1
{2C698651-DAED-49FD-983A-57EBF1BD4674},10009549.SH,10009549,南方中证500ETF期权2508认购6.00,510500OP.SH,708001000,6.0000,202508,20250827,20250626,20250827,20250827,20250828,0.1270,0,510500C2508M06000,500ETF购8月6000,10000.0000,2025-08-27,1
{915F8F5A-DD59-44E4-8572-5A3A2AAFA531},10009550.SH,10009550,南方中证500ETF期权2508认购6.25,510500OP.SH,708001000,6.2500,202508,20250827,20250626,20250827,20250827,20250828,0.0746,0,510500C2508M06250,500ETF购8月6250,10000.0000,2025-08-27,1
{F4173778-5D4C-4C3B-A42A-9B443F13B651},10009551.SH,10009551,南方中证500ETF期权2508认购6.50,510500OP.SH,708001000,6.5000,202508,20250827,20250626,20250827,20250827,20250828,0.0514,0,510500C2508M06500,500ETF购8月6500,10000.0000,2025-08-27,1
{3EF33C1B-94F8-4282-A507-E8748BB42F0F},10009552.SH,10009552,南方中证500ETF期权2508认购6.75,510500OP.SH,708001000,6.7500,202508,20250827,20250626,20250827,20250827,20250828,0.0350,0,510500C2508M06750,500ETF购8月6750,10000.0000,2025-08-27,1
{6E3213EC-6BAA-4848-8F60-E93E94DB886D},10009553.SH,10009553,南方中证500ETF期权2508认购7.00,510500OP.SH,708001000,7.0000,202508,20250827,20250626,20250827,20250827,20250828,0.0244,0,510500C2508M07000,500ETF购8月7000,10000.0000,2025-08-27,1
{78B34024-D031-4F54-ADC9-45E2C4B96B3D},10009554.SH,10009554,南方中证500ETF期权2508认沽5.00,510500OP.SH,708002000,5.0000,202508,20250827,20250626,20250827,20250827,20250828,0.0195,0,510500P2508M05000,500ETF沽8月5000,10000.0000,2025-08-27,1
{E6748AE3-97D8-4AD7-8439-EE585EF48413},10009555.SH,10009555,南方中证500ETF期权2508认沽5.25,510500OP.SH,708002000,5.2500,202508,20250827,20250626,20250827,20250827,20250828,0.0307,0,510500P2508M05250,500ETF沽8月5250,10000.0000,2025-08-27,1
{E1CAA084-78C2-4547-BE31-F723F2C061FE},10009556.SH,10009556,南方中证500ETF期权2508认沽5.50,510500OP.SH,708002000,5.5000,202508,20250827,20250626,20250827,20250827,20250828,0.0612,0,510500P2508M05500,500ETF沽8月5500,10000.0000,2025-08-27,1
{39BC00CB-5D24-46A3-BD10-3E3EC1885406},10009557.SH,10009557,南方中证500ETF期权2508认沽5.75,510500OP.SH,708002000,5.7500,202508,20250827,20250626,20250827,20250827,20250828,0.1332,0,510500P2508M05750,500ETF沽8月5750,10000.0000,2025-08-27,1
{FF6F790A-A664-4168-A7AA-3BD8066D58AB},10009558.SH,10009558,南方中证500ETF期权2508认沽6.00,510500OP.SH,708002000,6.0000,202508,20250827,20250626,20250827,20250827,20250828,0.2719,0,510500P2508M06000,500ETF沽8月6000,10000.0000,2025-08-27,1
{02701CED-6A69-456E-9C2C-2D52D8D32D76},10009559.SH,10009559,南方中证500ETF期权2508认沽6.25,510500OP.SH,708002000,6.2500,202508,20250827,20250626,20250827,20250827,20250828,0.4742,0,510500P2508M06250,500ETF沽8月6250,10000.0000,2025-08-27,1
{DB1C726D-69C3-4416-B669-CF35786D94AB},10009560.SH,10009560,南方中证500ETF期权2508认沽6.50,510500OP.SH,708002000,6.5000,202508,20250827,20250626,20250827,20250827,20250828,0.7026,0,510500P2508M06500,500ETF沽8月6500,10000.0000,2025-08-27,1
{4B1DD21C-2CF7-4322-BD73-585D8E194413},10009561.SH,10009561,南方中证500ETF期权2508认沽6.75,510500OP.SH,708002000,6.7500,202508,20250827,20250626,20250827,20250827,20250828,0.9437,0,510500P2508M06750,500ETF沽8月6750,10000.0000,2025-08-27,1
{4F3CC5D0-419D-45FC-AE40-A50E826466F8},10009562.SH,10009562,南方中证500ETF期权2508认沽7.00,510500OP.SH,708002000,7.0000,202508,20250827,20250626,20250827,20250827,20250828,1.1665,0,510500P2508M07000,500ETF沽8月7000,10000.0000,2025-08-27,1
{9EE329C0-4808-4EFB-88F4-CA857476C4EE},10009563.SH,10009563,华夏上证科创板50ETF期权2508认购0.85,588000OP.SH,708001000,0.8500,202508,20250827,20250626,20250827,20250827,20250828,0.1980,0,588000C2508M00850,科创50购8月850,10000.0000,2025-08-27,1
{4FABDE46-51E4-494A-B07D-0870CA01C786},10009564.SH,10009564,华夏上证科创板50ETF期权2508认购0.90,588000OP.SH,708001000,0.9000,202508,20250827,20250626,20250827,20250827,20250828,0.1480,0,588000C2508M00900,科创50购8月900,10000.0000,2025-08-27,1
{6E1C6304-FA65-476A-8F86-52333733EF53},10009565.SH,10009565,华夏上证科创板50ETF期权2508认购0.95,588000OP.SH,708001000,0.9500,202508,20250827,20250626,20250827,20250827,20250828,0.1019,0,588000C2508M00950,科创50购8月950,10000.0000,2025-08-27,1
{14FF4E4B-4DF0-4E77-BB91-070103086702},10009566.SH,10009566,华夏上证科创板50ETF期权2508认购1.00,588000OP.SH,708001000,1.0000,202508,20250827,20250626,20250827,20250827,20250828,0.0626,0,588000C2508M01000,科创50购8月1000,10000.0000,2025-08-27,1
{7AB74973-8A7E-4756-AAFC-305F98A9107A},10009567.SH,10009567,华夏上证科创板50ETF期权2508认购1.05,588000OP.SH,708001000,1.0500,202508,20250827,20250626,20250827,20250827,20250828,0.0381,0,588000C2508M01050,科创50购8月1050,10000.0000,2025-08-27,1
{D610D584-6D23-4752-B24B-A1E48F7DC1A6},10009568.SH,10009568,华夏上证科创板50ETF期权2508认购1.10,588000OP.SH,708001000,1.1000,202508,20250827,20250626,20250827,20250827,20250828,0.0259,0,588000C2508M01100,科创50购8月1100,10000.0000,2025-08-27,1
{2DBF714B-EC0F-4DDC-BD6D-8B610E305A24},10009569.SH,10009569,华夏上证科创板50ETF期权2508认购1.15,588000OP.SH,708001000,1.1500,202508,20250827,20250626,20250827,20250827,20250828,0.0193,0,588000C2508M01150,科创50购8月1150,10000.0000,2025-08-27,1
{5EBD8166-A91A-4980-87F2-A97906C827AC},10009570.SH,10009570,华夏上证科创板50ETF期权2508认购1.20,588000OP.SH,708001000,1.2000,202508,20250827,20250626,20250827,20250827,20250828,0.0151,0,588000C2508M01200,科创50购8月1200,10000.0000,2025-08-27,1
{415240B3-3C89-4734-A79A-B4F6A331EE3B},10009571.SH,10009571,华夏上证科创板50ETF期权2508认购1.25,588000OP.SH,708001000,1.2500,202508,20250827,20250626,20250827,20250827,20250828,0.0127,0,588000C2508M01250,科创50购8月1250,10000.0000,2025-08-27,1
{5981DA54-F98F-4854-A3CB-68E0951F6A02},10009572.SH,10009572,华夏上证科创板50ETF期权2508认沽0.85,588000OP.SH,708002000,0.8500,202508,20250827,20250626,20250827,20250827,20250828,0.0042,0,588000P2508M00850,科创50沽8月850,10000.0000,2025-08-27,1
{766F64E1-B63A-43DE-BB7A-3A4647C55885},10009573.SH,10009573,华夏上证科创板50ETF期权2508认沽0.90,588000OP.SH,708002000,0.9000,202508,20250827,20250626,20250827,20250827,20250828,0.0060,0,588000P2508M00900,科创50沽8月900,10000.0000,2025-08-27,1
{9726321A-FA2A-4045-8BA4-61BACF2230EE},10009574.SH,10009574,华夏上证科创板50ETF期权2508认沽0.95,588000OP.SH,708002000,0.9500,202508,20250827,20250626,20250827,20250827,20250828,0.0111,0,588000P2508M00950,科创50沽8月950,10000.0000,2025-08-27,1
{9C60331E-FFBF-4394-B13A-EBC01B5AFD54},10009575.SH,10009575,华夏上证科创板50ETF期权2508认沽1.00,588000OP.SH,708002000,1.0000,202508,20250827,20250626,20250827,20250827,20250828,0.0229,0,588000P2508M01000,科创50沽8月1000,10000.0000,2025-08-27,1
{E69E5589-7C11-430E-A860-02D335D1FF2A},10009576.SH,10009576,华夏上证科创板50ETF期权2508认沽1.05,588000OP.SH,708002000,1.0500,202508,20250827,20250626,20250827,20250827,20250828,0.0482,0,588000P2508M01050,科创50沽8月1050,10000.0000,2025-08-27,1
{74F92092-C9C9-40C9-9D06-E41BF98BE376},10009577.SH,10009577,华夏上证科创板50ETF期权2508认沽1.10,588000OP.SH,708002000,1.1000,202508,20250827,20250626,20250827,20250827,20250828,0.0860,0,588000P2508M01100,科创50沽8月1100,10000.0000,2025-08-27,1
{516DF54F-68AD-47B0-8427-C427B255CCDD},10009578.SH,10009578,华夏上证科创板50ETF期权2508认沽1.15,588000OP.SH,708002000,1.1500,202508,20250827,20250626,20250827,20250827,20250828,0.1297,0,588000P2508M01150,科创50沽8月1150,10000.0000,2025-08-27,1
{54A60763-1F90-48CE-84B5-887FD7BCF9D3},10009579.SH,10009579,华夏上证科创板50ETF期权2508认沽1.20,588000OP.SH,708002000,1.2000,202508,20250827,20250626,20250827,20250827,20250828,0.1749,0,588000P2508M01200,科创50沽8月1200,10000.0000,2025-08-27,1
{A17D70D9-2248-49E3-87E5-B8E4C11B5D05},10009580.SH,10009580,华夏上证科创板50ETF期权2508认沽1.25,588000OP.SH,708002000,1.2500,202508,20250827,20250626,20250827,20250827,20250828,0.2222,0,588000P2508M01250,科创50沽8月1250,10000.0000,2025-08-27,1
{70DACC89-4869-4284-A36F-3D2725607A97},10009581.SH,10009581,易方达上证科创板50ETF期权2508认购0.80,588080OP.SH,708001000,0.8000,202508,20250827,20250626,20250827,20250827,20250828,0.2220,0,588080C2508M00800,科创板50购8月800,10000.0000,2025-08-27,1
{CF65C98B-CB3F-4EAE-84EC-356BB4A57297},10009582.SH,10009582,易方达上证科创板50ETF期权2508认购0.85,588080OP.SH,708001000,0.8500,202508,20250827,20250626,20250827,20250827,20250828,0.1720,0,588080C2508M00850,科创板50购8月850,10000.0000,2025-08-27,1
{B20E4881-5264-4661-8C60-D5AEEFD1D913},10009583.SH,10009583,易方达上证科创板50ETF期权2508认购0.90,588080OP.SH,708001000,0.9000,202508,20250827,20250626,20250827,20250827,20250828,0.1220,0,588080C2508M00900,科创板50购8月900,10000.0000,2025-08-27,1
{027A02C0-878E-443B-933B-64576F93F619},10009584.SH,10009584,易方达上证科创板50ETF期权2508认购0.95,588080OP.SH,708001000,0.9500,202508,20250827,20250626,20250827,20250827,20250828,0.0769,0,588080C2508M00950,科创板50购8月950,10000.0000,2025-08-27,1
{3D5B95F3-0297-4ED2-A509-D4E7DD0EA0D8},10009585.SH,10009585,易方达上证科创板50ETF期权2508认购1.00,588080OP.SH,708001000,1.0000,202508,20250827,20250626,20250827,20250827,20250828,0.0464,0,588080C2508M01000,科创板50购8月1000,10000.0000,2025-08-27,1
{2789ACCC-90B0-40DD-AD01-E0FDAE248EBA},10009586.SH,10009586,易方达上证科创板50ETF期权2508认购1.05,588080OP.SH,708001000,1.0500,202508,20250827,20250626,20250827,20250827,20250828,0.0277,0,588080C2508M01050,科创板50购8月1050,10000.0000,2025-08-27,1
{95F95A8D-2D9B-43FE-9772-D623B80C96B7},10009587.SH,10009587,易方达上证科创板50ETF期权2508认购1.10,588080OP.SH,708001000,1.1000,202508,20250827,20250626,20250827,20250827,20250828,0.0200,0,588080C2508M01100,科创板50购8月1100,10000.0000,2025-08-27,1
{B0D7C754-0680-457C-A826-6BBAF6584A6B},10009588.SH,10009588,易方达上证科创板50ETF期权2508认购1.15,588080OP.SH,708001000,1.1500,202508,20250827,20250626,20250827,20250827,20250828,0.0157,0,588080C2508M01150,科创板50购8月1150,10000.0000,2025-08-27,1
{1135244D-8FD3-4D13-BEEA-15F25BD71732},10009589.SH,10009589,易方达上证科创板50ETF期权2508认购1.20,588080OP.SH,708001000,1.2000,202508,20250827,20250626,20250827,20250827,20250828,0.0131,0,588080C2508M01200,科创板50购8月1200,10000.0000,2025-08-27,1
{49E68622-E3F3-4160-BDCA-4F57FD030C27},10009590.SH,10009590,易方达上证科创板50ETF期权2508认沽0.80,588080OP.SH,708002000,0.8000,202508,20250827,20250626,20250827,20250827,20250828,0.0033,0,588080P2508M00800,科创板50沽8月800,10000.0000,2025-08-27,1
{CBD183AE-72F6-4CA7-B0FF-CF3663627D88},10009591.SH,10009591,易方达上证科创板50ETF期权2508认沽0.85,588080OP.SH,708002000,0.8500,202508,20250827,20250626,20250827,20250827,20250828,0.0048,0,588080P2508M00850,科创板50沽8月850,10000.0000,2025-08-27,1
{50B9374B-9FBA-432E-93AF-C724C228A6EE},10009592.SH,10009592,易方达上证科创板50ETF期权2508认沽0.90,588080OP.SH,708002000,0.9000,202508,20250827,20250626,20250827,20250827,20250828,0.0078,0,588080P2508M00900,科创板50沽8月900,10000.0000,2025-08-27,1
{99DE077D-48E6-4759-8DB8-8F0F37240427},10009593.SH,10009593,易方达上证科创板50ETF期权2508认沽0.95,588080OP.SH,708002000,0.9500,202508,20250827,20250626,20250827,20250827,20250828,0.0159,0,588080P2508M00950,科创板50沽8月950,10000.0000,2025-08-27,1
{AF9B0F1F-37ED-4574-96DB-8C96BAD397CF},10009594.SH,10009594,易方达上证科创板50ETF期权2508认沽1.00,588080OP.SH,708002000,1.0000,202508,20250827,20250626,20250827,20250827,20250828,0.0333,0,588080P2508M01000,科创板50沽8月1000,10000.0000,2025-08-27,1
{0DF245D2-0AA3-499D-AE47-D535DBC97AA4},10009595.SH,10009595,易方达上证科创板50ETF期权2508认沽1.05,588080OP.SH,708002000,1.0500,202508,20250827,20250626,20250827,20250827,20250828,0.0663,0,588080P2508M01050,科创板50沽8月1050,10000.0000,2025-08-27,1
{6E67C341-3271-4417-B0A2-9BAE58014F3B},10009596.SH,10009596,易方达上证科创板50ETF期权2508认沽1.10,588080OP.SH,708002000,1.1000,202508,20250827,20250626,20250827,20250827,20250828,0.1079,0,588080P2508M01100,科创板50沽8月1100,10000.0000,2025-08-27,1
{427D2893-4135-498A-AB5B-DC929C09425B},10009597.SH,10009597,易方达上证科创板50ETF期权2508认沽1.15,588080OP.SH,708002000,1.1500,202508,20250827,20250626,20250827,20250827,20250828,0.1536,0,588080P2508M01150,科创板50沽8月1150,10000.0000,2025-08-27,1
{7A5B3F04-B806-4CB1-BD3C-314B18B02B7C},10009598.SH,10009598,易方达上证科创板50ETF期权2508认沽1.20,588080OP.SH,708002000,1.2000,202508,20250827,20250626,20250827,20250827,20250828,0.2006,0,588080P2508M01200,科创板50沽8月1200,10000.0000,2025-08-27,1
{7C624E60-53B4-11F0-A003-D45D64F1DC8F},10009599.SH,10009599,华夏上证50ETF期权2508认购2.60,510050OP.SH,708001000,2.6000,202508,20250827,20250630,20250827,20250827,20250828,0.2105,0,510050C2508M02600,50ETF购8月2600,10000.0000,2025-08-27,1
{7C624E61-53B4-11F0-A003-D45D64F1DC8F},10009600.SH,10009600,华夏上证50ETF期权2508认沽2.60,510050OP.SH,708002000,2.6000,202508,20250827,20250630,20250827,20250827,20250828,0.0071,0,510050P2508M02600,50ETF沽8月2600,10000.0000,2025-08-27,1
{DDCED798-6DE9-4DC7-BF1E-AE5B66E3F2B7},10009601.SH,10009601,易方达上证科创板50ETF期权2508认购1.25,588080OP.SH,708001000,1.2500,202508,20250827,20250701,20250827,20250827,20250828,0.0031,0,588080C2508M01250,科创板50购8月1250,10000.0000,2025-08-27,1
{B8233024-4CDF-44A6-92E7-A3EAD2EB5E29},10009602.SH,10009602,易方达上证科创板50ETF期权2508认沽1.25,588080OP.SH,708002000,1.2500,202508,20250827,20250701,20250827,20250827,20250828,0.2264,0,588080P2508M01250,科创板50沽8月1250,10000.0000,2025-08-27,1
{37F9A48C-BAAD-42C4-9E94-1688BE3F83E9},10009603.SH,10009603,华泰柏瑞沪深300ETF期权2507认购4.50,510300OP.SH,708001000,4.5000,202507,20250723,20250711,20250723,20250723,20250724,0.0008,0,510300C2507M04500,300ETF购7月4500,10000.0000,2025-07-23,1
{FBDF119E-E042-4B06-B876-F3BEFB691776},10009604.SH,10009604,华泰柏瑞沪深300ETF期权2507认沽4.50,510300OP.SH,708002000,4.5000,202507,20250723,20250711,20250723,20250723,20250724,0.4350,0,510300P2507M04500,300ETF沽7月4500,10000.0000,2025-07-23,1
{60FCF604-092C-4EA2-A3D5-04576FF4E106},10009605.SH,10009605,华泰柏瑞沪深300ETF期权2508认购4.50,510300OP.SH,708001000,4.5000,202508,20250827,20250711,20250827,20250827,20250828,0.0085,0,510300C2508M04500,300ETF购8月4500,10000.0000,2025-08-27,1
{11136C1C-D52C-4D91-A826-2039615681E8},10009606.SH,10009606,华泰柏瑞沪深300ETF期权2508认沽4.50,510300OP.SH,708002000,4.5000,202508,20250827,20250711,20250827,20250827,20250828,0.4363,0,510300P2508M04500,300ETF沽8月4500,10000.0000,2025-08-27,1
{89C241DE-2D1B-43D8-836A-8B9E6C54698A},10009607.SH,10009607,华泰柏瑞沪深300ETF期权2509认购4.50,510300OP.SH,708001000,4.5000,202509,20250924,20250711,20250924,20250924,20250925,0.0189,0,510300C2509M04500,300ETF购9月4500,10000.0000,2025-09-24,1
{86ED4AFD-31AD-4C6D-B65D-07B12756D6D6},10009608.SH,10009608,华泰柏瑞沪深300ETF期权2509认沽4.50,510300OP.SH,708002000,4.5000,202509,20250924,20250711,20250924,20250924,20250925,0.4477,0,510300P2509M04500,300ETF沽9月4500,10000.0000,2025-09-24,1
{931C3BD8-0958-4719-8C52-4BB2C9A61372},10009609.SH,10009609,华泰柏瑞沪深300ETF期权2512认购4.50,510300OP.SH,708001000,4.5000,202512,20251224,20250711,20251224,20251224,20251225,0.0491,0,510300C2512M04500,300ETF购12月4500,10000.0000,2025-12-24,1
{FC207D29-4519-492D-A7FB-2C4C71F00DD3},10009610.SH,10009610,华泰柏瑞沪深300ETF期权2512认沽4.50,510300OP.SH,708002000,4.5000,202512,20251224,20250711,20251224,20251224,20251225,0.4858,0,510300P2512M04500,300ETF沽12月4500,10000.0000,2025-12-24,1
{09CF04EB-44B9-46C0-BB57-D62B72932969},10008818.SH,10008818,华泰柏瑞沪深300ETF期权2509认购4.107,510300OP.SH,708001000,4.1070,202509,20250924,20250123,20250924,20250924,20250925,0.1715,0,510300C2509A04200,300ETF购9月4107A,10226.0000,2025-09-24,1
{184C02A7-9B45-46C5-BD66-4D65A553F17D},10008865.SH,10008865,易方达上证科创板50ETF期权2509认购0.80,588080OP.SH,708001000,0.8000,202509,20250924,20250123,20250924,20250924,20250925,0.2158,0,588080C2509M00800,科创板50购9月800,10000.0000,2025-09-24,1
{2944C863-D30B-48BC-8A4A-4C8095AA30FE},10009230.SH,10009230,华夏上证50ETF期权2512认沽2.63,510050OP.SH,708002000,2.6300,202512,20251224,20250424,20251224,20251224,20251225,0.1242,0,510050P2512A02700,50ETF沽12月2630A,10265.0000,2025-12-24,1
{45BD59D7-A63B-4B28-87E6-89AB31119DEB},10009291.SH,10009291,易方达上证科创板50ETF期权2512认购0.941,588080OP.SH,708001000,0.9410,202512,20251224,20250424,20251224,20251224,20251225,0.1194,0,588080C2512A00950,科创板50购12月941A,10097.0000,2025-12-24,1
{326703D9-5644-41C2-A66E-066EDEDB9CB5},10009365.SH,10009365,南方中证500ETF期权2507认购6.25,510500OP.SH,708001000,6.2500,202507,20250723,20250529,20250723,20250723,20250724,0.0196,0,510500C2507M06250,500ETF购7月6250,10000.0000,2025-07-23,1
{016C7BF5-5967-4D55-961E-E2BC7FBABE59},10009385.SH,10009385,华夏上证科创板50ETF期权2507认购1.20,588000OP.SH,708001000,1.2000,202507,20250723,20250529,20250723,20250723,20250724,0.0069,0,588000C2507M01200,科创50购7月1200,10000.0000,2025-07-23,1
{26B434A4-6A7D-4D9A-8503-DD7942DDF6CC},10009391.SH,10009391,华夏上证科创板50ETF期权2507认沽1.05,588000OP.SH,708002000,1.0500,202507,20250723,20250529,20250723,20250723,20250724,0.0582,0,588000P2507M01050,科创50沽7月1050,10000.0000,2025-07-23,1
{E440584F-58C8-40E2-9C54-A8AE40527515},10009394.SH,10009394,华夏上证科创板50ETF期权2507认沽1.20,588000OP.SH,708002000,1.2000,202507,20250723,20250529,20250723,20250723,20250724,0.1927,0,588000P2507M01200,科创50沽7月1200,10000.0000,2025-07-23,1
